  [1m[36mActiveRecord::SchemaMigration Load (0.6ms)[0m  [1m[34mSELECT "schema_migrations"."version" FROM "schema_migrations" ORDER BY "schema_migrations"."version" ASC /*application='Web'*/[0m
  [1m[36mActiveRecord::SchemaMigration Load (0.6ms)[0m  [1m[34mSELECT "schema_migrations"."version" FROM "schema_migrations" ORDER BY "schema_migrations"."version" ASC /*application='Web'*/[0m
Started GET "/1/notes" for ::1 at 2025-03-13 21:25:45 +0000
  [1m[36mActiveRecord::SchemaMigration Load (0.4ms)[0m  [1m[34mSELECT "schema_migrations"."version" FROM "schema_migrations" ORDER BY "schema_migrations"."version" ASC /*application='Web'*/[0m
Processing by NotesController#index as HTML
  Parameters: {"user_id" => "1"}
  [1m[36mSession Load (0.1ms)[0m  [1m[34mSELECT "sessions".* FROM "sessions" WHERE "sessions"."id" = 1 LIMIT 1 /*action='index',application='Web',controller='notes'*/[0m
  ↳ app/controllers/application_controller.rb:15:in 'ApplicationController#authenticate'
  [1m[36mUser Load (0.5ms)[0m  [1m[34mSELECT "users".* FROM "users" WHERE "users"."id" = 1 LIMIT 1 /*action='index',application='Web',controller='notes'*/[0m
  ↳ app/controllers/application_controller.rb:17:in 'ApplicationController#authenticate'
Error checking database connection: undefined local variable or method 'connection_config' for class Note
  [1m[36mNote Count (0.2ms)[0m  [1m[34mSELECT COUNT(*) FROM "notes" /*action='index',application='Web',controller='notes'*/[0m
  ↳ app/controllers/notes_controller.rb:7:in 'NotesController#index'
  Rendering layout layouts/application.html.erb
  Rendering notes/index.html.erb within layouts/application
  [1m[36mNote Load (0.7ms)[0m  [1m[34mSELECT "notes".* FROM "notes" ORDER BY "notes"."created_at" DESC LIMIT 20 OFFSET 0 /*action='index',application='Web',controller='notes'*/[0m
  ↳ app/views/notes/index.html.erb:10
  Rendered notes/index.html.erb within layouts/application (Duration: 25.4ms | GC: 0.0ms)
  Rendered shared/_header.html.erb (Duration: 2.0ms | GC: 0.0ms)
  Rendered layout layouts/application.html.erb (Duration: 41.2ms | GC: 0.0ms)
Completed 200 OK in 279ms (Views: 43.7ms | ActiveRecord: 6.2ms (4 queries, 0 cached) | GC: 14.3ms)


Started GET "/hotwire-spark" for ::1 at 2025-03-13 21:25:45 +0000
Started GET "/hotwire-spark" [WebSocket] for ::1 at 2025-03-13 21:25:45 +0000
Successfully upgraded to WebSocket (REQUEST_METHOD: GET, HTTP_CONNECTION: Upgrade, HTTP_UPGRADE: websocket)
Hotwire::Spark::Channel is transmitting the subscription confirmation
Hotwire::Spark::Channel is streaming from hotwire_spark
[ActionCable] Broadcasting to hotwire_spark: {action: :reload_html, path: "/application_helper.rb"}
Hotwire::Spark::Channel transmitting {"action" => "reload_html", "path" => "/application_helper.rb"} (via streamed from hotwire_spark)
Started GET "/1/notes?hotwire_spark=true&reload=1741901338420" for ::1 at 2025-03-13 21:28:58 +0000
Processing by NotesController#index as HTML
  Parameters: {"hotwire_spark" => "true", "reload" => "1741901338420", "user_id" => "1"}
  [1m[36mSession Load (0.1ms)[0m  [1m[34mSELECT "sessions".* FROM "sessions" WHERE "sessions"."id" = 1 LIMIT 1 /*action='index',application='Web',controller='notes'*/[0m
  ↳ app/controllers/application_controller.rb:15:in 'ApplicationController#authenticate'
  [1m[36mUser Load (0.4ms)[0m  [1m[34mSELECT "users".* FROM "users" WHERE "users"."id" = 1 LIMIT 1 /*action='index',application='Web',controller='notes'*/[0m
  ↳ app/controllers/application_controller.rb:17:in 'ApplicationController#authenticate'
Error checking database connection: undefined local variable or method 'connection_config' for class Note
  [1m[36mNote Count (0.0ms)[0m  [1m[34mSELECT COUNT(*) FROM "notes" /*action='index',application='Web',controller='notes'*/[0m
  ↳ app/controllers/notes_controller.rb:7:in 'NotesController#index'
  Rendering layout layouts/application.html.erb
  Rendering notes/index.html.erb within layouts/application
  [1m[36mNote Load (0.1ms)[0m  [1m[34mSELECT "notes".* FROM "notes" ORDER BY "notes"."created_at" DESC LIMIT 20 OFFSET 0 /*action='index',application='Web',controller='notes'*/[0m
  ↳ app/views/notes/index.html.erb:10
  Rendered notes/index.html.erb within layouts/application (Duration: 19.9ms | GC: 0.0ms)
  Rendered shared/_header.html.erb (Duration: 2.6ms | GC: 0.0ms)
  Rendered layout layouts/application.html.erb (Duration: 28.3ms | GC: 0.0ms)
Completed 200 OK in 127ms (Views: 29.5ms | ActiveRecord: 7.9ms (4 queries, 0 cached) | GC: 0.0ms)


Started GET "/1/notes" for ::1 at 2025-03-13 21:29:46 +0000
Processing by NotesController#index as HTML
  Parameters: {"user_id" => "1"}
  [1m[36mSession Load (0.4ms)[0m  [1m[34mSELECT "sessions".* FROM "sessions" WHERE "sessions"."id" = 1 LIMIT 1 /*action='index',application='Web',controller='notes'*/[0m
  ↳ app/controllers/application_controller.rb:15:in 'ApplicationController#authenticate'
  [1m[36mUser Load (0.0ms)[0m  [1m[34mSELECT "users".* FROM "users" WHERE "users"."id" = 1 LIMIT 1 /*action='index',application='Web',controller='notes'*/[0m
  ↳ app/controllers/application_controller.rb:17:in 'ApplicationController#authenticate'
Error checking database connection: undefined local variable or method 'connection_config' for class Note
  [1m[36mNote Count (0.0ms)[0m  [1m[34mSELECT COUNT(*) FROM "notes" /*action='index',application='Web',controller='notes'*/[0m
  ↳ app/controllers/notes_controller.rb:7:in 'NotesController#index'
  Rendering layout layouts/application.html.erb
  Rendering notes/index.html.erb within layouts/application
  [1m[36mNote Load (0.1ms)[0m  [1m[34mSELECT "notes".* FROM "notes" ORDER BY "notes"."created_at" DESC LIMIT 20 OFFSET 0 /*action='index',application='Web',controller='notes'*/[0m
  ↳ app/views/notes/index.html.erb:10
  Rendered notes/index.html.erb within layouts/application (Duration: 7.4ms | GC: 0.5ms)
  Rendered shared/_header.html.erb (Duration: 0.3ms | GC: 0.0ms)
  Rendered layout layouts/application.html.erb (Duration: 8.9ms | GC: 0.5ms)
Completed 200 OK in 51ms (Views: 9.0ms | ActiveRecord: 0.8ms (4 queries, 0 cached) | GC: 0.5ms)


Finished "/hotwire-spark" [WebSocket] for ::1 at 2025-03-13 21:29:47 +0000
Hotwire::Spark::Channel stopped streaming from hotwire_spark
Started GET "/hotwire-spark" for ::1 at 2025-03-13 21:29:47 +0000
Started GET "/hotwire-spark" [WebSocket] for ::1 at 2025-03-13 21:29:47 +0000
Successfully upgraded to WebSocket (REQUEST_METHOD: GET, HTTP_CONNECTION: Upgrade, HTTP_UPGRADE: websocket)
Hotwire::Spark::Channel is transmitting the subscription confirmation
Hotwire::Spark::Channel is streaming from hotwire_spark
Started GET "/1/notes" for ::1 at 2025-03-13 21:29:59 +0000
  [1m[36mActiveRecord::SchemaMigration Load (0.4ms)[0m  [1m[34mSELECT "schema_migrations"."version" FROM "schema_migrations" ORDER BY "schema_migrations"."version" ASC /*application='Web'*/[0m
Processing by NotesController#index as HTML
  Parameters: {"user_id" => "1"}
  [1m[36mSession Load (0.1ms)[0m  [1m[34mSELECT "sessions".* FROM "sessions" WHERE "sessions"."id" = 1 LIMIT 1 /*action='index',application='Web',controller='notes'*/[0m
  ↳ app/controllers/application_controller.rb:15:in 'ApplicationController#authenticate'
  [1m[36mUser Load (0.4ms)[0m  [1m[34mSELECT "users".* FROM "users" WHERE "users"."id" = 1 LIMIT 1 /*action='index',application='Web',controller='notes'*/[0m
  ↳ app/controllers/application_controller.rb:17:in 'ApplicationController#authenticate'
Error checking database connection: undefined local variable or method 'connection_config' for class Note
  [1m[36mNote Count (0.2ms)[0m  [1m[34mSELECT COUNT(*) FROM "notes" /*action='index',application='Web',controller='notes'*/[0m
  ↳ app/controllers/notes_controller.rb:7:in 'NotesController#index'
  Rendering layout layouts/application.html.erb
  Rendering notes/index.html.erb within layouts/application
  [1m[36mNote Load (0.6ms)[0m  [1m[34mSELECT "notes".* FROM "notes" ORDER BY "notes"."created_at" DESC LIMIT 20 OFFSET 0 /*action='index',application='Web',controller='notes'*/[0m
  ↳ app/views/notes/index.html.erb:10
  Rendered notes/index.html.erb within layouts/application (Duration: 25.6ms | GC: 0.0ms)
  Rendered shared/_header.html.erb (Duration: 1.8ms | GC: 0.0ms)
  Rendered layout layouts/application.html.erb (Duration: 41.2ms | GC: 0.0ms)
Completed 200 OK in 246ms (Views: 43.4ms | ActiveRecord: 5.4ms (4 queries, 0 cached) | GC: 16.4ms)


Started GET "/hotwire-spark" for ::1 at 2025-03-13 21:29:59 +0000
Started GET "/hotwire-spark" [WebSocket] for ::1 at 2025-03-13 21:29:59 +0000
Successfully upgraded to WebSocket (REQUEST_METHOD: GET, HTTP_CONNECTION: Upgrade, HTTP_UPGRADE: websocket)
Hotwire::Spark::Channel is transmitting the subscription confirmation
Hotwire::Spark::Channel is streaming from hotwire_spark
[ActionCable] Broadcasting to hotwire_spark: {action: :reload_html, path: "/notes_controller.rb"}
Hotwire::Spark::Channel transmitting {"action" => "reload_html", "path" => "/notes_controller.rb"} (via streamed from hotwire_spark)
Started GET "/1/notes?hotwire_spark=true&reload=1741901517093" for ::1 at 2025-03-13 21:31:57 +0000
Processing by NotesController#index as HTML
  Parameters: {"hotwire_spark" => "true", "reload" => "1741901517093", "user_id" => "1"}
  [1m[36mSession Load (0.1ms)[0m  [1m[34mSELECT "sessions".* FROM "sessions" WHERE "sessions"."id" = 1 LIMIT 1 /*action='index',application='Web',controller='notes'*/[0m
  ↳ app/controllers/application_controller.rb:15:in 'ApplicationController#authenticate'
  [1m[36mUser Load (0.4ms)[0m  [1m[34mSELECT "users".* FROM "users" WHERE "users"."id" = 1 LIMIT 1 /*action='index',application='Web',controller='notes'*/[0m
  ↳ app/controllers/application_controller.rb:17:in 'ApplicationController#authenticate'
Error checking database connection: undefined local variable or method 'connection_config' for class Note
  [1m[36mNote Count (0.0ms)[0m  [1m[34mSELECT COUNT(*) FROM "notes" /*action='index',application='Web',controller='notes'*/[0m
  ↳ app/controllers/notes_controller.rb:7:in 'NotesController#index'
  Rendering layout layouts/application.html.erb
  Rendering notes/index.html.erb within layouts/application
  [1m[36mNote Load (0.1ms)[0m  [1m[34mSELECT "notes".* FROM "notes" ORDER BY "notes"."created_at" DESC LIMIT 20 OFFSET 0 /*action='index',application='Web',controller='notes'*/[0m
  ↳ app/views/notes/index.html.erb:10
  Rendered notes/index.html.erb within layouts/application (Duration: 20.2ms | GC: 0.0ms)
  Rendered shared/_header.html.erb (Duration: 2.5ms | GC: 0.0ms)
  Rendered layout layouts/application.html.erb (Duration: 28.7ms | GC: 0.0ms)
Completed 200 OK in 122ms (Views: 29.8ms | ActiveRecord: 3.9ms (4 queries, 0 cached) | GC: 0.0ms)


[ActionCable] Broadcasting to hotwire_spark: {action: :reload_html, path: "/application_helper.rb"}
Hotwire::Spark::Channel transmitting {"action" => "reload_html", "path" => "/application_helper.rb"} (via streamed from hotwire_spark)
Started GET "/1/notes?hotwire_spark=true&reload=1741901537419" for ::1 at 2025-03-13 21:32:17 +0000
Processing by NotesController#index as HTML
  Parameters: {"hotwire_spark" => "true", "reload" => "1741901537419", "user_id" => "1"}
  [1m[36mSession Load (0.1ms)[0m  [1m[34mSELECT "sessions".* FROM "sessions" WHERE "sessions"."id" = 1 LIMIT 1 /*action='index',application='Web',controller='notes'*/[0m
  ↳ app/controllers/application_controller.rb:15:in 'ApplicationController#authenticate'
  [1m[36mUser Load (0.0ms)[0m  [1m[34mSELECT "users".* FROM "users" WHERE "users"."id" = 1 LIMIT 1 /*action='index',application='Web',controller='notes'*/[0m
  ↳ app/controllers/application_controller.rb:17:in 'ApplicationController#authenticate'
Error checking database connection: undefined local variable or method 'connection_config' for class Note
  [1m[36mNote Count (0.0ms)[0m  [1m[34mSELECT COUNT(*) FROM "notes" /*action='index',application='Web',controller='notes'*/[0m
  ↳ app/controllers/notes_controller.rb:7:in 'NotesController#index'
  Rendering layout layouts/application.html.erb
  Rendering notes/index.html.erb within layouts/application
  [1m[36mNote Load (0.1ms)[0m  [1m[34mSELECT "notes".* FROM "notes" ORDER BY "notes"."created_at" DESC LIMIT 20 OFFSET 0 /*action='index',application='Web',controller='notes'*/[0m
  ↳ app/views/notes/index.html.erb:10
  Rendered notes/index.html.erb within layouts/application (Duration: 16.3ms | GC: 0.1ms)
  Rendered shared/_header.html.erb (Duration: 0.7ms | GC: 0.0ms)
  Rendered layout layouts/application.html.erb (Duration: 20.1ms | GC: 0.2ms)
Completed 200 OK in 85ms (Views: 21.5ms | ActiveRecord: 1.9ms (4 queries, 0 cached) | GC: 0.4ms)


[ActionCable] Broadcasting to hotwire_spark: {action: :reload_html, path: "/application_helper.rb"}
Hotwire::Spark::Channel transmitting {"action" => "reload_html", "path" => "/application_helper.rb"} (via streamed from hotwire_spark)
Started GET "/1/notes?hotwire_spark=true&reload=1741901604912" for ::1 at 2025-03-13 21:33:24 +0000
Processing by NotesController#index as HTML
  Parameters: {"hotwire_spark" => "true", "reload" => "1741901604912", "user_id" => "1"}
  [1m[36mSession Load (0.1ms)[0m  [1m[34mSELECT "sessions".* FROM "sessions" WHERE "sessions"."id" = 1 LIMIT 1 /*action='index',application='Web',controller='notes'*/[0m
  ↳ app/controllers/application_controller.rb:15:in 'ApplicationController#authenticate'
  [1m[36mUser Load (0.0ms)[0m  [1m[34mSELECT "users".* FROM "users" WHERE "users"."id" = 1 LIMIT 1 /*action='index',application='Web',controller='notes'*/[0m
  ↳ app/controllers/application_controller.rb:17:in 'ApplicationController#authenticate'
Error checking database connection: undefined local variable or method 'connection_config' for class Note
  [1m[36mNote Count (0.0ms)[0m  [1m[34mSELECT COUNT(*) FROM "notes" /*action='index',application='Web',controller='notes'*/[0m
  ↳ app/controllers/notes_controller.rb:7:in 'NotesController#index'
  Rendering layout layouts/application.html.erb
  Rendering notes/index.html.erb within layouts/application
  [1m[36mNote Load (0.1ms)[0m  [1m[34mSELECT "notes".* FROM "notes" ORDER BY "notes"."created_at" DESC LIMIT 20 OFFSET 0 /*action='index',application='Web',controller='notes'*/[0m
  ↳ app/views/notes/index.html.erb:10
  Rendered notes/index.html.erb within layouts/application (Duration: 7.0ms | GC: 0.0ms)
  Rendered shared/_header.html.erb (Duration: 0.5ms | GC: 0.0ms)
  Rendered layout layouts/application.html.erb (Duration: 10.5ms | GC: 0.0ms)
Completed 200 OK in 71ms (Views: 15.2ms | ActiveRecord: 1.6ms (4 queries, 0 cached) | GC: 0.0ms)


Started GET "/1/notes" for ::1 at 2025-03-13 21:33:47 +0000
Processing by NotesController#index as HTML
  Parameters: {"user_id" => "1"}
  [1m[36mSession Load (0.5ms)[0m  [1m[34mSELECT "sessions".* FROM "sessions" WHERE "sessions"."id" = 1 LIMIT 1 /*action='index',application='Web',controller='notes'*/[0m
  ↳ app/controllers/application_controller.rb:15:in 'ApplicationController#authenticate'
  [1m[36mUser Load (0.0ms)[0m  [1m[34mSELECT "users".* FROM "users" WHERE "users"."id" = 1 LIMIT 1 /*action='index',application='Web',controller='notes'*/[0m
  ↳ app/controllers/application_controller.rb:17:in 'ApplicationController#authenticate'
Error checking database connection: undefined local variable or method 'connection_config' for class Note
  [1m[36mNote Count (0.0ms)[0m  [1m[34mSELECT COUNT(*) FROM "notes" /*action='index',application='Web',controller='notes'*/[0m
  ↳ app/controllers/notes_controller.rb:7:in 'NotesController#index'
  Rendering layout layouts/application.html.erb
  Rendering notes/index.html.erb within layouts/application
  [1m[36mNote Load (0.1ms)[0m  [1m[34mSELECT "notes".* FROM "notes" ORDER BY "notes"."created_at" DESC LIMIT 20 OFFSET 0 /*action='index',application='Web',controller='notes'*/[0m
  ↳ app/views/notes/index.html.erb:10
  Rendered notes/index.html.erb within layouts/application (Duration: 3.3ms | GC: 0.0ms)
  Rendered shared/_header.html.erb (Duration: 0.3ms | GC: 0.0ms)
  Rendered layout layouts/application.html.erb (Duration: 4.7ms | GC: 0.0ms)
Completed 200 OK in 65ms (Views: 5.3ms | ActiveRecord: 0.9ms (4 queries, 0 cached) | GC: 0.0ms)


Finished "/hotwire-spark" [WebSocket] for ::1 at 2025-03-13 21:33:47 +0000
Hotwire::Spark::Channel stopped streaming from hotwire_spark
Started GET "/hotwire-spark" for ::1 at 2025-03-13 21:33:47 +0000
Started GET "/hotwire-spark" [WebSocket] for ::1 at 2025-03-13 21:33:47 +0000
Successfully upgraded to WebSocket (REQUEST_METHOD: GET, HTTP_CONNECTION: Upgrade, HTTP_UPGRADE: websocket)
Hotwire::Spark::Channel is transmitting the subscription confirmation
Hotwire::Spark::Channel is streaming from hotwire_spark
Started GET "/1/notes" for ::1 at 2025-03-13 21:33:48 +0000
Processing by NotesController#index as HTML
  Parameters: {"user_id" => "1"}
  [1m[36mSession Load (0.1ms)[0m  [1m[34mSELECT "sessions".* FROM "sessions" WHERE "sessions"."id" = 1 LIMIT 1 /*action='index',application='Web',controller='notes'*/[0m
  ↳ app/controllers/application_controller.rb:15:in 'ApplicationController#authenticate'
  [1m[36mUser Load (0.0ms)[0m  [1m[34mSELECT "users".* FROM "users" WHERE "users"."id" = 1 LIMIT 1 /*action='index',application='Web',controller='notes'*/[0m
  ↳ app/controllers/application_controller.rb:17:in 'ApplicationController#authenticate'
Error checking database connection: undefined local variable or method 'connection_config' for class Note
  [1m[36mNote Count (0.0ms)[0m  [1m[34mSELECT COUNT(*) FROM "notes" /*action='index',application='Web',controller='notes'*/[0m
  ↳ app/controllers/notes_controller.rb:7:in 'NotesController#index'
  Rendering layout layouts/application.html.erb
  Rendering notes/index.html.erb within layouts/application
  [1m[36mNote Load (0.1ms)[0m  [1m[34mSELECT "notes".* FROM "notes" ORDER BY "notes"."created_at" DESC LIMIT 20 OFFSET 0 /*action='index',application='Web',controller='notes'*/[0m
  ↳ app/views/notes/index.html.erb:10
  Rendered notes/index.html.erb within layouts/application (Duration: 0.9ms | GC: 0.0ms)
  Rendered shared/_header.html.erb (Duration: 0.2ms | GC: 0.0ms)
  Rendered layout layouts/application.html.erb (Duration: 3.1ms | GC: 0.0ms)
Completed 200 OK in 54ms (Views: 3.5ms | ActiveRecord: 0.5ms (4 queries, 0 cached) | GC: 0.0ms)


Finished "/hotwire-spark" [WebSocket] for ::1 at 2025-03-13 21:33:48 +0000
Hotwire::Spark::Channel stopped streaming from hotwire_spark
Started GET "/hotwire-spark" for ::1 at 2025-03-13 21:33:48 +0000
Started GET "/hotwire-spark" [WebSocket] for ::1 at 2025-03-13 21:33:48 +0000
Successfully upgraded to WebSocket (REQUEST_METHOD: GET, HTTP_CONNECTION: Upgrade, HTTP_UPGRADE: websocket)
Hotwire::Spark::Channel is transmitting the subscription confirmation
Hotwire::Spark::Channel is streaming from hotwire_spark
Started GET "/1/notes" for ::1 at 2025-03-13 21:33:48 +0000
Processing by NotesController#index as HTML
  Parameters: {"user_id" => "1"}
  [1m[36mSession Load (0.1ms)[0m  [1m[34mSELECT "sessions".* FROM "sessions" WHERE "sessions"."id" = 1 LIMIT 1 /*action='index',application='Web',controller='notes'*/[0m
  ↳ app/controllers/application_controller.rb:15:in 'ApplicationController#authenticate'
  [1m[36mUser Load (0.0ms)[0m  [1m[34mSELECT "users".* FROM "users" WHERE "users"."id" = 1 LIMIT 1 /*action='index',application='Web',controller='notes'*/[0m
  ↳ app/controllers/application_controller.rb:17:in 'ApplicationController#authenticate'
Error checking database connection: undefined local variable or method 'connection_config' for class Note
  [1m[36mNote Count (0.0ms)[0m  [1m[34mSELECT COUNT(*) FROM "notes" /*action='index',application='Web',controller='notes'*/[0m
  ↳ app/controllers/notes_controller.rb:7:in 'NotesController#index'
  Rendering layout layouts/application.html.erb
  Rendering notes/index.html.erb within layouts/application
  [1m[36mNote Load (0.1ms)[0m  [1m[34mSELECT "notes".* FROM "notes" ORDER BY "notes"."created_at" DESC LIMIT 20 OFFSET 0 /*action='index',application='Web',controller='notes'*/[0m
  ↳ app/views/notes/index.html.erb:10
  Rendered notes/index.html.erb within layouts/application (Duration: 1.0ms | GC: 0.0ms)
  Rendered shared/_header.html.erb (Duration: 0.1ms | GC: 0.0ms)
  Rendered layout layouts/application.html.erb (Duration: 1.9ms | GC: 0.0ms)
Completed 200 OK in 48ms (Views: 2.3ms | ActiveRecord: 0.5ms (4 queries, 0 cached) | GC: 0.0ms)


Finished "/hotwire-spark" [WebSocket] for ::1 at 2025-03-13 21:33:48 +0000
Hotwire::Spark::Channel stopped streaming from hotwire_spark
Started GET "/hotwire-spark" for ::1 at 2025-03-13 21:33:48 +0000
Started GET "/hotwire-spark" [WebSocket] for ::1 at 2025-03-13 21:33:48 +0000
Successfully upgraded to WebSocket (REQUEST_METHOD: GET, HTTP_CONNECTION: Upgrade, HTTP_UPGRADE: websocket)
Hotwire::Spark::Channel is transmitting the subscription confirmation
Hotwire::Spark::Channel is streaming from hotwire_spark
Started GET "/1/notes/33/edit" for ::1 at 2025-03-13 21:33:51 +0000
Processing by NotesController#edit as HTML
  Parameters: {"user_id" => "1", "id" => "33"}
  [1m[36mSession Load (0.1ms)[0m  [1m[34mSELECT "sessions".* FROM "sessions" WHERE "sessions"."id" = 1 LIMIT 1 /*action='edit',application='Web',controller='notes'*/[0m
  ↳ app/controllers/application_controller.rb:15:in 'ApplicationController#authenticate'
  [1m[36mUser Load (0.0ms)[0m  [1m[34mSELECT "users".* FROM "users" WHERE "users"."id" = 1 LIMIT 1 /*action='edit',application='Web',controller='notes'*/[0m
  ↳ app/controllers/application_controller.rb:17:in 'ApplicationController#authenticate'
Error checking database connection: undefined local variable or method 'connection_config' for class Note
  [1m[36mNote Load (0.0ms)[0m  [1m[34mSELECT "notes".* FROM "notes" WHERE "notes"."id" = 33 LIMIT 1 /*action='edit',application='Web',controller='notes'*/[0m
  ↳ app/controllers/notes_controller.rb:54:in 'NotesController#set_note'
  Rendering layout layouts/application.html.erb
  Rendering notes/edit.html.erb within layouts/application
  Rendered notes/_form.html.erb (Duration: 8.1ms | GC: 0.0ms)
  Rendered notes/edit.html.erb within layouts/application (Duration: 8.9ms | GC: 0.0ms)
  Rendered shared/_header.html.erb (Duration: 0.1ms | GC: 0.0ms)
  Rendered layout layouts/application.html.erb (Duration: 10.3ms | GC: 0.0ms)
Completed 200 OK in 65ms (Views: 10.7ms | ActiveRecord: 0.5ms (3 queries, 0 cached) | GC: 0.0ms)


Started GET "/1/notes/new" for ::1 at 2025-03-13 21:33:52 +0000
Processing by NotesController#new as HTML
  Parameters: {"user_id" => "1"}
  [1m[36mSession Load (0.1ms)[0m  [1m[34mSELECT "sessions".* FROM "sessions" WHERE "sessions"."id" = 1 LIMIT 1 /*action='new',application='Web',controller='notes'*/[0m
  ↳ app/controllers/application_controller.rb:15:in 'ApplicationController#authenticate'
  [1m[36mUser Load (0.0ms)[0m  [1m[34mSELECT "users".* FROM "users" WHERE "users"."id" = 1 LIMIT 1 /*action='new',application='Web',controller='notes'*/[0m
  ↳ app/controllers/application_controller.rb:17:in 'ApplicationController#authenticate'
Error checking database connection: undefined local variable or method 'connection_config' for class Note
  Rendering layout layouts/application.html.erb
  Rendering notes/new.html.erb within layouts/application
  Rendered notes/_form.html.erb (Duration: 3.8ms | GC: 0.0ms)
  Rendered notes/new.html.erb within layouts/application (Duration: 6.8ms | GC: 0.0ms)
  Rendered shared/_header.html.erb (Duration: 0.1ms | GC: 0.0ms)
  Rendered layout layouts/application.html.erb (Duration: 7.6ms | GC: 0.0ms)
Completed 200 OK in 51ms (Views: 7.7ms | ActiveRecord: 0.4ms (2 queries, 0 cached) | GC: 0.0ms)


Started GET "/1/notes/33/edit" for ::1 at 2025-03-13 21:33:52 +0000
Processing by NotesController#edit as HTML
  Parameters: {"user_id" => "1", "id" => "33"}
  [1m[36mSession Load (0.1ms)[0m  [1m[34mSELECT "sessions".* FROM "sessions" WHERE "sessions"."id" = 1 LIMIT 1 /*action='edit',application='Web',controller='notes'*/[0m
  ↳ app/controllers/application_controller.rb:15:in 'ApplicationController#authenticate'
  [1m[36mUser Load (0.0ms)[0m  [1m[34mSELECT "users".* FROM "users" WHERE "users"."id" = 1 LIMIT 1 /*action='edit',application='Web',controller='notes'*/[0m
  ↳ app/controllers/application_controller.rb:17:in 'ApplicationController#authenticate'
Error checking database connection: undefined local variable or method 'connection_config' for class Note
  [1m[36mNote Load (0.0ms)[0m  [1m[34mSELECT "notes".* FROM "notes" WHERE "notes"."id" = 33 LIMIT 1 /*action='edit',application='Web',controller='notes'*/[0m
  ↳ app/controllers/notes_controller.rb:54:in 'NotesController#set_note'
  Rendering layout layouts/application.html.erb
  Rendering notes/edit.html.erb within layouts/application
  Rendered notes/_form.html.erb (Duration: 1.6ms | GC: 0.0ms)
  Rendered notes/edit.html.erb within layouts/application (Duration: 1.9ms | GC: 0.0ms)
  Rendered shared/_header.html.erb (Duration: 0.2ms | GC: 0.0ms)
  Rendered layout layouts/application.html.erb (Duration: 2.4ms | GC: 0.0ms)
Completed 200 OK in 44ms (Views: 3.1ms | ActiveRecord: 0.4ms (3 queries, 0 cached) | GC: 0.0ms)


[ActionCable] Broadcasting to hotwire_spark: {action: :reload_html, path: "/notes_controller.rb"}
Hotwire::Spark::Channel transmitting {"action" => "reload_html", "path" => "/notes_controller.rb"} (via streamed from hotwire_spark)
Started GET "/1/notes?hotwire_spark=true&reload=1741901769813" for ::1 at 2025-03-13 21:36:09 +0000
Processing by NotesController#index as HTML
  Parameters: {"hotwire_spark" => "true", "reload" => "1741901769813", "user_id" => "1"}
  [1m[36mSession Load (0.1ms)[0m  [1m[34mSELECT "sessions".* FROM "sessions" WHERE "sessions"."id" = 1 LIMIT 1 /*action='index',application='Web',controller='notes'*/[0m
  ↳ app/controllers/application_controller.rb:15:in 'ApplicationController#authenticate'
  [1m[36mUser Load (0.0ms)[0m  [1m[34mSELECT "users".* FROM "users" WHERE "users"."id" = 1 LIMIT 1 /*action='index',application='Web',controller='notes'*/[0m
  ↳ app/controllers/application_controller.rb:17:in 'ApplicationController#authenticate'
Error checking database connection: undefined local variable or method 'connection_config' for class Note
Completed 500 Internal Server Error in 68ms (ActiveRecord: 1.5ms (2 queries, 0 cached) | GC: 0.0ms)


  
NoMethodError (undefined method 'pagy' for an instance of NotesController):
  
app/controllers/notes_controller.rb:6:in 'NotesController#index'
Started GET "/1/notes" for ::1 at 2025-03-13 21:36:13 +0000
Processing by NotesController#index as HTML
  Parameters: {"user_id" => "1"}
  [1m[36mSession Load (0.4ms)[0m  [1m[34mSELECT "sessions".* FROM "sessions" WHERE "sessions"."id" = 1 LIMIT 1 /*action='index',application='Web',controller='notes'*/[0m
  ↳ app/controllers/application_controller.rb:15:in 'ApplicationController#authenticate'
  [1m[36mUser Load (0.1ms)[0m  [1m[34mSELECT "users".* FROM "users" WHERE "users"."id" = 1 LIMIT 1 /*action='index',application='Web',controller='notes'*/[0m
  ↳ app/controllers/application_controller.rb:17:in 'ApplicationController#authenticate'
Error checking database connection: undefined local variable or method 'connection_config' for class Note
Completed 500 Internal Server Error in 60ms (ActiveRecord: 0.8ms (2 queries, 0 cached) | GC: 0.6ms)


  
NoMethodError (undefined method 'pagy' for an instance of NotesController):
  
app/controllers/notes_controller.rb:6:in 'NotesController#index'
Finished "/hotwire-spark" [WebSocket] for ::1 at 2025-03-13 21:36:13 +0000
Hotwire::Spark::Channel stopped streaming from hotwire_spark
[ActionCable] Broadcasting to hotwire_spark: {action: :reload_html, path: "/application_controller.rb"}
Started GET "/1/notes" for ::1 at 2025-03-13 21:36:40 +0000
Processing by NotesController#index as HTML
  Parameters: {"user_id" => "1"}
  [1m[36mSession Load (0.1ms)[0m  [1m[34mSELECT "sessions".* FROM "sessions" WHERE "sessions"."id" = 1 LIMIT 1 /*action='index',application='Web',controller='notes'*/[0m
  ↳ app/controllers/application_controller.rb:15:in 'ApplicationController#authenticate'
  [1m[36mUser Load (0.0ms)[0m  [1m[34mSELECT "users".* FROM "users" WHERE "users"."id" = 1 LIMIT 1 /*action='index',application='Web',controller='notes'*/[0m
  ↳ app/controllers/application_controller.rb:17:in 'ApplicationController#authenticate'
Error checking database connection: undefined local variable or method 'connection_config' for class Note
  [1m[36mNote Count (0.0ms)[0m  [1m[34mSELECT COUNT(*) FROM "notes" /*action='index',application='Web',controller='notes'*/[0m
  ↳ app/controllers/notes_controller.rb:6:in 'NotesController#index'
  Rendering layout layouts/application.html.erb
  Rendering notes/index.html.erb within layouts/application
  [1m[36mNote Load (0.1ms)[0m  [1m[34mSELECT "notes".* FROM "notes" ORDER BY "notes"."created_at" DESC LIMIT 20 OFFSET 0 /*action='index',application='Web',controller='notes'*/[0m
  ↳ app/views/notes/index.html.erb:10
  Rendered notes/index.html.erb within layouts/application (Duration: 9.2ms | GC: 0.0ms)
  Rendered shared/_header.html.erb (Duration: 0.3ms | GC: 0.0ms)
  Rendered layout layouts/application.html.erb (Duration: 13.3ms | GC: 0.0ms)
Completed 200 OK in 78ms (Views: 14.5ms | ActiveRecord: 1.9ms (4 queries, 0 cached) | GC: 0.7ms)


Started GET "/hotwire-spark" for ::1 at 2025-03-13 21:36:40 +0000
Started GET "/hotwire-spark" [WebSocket] for ::1 at 2025-03-13 21:36:40 +0000
Successfully upgraded to WebSocket (REQUEST_METHOD: GET, HTTP_CONNECTION: Upgrade, HTTP_UPGRADE: websocket)
Hotwire::Spark::Channel is transmitting the subscription confirmation
Hotwire::Spark::Channel is streaming from hotwire_spark
[ActionCable] Broadcasting to hotwire_spark: {action: :reload_html, path: "/notes_controller.rb"}
Hotwire::Spark::Channel transmitting {"action" => "reload_html", "path" => "/notes_controller.rb"} (via streamed from hotwire_spark)
Started GET "/1/notes?hotwire_spark=true&reload=1741901816659" for ::1 at 2025-03-13 21:36:56 +0000
Processing by NotesController#index as HTML
  Parameters: {"hotwire_spark" => "true", "reload" => "1741901816659", "user_id" => "1"}
  [1m[36mSession Load (0.1ms)[0m  [1m[34mSELECT "sessions".* FROM "sessions" WHERE "sessions"."id" = 1 LIMIT 1 /*action='index',application='Web',controller='notes'*/[0m
  ↳ app/controllers/application_controller.rb:15:in 'ApplicationController#authenticate'
  [1m[36mUser Load (0.0ms)[0m  [1m[34mSELECT "users".* FROM "users" WHERE "users"."id" = 1 LIMIT 1 /*action='index',application='Web',controller='notes'*/[0m
  ↳ app/controllers/application_controller.rb:17:in 'ApplicationController#authenticate'
Error checking database connection: undefined local variable or method 'connection_config' for class Note
  [1m[36mNote Count (0.0ms)[0m  [1m[34mSELECT COUNT(*) FROM "notes" /*action='index',application='Web',controller='notes'*/[0m
  ↳ app/controllers/notes_controller.rb:6:in 'NotesController#index'
  Rendering layout layouts/application.html.erb
  Rendering notes/index.html.erb within layouts/application
  [1m[36mNote Load (0.1ms)[0m  [1m[34mSELECT "notes".* FROM "notes" ORDER BY "notes"."created_at" DESC LIMIT 20 OFFSET 0 /*action='index',application='Web',controller='notes'*/[0m
  ↳ app/views/notes/index.html.erb:10
  Rendered notes/index.html.erb within layouts/application (Duration: 5.8ms | GC: 0.0ms)
  Rendered shared/_header.html.erb (Duration: 0.3ms | GC: 0.0ms)
  Rendered layout layouts/application.html.erb (Duration: 9.6ms | GC: 0.0ms)
Completed 200 OK in 73ms (Views: 11.0ms | ActiveRecord: 1.8ms (4 queries, 0 cached) | GC: 0.1ms)


Started GET "/1/notes" for ::1 at 2025-03-13 21:36:57 +0000
Processing by NotesController#index as HTML
  Parameters: {"user_id" => "1"}
  [1m[36mSession Load (0.1ms)[0m  [1m[34mSELECT "sessions".* FROM "sessions" WHERE "sessions"."id" = 1 LIMIT 1 /*action='index',application='Web',controller='notes'*/[0m
  ↳ app/controllers/application_controller.rb:15:in 'ApplicationController#authenticate'
  [1m[36mUser Load (0.0ms)[0m  [1m[34mSELECT "users".* FROM "users" WHERE "users"."id" = 1 LIMIT 1 /*action='index',application='Web',controller='notes'*/[0m
  ↳ app/controllers/application_controller.rb:17:in 'ApplicationController#authenticate'
Error checking database connection: undefined local variable or method 'connection_config' for class Note
  [1m[36mNote Count (0.0ms)[0m  [1m[34mSELECT COUNT(*) FROM "notes" /*action='index',application='Web',controller='notes'*/[0m
  ↳ app/controllers/notes_controller.rb:6:in 'NotesController#index'
  Rendering layout layouts/application.html.erb
  Rendering notes/index.html.erb within layouts/application
  [1m[36mNote Load (0.1ms)[0m  [1m[34mSELECT "notes".* FROM "notes" ORDER BY "notes"."created_at" DESC LIMIT 20 OFFSET 0 /*action='index',application='Web',controller='notes'*/[0m
  ↳ app/views/notes/index.html.erb:10
  Rendered notes/index.html.erb within layouts/application (Duration: 4.8ms | GC: 0.4ms)
  Rendered shared/_header.html.erb (Duration: 0.2ms | GC: 0.0ms)
  Rendered layout layouts/application.html.erb (Duration: 12.3ms | GC: 0.4ms)
Completed 200 OK in 70ms (Views: 12.5ms | ActiveRecord: 0.6ms (4 queries, 0 cached) | GC: 0.4ms)


Finished "/hotwire-spark" [WebSocket] for ::1 at 2025-03-13 21:36:57 +0000
Hotwire::Spark::Channel stopped streaming from hotwire_spark
Started GET "/hotwire-spark" for ::1 at 2025-03-13 21:36:57 +0000
Started GET "/hotwire-spark" [WebSocket] for ::1 at 2025-03-13 21:36:57 +0000
Successfully upgraded to WebSocket (REQUEST_METHOD: GET, HTTP_CONNECTION: Upgrade, HTTP_UPGRADE: websocket)
Hotwire::Spark::Channel is transmitting the subscription confirmation
Hotwire::Spark::Channel is streaming from hotwire_spark
[ActionCable] Broadcasting to hotwire_spark: {action: :reload_html, path: "/notes_controller.rb"}
Hotwire::Spark::Channel transmitting {"action" => "reload_html", "path" => "/notes_controller.rb"} (via streamed from hotwire_spark)
Started GET "/1/notes?hotwire_spark=true&reload=1741901822624" for ::1 at 2025-03-13 21:37:02 +0000
Processing by NotesController#index as HTML
  Parameters: {"hotwire_spark" => "true", "reload" => "1741901822624", "user_id" => "1"}
  [1m[36mSession Load (0.1ms)[0m  [1m[34mSELECT "sessions".* FROM "sessions" WHERE "sessions"."id" = 1 LIMIT 1 /*action='index',application='Web',controller='notes'*/[0m
  ↳ app/controllers/application_controller.rb:15:in 'ApplicationController#authenticate'
  [1m[36mUser Load (0.0ms)[0m  [1m[34mSELECT "users".* FROM "users" WHERE "users"."id" = 1 LIMIT 1 /*action='index',application='Web',controller='notes'*/[0m
  ↳ app/controllers/application_controller.rb:17:in 'ApplicationController#authenticate'
Error checking database connection: undefined local variable or method 'connection_config' for class Note
  [1m[36mNote Count (0.0ms)[0m  [1m[34mSELECT COUNT(*) FROM "notes" /*action='index',application='Web',controller='notes'*/[0m
  ↳ app/controllers/notes_controller.rb:6:in 'NotesController#index'
  Rendering layout layouts/application.html.erb
  Rendering notes/index.html.erb within layouts/application
  [1m[36mNote Load (0.1ms)[0m  [1m[34mSELECT "notes".* FROM "notes" ORDER BY "notes"."created_at" DESC LIMIT 20 OFFSET 0 /*action='index',application='Web',controller='notes'*/[0m
  ↳ app/views/notes/index.html.erb:10
  Rendered notes/index.html.erb within layouts/application (Duration: 9.7ms | GC: 0.0ms)
  Rendered shared/_header.html.erb (Duration: 3.0ms | GC: 0.0ms)
  Rendered layout layouts/application.html.erb (Duration: 21.3ms | GC: 0.0ms)
Completed 200 OK in 94ms (Views: 25.0ms | ActiveRecord: 1.8ms (4 queries, 0 cached) | GC: 0.0ms)


Started GET "/1/notes" for ::1 at 2025-03-13 21:37:04 +0000
Processing by NotesController#index as HTML
  Parameters: {"user_id" => "1"}
  [1m[36mSession Load (0.1ms)[0m  [1m[34mSELECT "sessions".* FROM "sessions" WHERE "sessions"."id" = 1 LIMIT 1 /*action='index',application='Web',controller='notes'*/[0m
  ↳ app/controllers/application_controller.rb:15:in 'ApplicationController#authenticate'
  [1m[36mUser Load (0.0ms)[0m  [1m[34mSELECT "users".* FROM "users" WHERE "users"."id" = 1 LIMIT 1 /*action='index',application='Web',controller='notes'*/[0m
  ↳ app/controllers/application_controller.rb:17:in 'ApplicationController#authenticate'
Error checking database connection: undefined local variable or method 'connection_config' for class Note
  [1m[36mNote Count (0.0ms)[0m  [1m[34mSELECT COUNT(*) FROM "notes" /*action='index',application='Web',controller='notes'*/[0m
  ↳ app/controllers/notes_controller.rb:6:in 'NotesController#index'
  Rendering layout layouts/application.html.erb
  Rendering notes/index.html.erb within layouts/application
  [1m[36mNote Load (0.1ms)[0m  [1m[34mSELECT "notes".* FROM "notes" ORDER BY "notes"."created_at" DESC LIMIT 20 OFFSET 0 /*action='index',application='Web',controller='notes'*/[0m
  ↳ app/views/notes/index.html.erb:10
  Rendered notes/index.html.erb within layouts/application (Duration: 4.0ms | GC: 0.0ms)
  Rendered shared/_header.html.erb (Duration: 0.1ms | GC: 0.0ms)
  Rendered layout layouts/application.html.erb (Duration: 8.7ms | GC: 0.0ms)
Completed 200 OK in 70ms (Views: 10.4ms | ActiveRecord: 0.6ms (4 queries, 0 cached) | GC: 0.0ms)


Finished "/hotwire-spark" [WebSocket] for ::1 at 2025-03-13 21:37:04 +0000
Hotwire::Spark::Channel stopped streaming from hotwire_spark
Started GET "/hotwire-spark" for ::1 at 2025-03-13 21:37:04 +0000
Started GET "/hotwire-spark" [WebSocket] for ::1 at 2025-03-13 21:37:04 +0000
Successfully upgraded to WebSocket (REQUEST_METHOD: GET, HTTP_CONNECTION: Upgrade, HTTP_UPGRADE: websocket)
Hotwire::Spark::Channel is transmitting the subscription confirmation
Hotwire::Spark::Channel is streaming from hotwire_spark
Started GET "/1/notes" for ::1 at 2025-03-13 21:37:04 +0000
Processing by NotesController#index as HTML
  Parameters: {"user_id" => "1"}
  [1m[36mSession Load (0.1ms)[0m  [1m[34mSELECT "sessions".* FROM "sessions" WHERE "sessions"."id" = 1 LIMIT 1 /*action='index',application='Web',controller='notes'*/[0m
  ↳ app/controllers/application_controller.rb:15:in 'ApplicationController#authenticate'
  [1m[36mUser Load (0.0ms)[0m  [1m[34mSELECT "users".* FROM "users" WHERE "users"."id" = 1 LIMIT 1 /*action='index',application='Web',controller='notes'*/[0m
  ↳ app/controllers/application_controller.rb:17:in 'ApplicationController#authenticate'
Error checking database connection: undefined local variable or method 'connection_config' for class Note
  [1m[36mNote Count (0.0ms)[0m  [1m[34mSELECT COUNT(*) FROM "notes" /*action='index',application='Web',controller='notes'*/[0m
  ↳ app/controllers/notes_controller.rb:6:in 'NotesController#index'
  Rendering layout layouts/application.html.erb
  Rendering notes/index.html.erb within layouts/application
  [1m[36mNote Load (0.1ms)[0m  [1m[34mSELECT "notes".* FROM "notes" ORDER BY "notes"."created_at" DESC LIMIT 20 OFFSET 0 /*action='index',application='Web',controller='notes'*/[0m
  ↳ app/views/notes/index.html.erb:10
  Rendered notes/index.html.erb within layouts/application (Duration: 0.9ms | GC: 0.0ms)
  Rendered shared/_header.html.erb (Duration: 0.2ms | GC: 0.0ms)
  Rendered layout layouts/application.html.erb (Duration: 4.1ms | GC: 0.0ms)
Completed 200 OK in 48ms (Views: 4.3ms | ActiveRecord: 0.5ms (4 queries, 0 cached) | GC: 0.0ms)


Finished "/hotwire-spark" [WebSocket] for ::1 at 2025-03-13 21:37:04 +0000
Hotwire::Spark::Channel stopped streaming from hotwire_spark
Started GET "/hotwire-spark" for ::1 at 2025-03-13 21:37:04 +0000
Started GET "/hotwire-spark" [WebSocket] for ::1 at 2025-03-13 21:37:04 +0000
Successfully upgraded to WebSocket (REQUEST_METHOD: GET, HTTP_CONNECTION: Upgrade, HTTP_UPGRADE: websocket)
Hotwire::Spark::Channel is transmitting the subscription confirmation
Hotwire::Spark::Channel is streaming from hotwire_spark
Started GET "/1/notes" for ::1 at 2025-03-13 21:37:04 +0000
Processing by NotesController#index as HTML
  Parameters: {"user_id" => "1"}
  [1m[36mSession Load (0.1ms)[0m  [1m[34mSELECT "sessions".* FROM "sessions" WHERE "sessions"."id" = 1 LIMIT 1 /*action='index',application='Web',controller='notes'*/[0m
  ↳ app/controllers/application_controller.rb:15:in 'ApplicationController#authenticate'
  [1m[36mUser Load (0.0ms)[0m  [1m[34mSELECT "users".* FROM "users" WHERE "users"."id" = 1 LIMIT 1 /*action='index',application='Web',controller='notes'*/[0m
  ↳ app/controllers/application_controller.rb:17:in 'ApplicationController#authenticate'
Error checking database connection: undefined local variable or method 'connection_config' for class Note
  [1m[36mNote Count (0.0ms)[0m  [1m[34mSELECT COUNT(*) FROM "notes" /*action='index',application='Web',controller='notes'*/[0m
  ↳ app/controllers/notes_controller.rb:6:in 'NotesController#index'
  Rendering layout layouts/application.html.erb
  Rendering notes/index.html.erb within layouts/application
  [1m[36mNote Load (0.1ms)[0m  [1m[34mSELECT "notes".* FROM "notes" ORDER BY "notes"."created_at" DESC LIMIT 20 OFFSET 0 /*action='index',application='Web',controller='notes'*/[0m
  ↳ app/views/notes/index.html.erb:10
  Rendered notes/index.html.erb within layouts/application (Duration: 0.9ms | GC: 0.0ms)
  Rendered shared/_header.html.erb (Duration: 0.1ms | GC: 0.0ms)
  Rendered layout layouts/application.html.erb (Duration: 3.6ms | GC: 0.0ms)
Completed 200 OK in 47ms (Views: 3.7ms | ActiveRecord: 0.5ms (4 queries, 0 cached) | GC: 0.0ms)


Finished "/hotwire-spark" [WebSocket] for ::1 at 2025-03-13 21:37:04 +0000
Hotwire::Spark::Channel stopped streaming from hotwire_spark
Started GET "/hotwire-spark" for ::1 at 2025-03-13 21:37:04 +0000
Started GET "/hotwire-spark" [WebSocket] for ::1 at 2025-03-13 21:37:04 +0000
Successfully upgraded to WebSocket (REQUEST_METHOD: GET, HTTP_CONNECTION: Upgrade, HTTP_UPGRADE: websocket)
Hotwire::Spark::Channel is transmitting the subscription confirmation
Hotwire::Spark::Channel is streaming from hotwire_spark
[ActionCable] Broadcasting to hotwire_spark: {action: :reload_html, path: "/notes_controller.rb"}
Hotwire::Spark::Channel transmitting {"action" => "reload_html", "path" => "/notes_controller.rb"} (via streamed from hotwire_spark)
Started GET "/1/notes?hotwire_spark=true&reload=1741901856389" for ::1 at 2025-03-13 21:37:36 +0000
Processing by NotesController#index as HTML
  Parameters: {"hotwire_spark" => "true", "reload" => "1741901856389", "user_id" => "1"}
  [1m[36mSession Load (0.2ms)[0m  [1m[34mSELECT "sessions".* FROM "sessions" WHERE "sessions"."id" = 1 LIMIT 1 /*action='index',application='Web',controller='notes'*/[0m
  ↳ app/controllers/application_controller.rb:15:in 'ApplicationController#authenticate'
  [1m[36mUser Load (0.0ms)[0m  [1m[34mSELECT "users".* FROM "users" WHERE "users"."id" = 1 LIMIT 1 /*action='index',application='Web',controller='notes'*/[0m
  ↳ app/controllers/application_controller.rb:17:in 'ApplicationController#authenticate'
Error checking database connection: undefined local variable or method 'connection_config' for class Note
  [1m[36mNote Count (0.0ms)[0m  [1m[34mSELECT COUNT(*) FROM "notes" /*action='index',application='Web',controller='notes'*/[0m
  ↳ app/controllers/notes_controller.rb:7:in 'NotesController#index'
  Rendering layout layouts/application.html.erb
  Rendering notes/index.html.erb within layouts/application
  [1m[36mNote Load (0.1ms)[0m  [1m[34mSELECT "notes".* FROM "notes" LIMIT 20 OFFSET 0 /*action='index',application='Web',controller='notes'*/[0m
  ↳ app/views/notes/index.html.erb:10
  Rendered notes/index.html.erb within layouts/application (Duration: 6.0ms | GC: 0.2ms)
  Rendered shared/_header.html.erb (Duration: 0.8ms | GC: 0.0ms)
  Rendered layout layouts/application.html.erb (Duration: 12.4ms | GC: 0.4ms)
Completed 200 OK in 85ms (Views: 16.3ms | ActiveRecord: 1.9ms (4 queries, 0 cached) | GC: 1.3ms)


Started GET "/1/notes" for ::1 at 2025-03-13 21:37:37 +0000
Processing by NotesController#index as HTML
  Parameters: {"user_id" => "1"}
  [1m[36mSession Load (0.1ms)[0m  [1m[34mSELECT "sessions".* FROM "sessions" WHERE "sessions"."id" = 1 LIMIT 1 /*action='index',application='Web',controller='notes'*/[0m
  ↳ app/controllers/application_controller.rb:15:in 'ApplicationController#authenticate'
  [1m[36mUser Load (0.0ms)[0m  [1m[34mSELECT "users".* FROM "users" WHERE "users"."id" = 1 LIMIT 1 /*action='index',application='Web',controller='notes'*/[0m
  ↳ app/controllers/application_controller.rb:17:in 'ApplicationController#authenticate'
Error checking database connection: undefined local variable or method 'connection_config' for class Note
  [1m[36mNote Count (0.0ms)[0m  [1m[34mSELECT COUNT(*) FROM "notes" /*action='index',application='Web',controller='notes'*/[0m
  ↳ app/controllers/notes_controller.rb:7:in 'NotesController#index'
  Rendering layout layouts/application.html.erb
  Rendering notes/index.html.erb within layouts/application
  [1m[36mNote Load (0.0ms)[0m  [1m[34mSELECT "notes".* FROM "notes" LIMIT 20 OFFSET 0 /*action='index',application='Web',controller='notes'*/[0m
  ↳ app/views/notes/index.html.erb:10
  Rendered notes/index.html.erb within layouts/application (Duration: 3.4ms | GC: 0.3ms)
  Rendered shared/_header.html.erb (Duration: 0.1ms | GC: 0.0ms)
  Rendered layout layouts/application.html.erb (Duration: 4.9ms | GC: 0.3ms)
Completed 200 OK in 49ms (Views: 5.1ms | ActiveRecord: 0.5ms (4 queries, 0 cached) | GC: 0.3ms)


Finished "/hotwire-spark" [WebSocket] for ::1 at 2025-03-13 21:37:37 +0000
Hotwire::Spark::Channel stopped streaming from hotwire_spark
Started GET "/hotwire-spark" for ::1 at 2025-03-13 21:37:37 +0000
Started GET "/hotwire-spark" [WebSocket] for ::1 at 2025-03-13 21:37:37 +0000
Successfully upgraded to WebSocket (REQUEST_METHOD: GET, HTTP_CONNECTION: Upgrade, HTTP_UPGRADE: websocket)
Hotwire::Spark::Channel is transmitting the subscription confirmation
Hotwire::Spark::Channel is streaming from hotwire_spark
[ActionCable] Broadcasting to hotwire_spark: {action: :reload_html, path: "/notes_controller.rb"}
Hotwire::Spark::Channel transmitting {"action" => "reload_html", "path" => "/notes_controller.rb"} (via streamed from hotwire_spark)
Started GET "/1/notes?hotwire_spark=true&reload=1741901875687" for ::1 at 2025-03-13 21:37:55 +0000
Processing by NotesController#index as HTML
  Parameters: {"hotwire_spark" => "true", "reload" => "1741901875687", "user_id" => "1"}
  [1m[36mSession Load (0.1ms)[0m  [1m[34mSELECT "sessions".* FROM "sessions" WHERE "sessions"."id" = 1 LIMIT 1 /*action='index',application='Web',controller='notes'*/[0m
  ↳ app/controllers/application_controller.rb:15:in 'ApplicationController#authenticate'
  [1m[36mUser Load (0.0ms)[0m  [1m[34mSELECT "users".* FROM "users" WHERE "users"."id" = 1 LIMIT 1 /*action='index',application='Web',controller='notes'*/[0m
  ↳ app/controllers/application_controller.rb:17:in 'ApplicationController#authenticate'
Error checking database connection: undefined local variable or method 'connection_config' for class Note
  [1m[36mNote Count (0.0ms)[0m  [1m[34mSELECT COUNT(*) FROM "notes" /*action='index',application='Web',controller='notes'*/[0m
  ↳ app/controllers/notes_controller.rb:7:in 'NotesController#index'
  Rendering layout layouts/application.html.erb
  Rendering notes/index.html.erb within layouts/application
  [1m[36mNote Load (0.1ms)[0m  [1m[34mSELECT "notes".* FROM "notes" ORDER BY "notes"."created_at" DESC LIMIT 20 OFFSET 0 /*action='index',application='Web',controller='notes'*/[0m
  ↳ app/views/notes/index.html.erb:10
  Rendered notes/index.html.erb within layouts/application (Duration: 6.5ms | GC: 0.1ms)
  Rendered shared/_header.html.erb (Duration: 0.4ms | GC: 0.0ms)
  Rendered layout layouts/application.html.erb (Duration: 10.2ms | GC: 0.2ms)
Completed 200 OK in 81ms (Views: 14.0ms | ActiveRecord: 1.9ms (4 queries, 0 cached) | GC: 0.5ms)


Started GET "/1/notes" for ::1 at 2025-03-13 21:37:56 +0000
Processing by NotesController#index as HTML
  Parameters: {"user_id" => "1"}
  [1m[36mSession Load (0.1ms)[0m  [1m[34mSELECT "sessions".* FROM "sessions" WHERE "sessions"."id" = 1 LIMIT 1 /*action='index',application='Web',controller='notes'*/[0m
  ↳ app/controllers/application_controller.rb:15:in 'ApplicationController#authenticate'
  [1m[36mUser Load (0.0ms)[0m  [1m[34mSELECT "users".* FROM "users" WHERE "users"."id" = 1 LIMIT 1 /*action='index',application='Web',controller='notes'*/[0m
  ↳ app/controllers/application_controller.rb:17:in 'ApplicationController#authenticate'
Error checking database connection: undefined local variable or method 'connection_config' for class Note
  [1m[36mNote Count (0.0ms)[0m  [1m[34mSELECT COUNT(*) FROM "notes" /*action='index',application='Web',controller='notes'*/[0m
  ↳ app/controllers/notes_controller.rb:7:in 'NotesController#index'
  Rendering layout layouts/application.html.erb
  Rendering notes/index.html.erb within layouts/application
  [1m[36mNote Load (0.1ms)[0m  [1m[34mSELECT "notes".* FROM "notes" ORDER BY "notes"."created_at" DESC LIMIT 20 OFFSET 0 /*action='index',application='Web',controller='notes'*/[0m
  ↳ app/views/notes/index.html.erb:10
  Rendered notes/index.html.erb within layouts/application (Duration: 3.4ms | GC: 0.0ms)
  Rendered shared/_header.html.erb (Duration: 0.1ms | GC: 0.0ms)
  Rendered layout layouts/application.html.erb (Duration: 4.5ms | GC: 0.0ms)
Completed 200 OK in 67ms (Views: 5.9ms | ActiveRecord: 0.6ms (4 queries, 0 cached) | GC: 0.1ms)


Finished "/hotwire-spark" [WebSocket] for ::1 at 2025-03-13 21:37:56 +0000
Hotwire::Spark::Channel stopped streaming from hotwire_spark
Started GET "/hotwire-spark" for ::1 at 2025-03-13 21:37:56 +0000
Started GET "/hotwire-spark" [WebSocket] for ::1 at 2025-03-13 21:37:56 +0000
Successfully upgraded to WebSocket (REQUEST_METHOD: GET, HTTP_CONNECTION: Upgrade, HTTP_UPGRADE: websocket)
Hotwire::Spark::Channel is transmitting the subscription confirmation
Hotwire::Spark::Channel is streaming from hotwire_spark
Started DELETE "/sessions/1" for ::1 at 2025-03-13 21:37:59 +0000
Processing by SessionsController#destroy as TURBO_STREAM
  Parameters: {"authenticity_token" => "[FILTERED]", "id" => "1"}
  [1m[36mSession Load (0.1ms)[0m  [1m[34mSELECT "sessions".* FROM "sessions" WHERE "sessions"."id" = 1 LIMIT 1 /*action='destroy',application='Web',controller='sessions'*/[0m
  ↳ app/controllers/application_controller.rb:15:in 'ApplicationController#authenticate'
  [1m[36mUser Load (0.0ms)[0m  [1m[34mSELECT "users".* FROM "users" WHERE "users"."id" = 1 LIMIT 1 /*action='destroy',application='Web',controller='sessions'*/[0m
  ↳ app/controllers/application_controller.rb:17:in 'ApplicationController#authenticate'
Error checking database connection: undefined local variable or method 'connection_config' for class Note
  [1m[36mSession Load (0.1ms)[0m  [1m[34mSELECT "sessions".* FROM "sessions" WHERE "sessions"."user_id" = 1 AND "sessions"."id" = 1 LIMIT 1 /*action='destroy',application='Web',controller='sessions'*/[0m
  ↳ app/controllers/sessions_controller.rb:44:in 'SessionsController#set_session'
  [1m[36mTRANSACTION (0.4ms)[0m  [1m[35mBEGIN immediate TRANSACTION /*action='destroy',application='Web',controller='sessions'*/[0m
  ↳ app/controllers/sessions_controller.rb:37:in 'SessionsController#destroy'
  [1m[36mSession Destroy (1.9ms)[0m  [1m[31mDELETE FROM "sessions" WHERE "sessions"."id" = 1 /*action='destroy',application='Web',controller='sessions'*/[0m
  ↳ app/controllers/sessions_controller.rb:37:in 'SessionsController#destroy'
  [1m[36mTRANSACTION (0.2ms)[0m  [1m[35mCOMMIT TRANSACTION /*action='destroy',application='Web',controller='sessions'*/[0m
  ↳ app/controllers/sessions_controller.rb:37:in 'SessionsController#destroy'
Redirected to http://localhost:3000/sessions
Completed 302 Found in 78ms (ActiveRecord: 3.0ms (4 queries, 0 cached) | GC: 0.1ms)


Started GET "/sessions" for ::1 at 2025-03-13 21:37:59 +0000
Processing by SessionsController#index as TURBO_STREAM
  [1m[36mSession Load (0.1ms)[0m  [1m[34mSELECT "sessions".* FROM "sessions" WHERE "sessions"."id" = 1 LIMIT 1 /*action='index',application='Web',controller='sessions'*/[0m
  ↳ app/controllers/application_controller.rb:15:in 'ApplicationController#authenticate'
Redirected to http://localhost:3000/sign_in
Filter chain halted as :authenticate rendered or redirected
Completed 302 Found in 30ms (ActiveRecord: 0.1ms (1 query, 0 cached) | GC: 0.1ms)


Started GET "/sign_in" for ::1 at 2025-03-13 21:37:59 +0000
Processing by SessionsController#new as TURBO_STREAM
  Rendering layout layouts/application.html.erb
  Rendering sessions/new.html.erb within layouts/application
  Rendered sessions/new.html.erb within layouts/application (Duration: 11.2ms | GC: 0.1ms)
  Rendered shared/_header.html.erb (Duration: 0.0ms | GC: 0.0ms)
  Rendered layout layouts/application.html.erb (Duration: 12.3ms | GC: 0.1ms)
Completed 200 OK in 40ms (Views: 13.1ms | ActiveRecord: 0.0ms (0 queries, 0 cached) | GC: 0.1ms)


Started POST "/sign_in" for ::1 at 2025-03-13 21:38:08 +0000
Processing by SessionsController#create as TURBO_STREAM
  Parameters: {"authenticity_token" => "[FILTERED]", "email" => "[FILTERED]", "password" => "[FILTERED]", "commit" => "Sign in"}
  [1m[36mUser Load (0.1ms)[0m  [1m[34mSELECT "users".* FROM "users" WHERE "users"."email" = 'admin@example.com' LIMIT 1 /*action='create',application='Web',controller='sessions'*/[0m
  ↳ app/controllers/sessions_controller.rb:14:in 'SessionsController#create'
  [1m[36mTRANSACTION (0.0ms)[0m  [1m[35mBEGIN immediate TRANSACTION /*action='create',application='Web',controller='sessions'*/[0m
  ↳ app/controllers/sessions_controller.rb:21:in 'SessionsController#create'
  [1m[36mSession Create (0.5ms)[0m  [1m[32mINSERT INTO "sessions" ("user_id", "user_agent", "ip_address", "created_at", "updated_at") VALUES (1, 'Mozilla/5.0 (Macintosh; Intel Mac OS X 10_15_7) AppleWebKit/537.36 (KHTML, like Gecko) Chrome/134.0.0.0 Safari/537.36', '::1', '2025-03-13 21:38:08.670847', '2025-03-13 21:38:08.670847') RETURNING "id" /*action='create',application='Web',controller='sessions'*/[0m
  ↳ app/controllers/sessions_controller.rb:21:in 'SessionsController#create'
  [1m[36mTRANSACTION (0.1ms)[0m  [1m[35mCOMMIT TRANSACTION /*action='create',application='Web',controller='sessions'*/[0m
  ↳ app/controllers/sessions_controller.rb:21:in 'SessionsController#create'
Error checking database connection: undefined local variable or method 'connection_config' for class Note
Redirected to http://localhost:3000/1/notes
Completed 302 Found in 319ms (ActiveRecord: 1.0ms (2 queries, 0 cached) | GC: 0.3ms)


Started GET "/1/notes" for ::1 at 2025-03-13 21:38:08 +0000
Processing by NotesController#index as TURBO_STREAM
  Parameters: {"user_id" => "1"}
  [1m[36mSession Load (0.1ms)[0m  [1m[34mSELECT "sessions".* FROM "sessions" WHERE "sessions"."id" = 3 LIMIT 1 /*action='index',application='Web',controller='notes'*/[0m
  ↳ app/controllers/application_controller.rb:15:in 'ApplicationController#authenticate'
  [1m[36mUser Load (0.0ms)[0m  [1m[34mSELECT "users".* FROM "users" WHERE "users"."id" = 1 LIMIT 1 /*action='index',application='Web',controller='notes'*/[0m
  ↳ app/controllers/application_controller.rb:17:in 'ApplicationController#authenticate'
Error checking database connection: undefined local variable or method 'connection_config' for class Note
  [1m[36mNote Count (0.0ms)[0m  [1m[34mSELECT COUNT(*) FROM "notes" /*action='index',application='Web',controller='notes'*/[0m
  ↳ app/controllers/notes_controller.rb:7:in 'NotesController#index'
  Rendering layout layouts/application.html.erb
  Rendering notes/index.html.erb within layouts/application
  [1m[36mNote Load (0.0ms)[0m  [1m[34mSELECT "notes".* FROM "notes" ORDER BY "notes"."created_at" DESC LIMIT 20 OFFSET 0 /*action='index',application='Web',controller='notes'*/[0m
  ↳ app/views/notes/index.html.erb:10
  Rendered notes/index.html.erb within layouts/application (Duration: 2.4ms | GC: 0.0ms)
  Rendered shared/_header.html.erb (Duration: 0.2ms | GC: 0.0ms)
  Rendered layout layouts/application.html.erb (Duration: 3.1ms | GC: 0.0ms)
Completed 200 OK in 33ms (Views: 4.4ms | ActiveRecord: 0.5ms (4 queries, 0 cached) | GC: 0.0ms)


[ActionCable] Broadcasting to hotwire_spark: {action: :reload_html, path: "/notes_controller.rb"}
Hotwire::Spark::Channel transmitting {"action" => "reload_html", "path" => "/notes_controller.rb"} (via streamed from hotwire_spark)
Started GET "/1/notes?hotwire_spark=true&reload=1741901896391" for ::1 at 2025-03-13 21:38:16 +0000
Processing by NotesController#index as HTML
  Parameters: {"hotwire_spark" => "true", "reload" => "1741901896391", "user_id" => "1"}
  [1m[36mSession Load (0.2ms)[0m  [1m[34mSELECT "sessions".* FROM "sessions" WHERE "sessions"."id" = 3 LIMIT 1 /*action='index',application='Web',controller='notes'*/[0m
  ↳ app/controllers/application_controller.rb:15:in 'ApplicationController#authenticate'
  [1m[36mUser Load (0.0ms)[0m  [1m[34mSELECT "users".* FROM "users" WHERE "users"."id" = 1 LIMIT 1 /*action='index',application='Web',controller='notes'*/[0m
  ↳ app/controllers/application_controller.rb:17:in 'ApplicationController#authenticate'
Error checking database connection: undefined local variable or method 'connection_config' for class Note
  [1m[36mNote Count (0.0ms)[0m  [1m[34mSELECT COUNT(*) FROM "notes" /*action='index',application='Web',controller='notes'*/[0m
  ↳ app/controllers/notes_controller.rb:6:in 'NotesController#index'
  Rendering layout layouts/application.html.erb
  Rendering notes/index.html.erb within layouts/application
  [1m[36mNote Load (0.1ms)[0m  [1m[34mSELECT "notes".* FROM "notes" ORDER BY "notes"."created_at" DESC LIMIT 20 OFFSET 0 /*action='index',application='Web',controller='notes'*/[0m
  ↳ app/views/notes/index.html.erb:10
  Rendered notes/index.html.erb within layouts/application (Duration: 7.1ms | GC: 0.0ms)
  Rendered shared/_header.html.erb (Duration: 0.4ms | GC: 0.0ms)
  Rendered layout layouts/application.html.erb (Duration: 10.7ms | GC: 0.0ms)
Completed 200 OK in 78ms (Views: 14.8ms | ActiveRecord: 2.0ms (4 queries, 0 cached) | GC: 0.0ms)


[ActionCable] Broadcasting to hotwire_spark: {action: :reload_html, path: "/notes/index.html.erb"}
Hotwire::Spark::Channel transmitting {"action" => "reload_html", "path" => "/notes/index.html.erb"} (via streamed from hotwire_spark)
Started GET "/1/notes?hotwire_spark=true&reload=1741902126000" for ::1 at 2025-03-13 21:42:06 +0000
Processing by NotesController#index as HTML
  Parameters: {"hotwire_spark" => "true", "reload" => "1741902126000", "user_id" => "1"}
  [1m[36mSession Load (0.1ms)[0m  [1m[34mSELECT "sessions".* FROM "sessions" WHERE "sessions"."id" = 3 LIMIT 1 /*action='index',application='Web',controller='notes'*/[0m
  ↳ app/controllers/application_controller.rb:15:in 'ApplicationController#authenticate'
  [1m[36mUser Load (0.0ms)[0m  [1m[34mSELECT "users".* FROM "users" WHERE "users"."id" = 1 LIMIT 1 /*action='index',application='Web',controller='notes'*/[0m
  ↳ app/controllers/application_controller.rb:17:in 'ApplicationController#authenticate'
Error checking database connection: undefined local variable or method 'connection_config' for class Note
  [1m[36mNote Count (0.0ms)[0m  [1m[34mSELECT COUNT(*) FROM "notes" /*action='index',application='Web',controller='notes'*/[0m
  ↳ app/controllers/notes_controller.rb:6:in 'NotesController#index'
  Rendering layout layouts/application.html.erb
  Rendering notes/index.html.erb within layouts/application
  Rendered notes/index.html.erb within layouts/application (Duration: 1.7ms | GC: 0.0ms)
  Rendered layout layouts/application.html.erb (Duration: 1.8ms | GC: 0.0ms)
Completed 500 Internal Server Error in 74ms (ActiveRecord: 1.9ms (3 queries, 0 cached) | GC: 0.8ms)


  
ActionView::Template::Error (undefined local variable or method 'page' for an instance of #<Class:0x0000000168ad84a0>)
Caused by: NameError (undefined local variable or method 'page' for an instance of #<Class:0x0000000168ad84a0>)

Information for: ActionView::Template::Error (undefined local variable or method 'page' for an instance of #<Class:0x0000000168ad84a0>):
     6:   </div>
     7: 
     8:   <div>
     9:     <%= page.page %>
    10:   </div>
    11: 
    12:   <%= turbo_frame_tag "notes" do %>
  
app/views/notes/index.html.erb:9

Information for cause: NameError (undefined local variable or method 'page' for an instance of #<Class:0x0000000168ad84a0>):
  
app/views/notes/index.html.erb:9
[ActionCable] Broadcasting to hotwire_spark: {action: :reload_html, path: "/notes/index.html.erb"}
Hotwire::Spark::Channel transmitting {"action" => "reload_html", "path" => "/notes/index.html.erb"} (via streamed from hotwire_spark)
Started GET "/1/notes?hotwire_spark=true&reload=1741902141256" for ::1 at 2025-03-13 21:42:21 +0000
Processing by NotesController#index as HTML
  Parameters: {"hotwire_spark" => "true", "reload" => "1741902141256", "user_id" => "1"}
  [1m[36mSession Load (0.2ms)[0m  [1m[34mSELECT "sessions".* FROM "sessions" WHERE "sessions"."id" = 3 LIMIT 1 /*action='index',application='Web',controller='notes'*/[0m
  ↳ app/controllers/application_controller.rb:15:in 'ApplicationController#authenticate'
  [1m[36mUser Load (0.0ms)[0m  [1m[34mSELECT "users".* FROM "users" WHERE "users"."id" = 1 LIMIT 1 /*action='index',application='Web',controller='notes'*/[0m
  ↳ app/controllers/application_controller.rb:17:in 'ApplicationController#authenticate'
Error checking database connection: undefined local variable or method 'connection_config' for class Note
  [1m[36mNote Count (0.0ms)[0m  [1m[34mSELECT COUNT(*) FROM "notes" /*action='index',application='Web',controller='notes'*/[0m
  ↳ app/controllers/notes_controller.rb:6:in 'NotesController#index'
  Rendering layout layouts/application.html.erb
  Rendering notes/index.html.erb within layouts/application
  Rendered notes/index.html.erb within layouts/application (Duration: 2.0ms | GC: 0.4ms)
  Rendered layout layouts/application.html.erb (Duration: 2.1ms | GC: 0.4ms)
Completed 500 Internal Server Error in 97ms (ActiveRecord: 2.1ms (3 queries, 0 cached) | GC: 10.7ms)


  
ActionView::Template::Error (undefined local variable or method 'page' for an instance of #<Class:0x000000016a535820>)
Caused by: NameError (undefined local variable or method 'page' for an instance of #<Class:0x000000016a535820>)

Information for: ActionView::Template::Error (undefined local variable or method 'page' for an instance of #<Class:0x000000016a535820>):
     6:   </div>
     7: 
     8:   <div>
     9:     xxx<%= page.page %>
    10:   </div>
    11: 
    12:   <%= turbo_frame_tag "notes" do %>
  
app/views/notes/index.html.erb:9

Information for cause: NameError (undefined local variable or method 'page' for an instance of #<Class:0x000000016a535820>):
  
app/views/notes/index.html.erb:9
Started GET "/1/notes" for ::1 at 2025-03-13 21:42:35 +0000
Processing by NotesController#index as HTML
  Parameters: {"user_id" => "1"}
  [1m[36mSession Load (0.1ms)[0m  [1m[34mSELECT "sessions".* FROM "sessions" WHERE "sessions"."id" = 3 LIMIT 1 /*action='index',application='Web',controller='notes'*/[0m
  ↳ app/controllers/application_controller.rb:15:in 'ApplicationController#authenticate'
  [1m[36mUser Load (0.0ms)[0m  [1m[34mSELECT "users".* FROM "users" WHERE "users"."id" = 1 LIMIT 1 /*action='index',application='Web',controller='notes'*/[0m
  ↳ app/controllers/application_controller.rb:17:in 'ApplicationController#authenticate'
Error checking database connection: undefined local variable or method 'connection_config' for class Note
  [1m[36mNote Count (0.0ms)[0m  [1m[34mSELECT COUNT(*) FROM "notes" /*action='index',application='Web',controller='notes'*/[0m
  ↳ app/controllers/notes_controller.rb:6:in 'NotesController#index'
  Rendering layout layouts/application.html.erb
  Rendering notes/index.html.erb within layouts/application
  Rendered notes/index.html.erb within layouts/application (Duration: 0.4ms | GC: 0.0ms)
  Rendered layout layouts/application.html.erb (Duration: 0.5ms | GC: 0.0ms)
Completed 500 Internal Server Error in 69ms (ActiveRecord: 0.5ms (3 queries, 0 cached) | GC: 0.0ms)


  
ActionView::Template::Error (undefined local variable or method 'page' for an instance of #<Class:0x000000016a535820>)
Caused by: NameError (undefined local variable or method 'page' for an instance of #<Class:0x000000016a535820>)

Information for: ActionView::Template::Error (undefined local variable or method 'page' for an instance of #<Class:0x000000016a535820>):
     6:   </div>
     7: 
     8:   <div>
     9:     xxx<%= page.page %>
    10:   </div>
    11: 
    12:   <%= turbo_frame_tag "notes" do %>
  
app/views/notes/index.html.erb:9

Information for cause: NameError (undefined local variable or method 'page' for an instance of #<Class:0x000000016a535820>):
  
app/views/notes/index.html.erb:9
Finished "/hotwire-spark" [WebSocket] for ::1 at 2025-03-13 21:42:36 +0000
Hotwire::Spark::Channel stopped streaming from hotwire_spark
[ActionCable] Broadcasting to hotwire_spark: {action: :reload_html, path: "/notes/index.html.erb"}
[ActionCable] Broadcasting to hotwire_spark: {action: :reload_html, path: "/notes/index.html.erb"}
Started GET "/1/notes" for ::1 at 2025-03-13 21:42:44 +0000
Processing by NotesController#index as HTML
  Parameters: {"user_id" => "1"}
  [1m[36mSession Load (0.2ms)[0m  [1m[34mSELECT "sessions".* FROM "sessions" WHERE "sessions"."id" = 3 LIMIT 1 /*action='index',application='Web',controller='notes'*/[0m
  ↳ app/controllers/application_controller.rb:15:in 'ApplicationController#authenticate'
  [1m[36mUser Load (0.0ms)[0m  [1m[34mSELECT "users".* FROM "users" WHERE "users"."id" = 1 LIMIT 1 /*action='index',application='Web',controller='notes'*/[0m
  ↳ app/controllers/application_controller.rb:17:in 'ApplicationController#authenticate'
Error checking database connection: undefined local variable or method 'connection_config' for class Note
  [1m[36mNote Count (0.0ms)[0m  [1m[34mSELECT COUNT(*) FROM "notes" /*action='index',application='Web',controller='notes'*/[0m
  ↳ app/controllers/notes_controller.rb:6:in 'NotesController#index'
  Rendering layout layouts/application.html.erb
  Rendering notes/index.html.erb within layouts/application
  Rendered notes/index.html.erb within layouts/application (Duration: 1.4ms | GC: 0.0ms)
  Rendered layout layouts/application.html.erb (Duration: 1.4ms | GC: 0.0ms)
Completed 500 Internal Server Error in 60ms (ActiveRecord: 1.9ms (3 queries, 0 cached) | GC: 0.0ms)


  
ActionView::Template::Error (undefined local variable or method 'pagy' for an instance of #<Class:0x000000016a1373b8>)
Caused by: NameError (undefined local variable or method 'pagy' for an instance of #<Class:0x000000016a1373b8>)

Information for: ActionView::Template::Error (undefined local variable or method 'pagy' for an instance of #<Class:0x000000016a1373b8>):
     6:   </div>
     7: 
     8:   <div>
     9:     xxx<%= pagy.page %>
    10:   </div>
    11: 
    12:   <%= turbo_frame_tag "notes" do %>
  
app/views/notes/index.html.erb:9

Information for cause: NameError (undefined local variable or method 'pagy' for an instance of #<Class:0x000000016a1373b8>):
  
app/views/notes/index.html.erb:9
Started GET "/1/notes" for ::1 at 2025-03-13 21:42:47 +0000
Processing by NotesController#index as HTML
  Parameters: {"user_id" => "1"}
  [1m[36mSession Load (0.1ms)[0m  [1m[34mSELECT "sessions".* FROM "sessions" WHERE "sessions"."id" = 3 LIMIT 1 /*action='index',application='Web',controller='notes'*/[0m
  ↳ app/controllers/application_controller.rb:15:in 'ApplicationController#authenticate'
  [1m[36mUser Load (0.0ms)[0m  [1m[34mSELECT "users".* FROM "users" WHERE "users"."id" = 1 LIMIT 1 /*action='index',application='Web',controller='notes'*/[0m
  ↳ app/controllers/application_controller.rb:17:in 'ApplicationController#authenticate'
Error checking database connection: undefined local variable or method 'connection_config' for class Note
  [1m[36mNote Count (0.0ms)[0m  [1m[34mSELECT COUNT(*) FROM "notes" /*action='index',application='Web',controller='notes'*/[0m
  ↳ app/controllers/notes_controller.rb:6:in 'NotesController#index'
  Rendering layout layouts/application.html.erb
  Rendering notes/index.html.erb within layouts/application
  Rendered notes/index.html.erb within layouts/application (Duration: 0.7ms | GC: 0.0ms)
  Rendered layout layouts/application.html.erb (Duration: 0.7ms | GC: 0.0ms)
Completed 500 Internal Server Error in 65ms (ActiveRecord: 0.6ms (3 queries, 0 cached) | GC: 0.0ms)


  
ActionView::Template::Error (undefined local variable or method 'pagy' for an instance of #<Class:0x000000016a1373b8>)
Caused by: NameError (undefined local variable or method 'pagy' for an instance of #<Class:0x000000016a1373b8>)

Information for: ActionView::Template::Error (undefined local variable or method 'pagy' for an instance of #<Class:0x000000016a1373b8>):
     6:   </div>
     7: 
     8:   <div>
     9:     xxx<%= pagy.page %>
    10:   </div>
    11: 
    12:   <%= turbo_frame_tag "notes" do %>
  
app/views/notes/index.html.erb:9

Information for cause: NameError (undefined local variable or method 'pagy' for an instance of #<Class:0x000000016a1373b8>):
  
app/views/notes/index.html.erb:9
Started GET "/1/notes" for ::1 at 2025-03-13 21:42:47 +0000
Processing by NotesController#index as HTML
  Parameters: {"user_id" => "1"}
  [1m[36mSession Load (0.1ms)[0m  [1m[34mSELECT "sessions".* FROM "sessions" WHERE "sessions"."id" = 3 LIMIT 1 /*action='index',application='Web',controller='notes'*/[0m
  ↳ app/controllers/application_controller.rb:15:in 'ApplicationController#authenticate'
  [1m[36mUser Load (0.0ms)[0m  [1m[34mSELECT "users".* FROM "users" WHERE "users"."id" = 1 LIMIT 1 /*action='index',application='Web',controller='notes'*/[0m
  ↳ app/controllers/application_controller.rb:17:in 'ApplicationController#authenticate'
Error checking database connection: undefined local variable or method 'connection_config' for class Note
  [1m[36mNote Count (0.0ms)[0m  [1m[34mSELECT COUNT(*) FROM "notes" /*action='index',application='Web',controller='notes'*/[0m
  ↳ app/controllers/notes_controller.rb:6:in 'NotesController#index'
  Rendering layout layouts/application.html.erb
  Rendering notes/index.html.erb within layouts/application
  Rendered notes/index.html.erb within layouts/application (Duration: 0.3ms | GC: 0.0ms)
  Rendered layout layouts/application.html.erb (Duration: 0.4ms | GC: 0.0ms)
Completed 500 Internal Server Error in 48ms (ActiveRecord: 0.5ms (3 queries, 0 cached) | GC: 0.0ms)


  
ActionView::Template::Error (undefined local variable or method 'pagy' for an instance of #<Class:0x000000016a1373b8>)
Caused by: NameError (undefined local variable or method 'pagy' for an instance of #<Class:0x000000016a1373b8>)

Information for: ActionView::Template::Error (undefined local variable or method 'pagy' for an instance of #<Class:0x000000016a1373b8>):
     6:   </div>
     7: 
     8:   <div>
     9:     xxx<%= pagy.page %>
    10:   </div>
    11: 
    12:   <%= turbo_frame_tag "notes" do %>
  
app/views/notes/index.html.erb:9

Information for cause: NameError (undefined local variable or method 'pagy' for an instance of #<Class:0x000000016a1373b8>):
  
app/views/notes/index.html.erb:9
[ActionCable] Broadcasting to hotwire_spark: {action: :reload_html, path: "/notes/index.html.erb"}
Started GET "/1/notes" for ::1 at 2025-03-13 21:42:54 +0000
Processing by NotesController#index as HTML
  Parameters: {"user_id" => "1"}
  [1m[36mSession Load (0.2ms)[0m  [1m[34mSELECT "sessions".* FROM "sessions" WHERE "sessions"."id" = 3 LIMIT 1 /*action='index',application='Web',controller='notes'*/[0m
  ↳ app/controllers/application_controller.rb:15:in 'ApplicationController#authenticate'
  [1m[36mUser Load (0.0ms)[0m  [1m[34mSELECT "users".* FROM "users" WHERE "users"."id" = 1 LIMIT 1 /*action='index',application='Web',controller='notes'*/[0m
  ↳ app/controllers/application_controller.rb:17:in 'ApplicationController#authenticate'
Error checking database connection: undefined local variable or method 'connection_config' for class Note
  [1m[36mNote Count (0.0ms)[0m  [1m[34mSELECT COUNT(*) FROM "notes" /*action='index',application='Web',controller='notes'*/[0m
  ↳ app/controllers/notes_controller.rb:6:in 'NotesController#index'
  Rendering layout layouts/application.html.erb
  Rendering notes/index.html.erb within layouts/application
  Rendered notes/index.html.erb within layouts/application (Duration: 1.3ms | GC: 0.0ms)
  Rendered layout layouts/application.html.erb (Duration: 1.4ms | GC: 0.0ms)
Completed 500 Internal Server Error in 64ms (ActiveRecord: 1.9ms (3 queries, 0 cached) | GC: 0.0ms)


  
ActionView::Template::Error (undefined local variable or method 'pagy' for an instance of #<Class:0x0000000169e39da0>)
Caused by: NameError (undefined local variable or method 'pagy' for an instance of #<Class:0x0000000169e39da0>)

Information for: ActionView::Template::Error (undefined local variable or method 'pagy' for an instance of #<Class:0x0000000169e39da0>):
     6:   </div>
     7: 
     8:   <div>
     9:     xxx<% pagy.page %>
    10:   </div>
    11: 
    12:   <%= turbo_frame_tag "notes" do %>
  
app/views/notes/index.html.erb:9

Information for cause: NameError (undefined local variable or method 'pagy' for an instance of #<Class:0x0000000169e39da0>):
  
app/views/notes/index.html.erb:9
[ActionCable] Broadcasting to hotwire_spark: {action: :reload_html, path: "/notes/index.html.erb"}
Started GET "/1/notes" for ::1 at 2025-03-13 21:45:32 +0000
Processing by NotesController#index as HTML
  Parameters: {"user_id" => "1"}
  [1m[36mSession Load (0.2ms)[0m  [1m[34mSELECT "sessions".* FROM "sessions" WHERE "sessions"."id" = 3 LIMIT 1 /*action='index',application='Web',controller='notes'*/[0m
  ↳ app/controllers/application_controller.rb:15:in 'ApplicationController#authenticate'
  [1m[36mUser Load (0.0ms)[0m  [1m[34mSELECT "users".* FROM "users" WHERE "users"."id" = 1 LIMIT 1 /*action='index',application='Web',controller='notes'*/[0m
  ↳ app/controllers/application_controller.rb:17:in 'ApplicationController#authenticate'
Error checking database connection: undefined local variable or method 'connection_config' for class Note
  [1m[36mNote Count (0.0ms)[0m  [1m[34mSELECT COUNT(*) FROM "notes" /*action='index',application='Web',controller='notes'*/[0m
  ↳ app/controllers/notes_controller.rb:6:in 'NotesController#index'
  Rendering layout layouts/application.html.erb
  Rendering notes/index.html.erb within layouts/application
  [1m[36mNote Load (0.1ms)[0m  [1m[34mSELECT "notes".* FROM "notes" ORDER BY "notes"."created_at" DESC LIMIT 20 OFFSET 0 /*action='index',application='Web',controller='notes'*/[0m
  ↳ app/views/notes/index.html.erb:14
  Rendered notes/index.html.erb within layouts/application (Duration: 6.0ms | GC: 0.0ms)
  Rendered shared/_header.html.erb (Duration: 0.8ms | GC: 0.0ms)
  Rendered layout layouts/application.html.erb (Duration: 11.9ms | GC: 0.0ms)
Completed 200 OK in 74ms (Views: 21.6ms | ActiveRecord: 2.1ms (4 queries, 0 cached) | GC: 0.0ms)


Started GET "/hotwire-spark" for ::1 at 2025-03-13 21:45:33 +0000
Started GET "/hotwire-spark" [WebSocket] for ::1 at 2025-03-13 21:45:33 +0000
Successfully upgraded to WebSocket (REQUEST_METHOD: GET, HTTP_CONNECTION: Upgrade, HTTP_UPGRADE: websocket)
Hotwire::Spark::Channel is transmitting the subscription confirmation
Hotwire::Spark::Channel is streaming from hotwire_spark
[ActionCable] Broadcasting to hotwire_spark: {action: :reload_html, path: "/notes/index.html.erb"}
Hotwire::Spark::Channel transmitting {"action" => "reload_html", "path" => "/notes/index.html.erb"} (via streamed from hotwire_spark)
Started GET "/1/notes?hotwire_spark=true&reload=1741902340959" for ::1 at 2025-03-13 21:45:40 +0000
Processing by NotesController#index as HTML
  Parameters: {"hotwire_spark" => "true", "reload" => "1741902340959", "user_id" => "1"}
  [1m[36mSession Load (0.2ms)[0m  [1m[34mSELECT "sessions".* FROM "sessions" WHERE "sessions"."id" = 3 LIMIT 1 /*action='index',application='Web',controller='notes'*/[0m
  ↳ app/controllers/application_controller.rb:15:in 'ApplicationController#authenticate'
  [1m[36mUser Load (0.0ms)[0m  [1m[34mSELECT "users".* FROM "users" WHERE "users"."id" = 1 LIMIT 1 /*action='index',application='Web',controller='notes'*/[0m
  ↳ app/controllers/application_controller.rb:17:in 'ApplicationController#authenticate'
Error checking database connection: undefined local variable or method 'connection_config' for class Note
  [1m[36mNote Count (0.0ms)[0m  [1m[34mSELECT COUNT(*) FROM "notes" /*action='index',application='Web',controller='notes'*/[0m
  ↳ app/controllers/notes_controller.rb:6:in 'NotesController#index'
  Rendering layout layouts/application.html.erb
  Rendering notes/index.html.erb within layouts/application
  Rendered notes/index.html.erb within layouts/application (Duration: 1.2ms | GC: 0.0ms)
  Rendered layout layouts/application.html.erb (Duration: 1.3ms | GC: 0.0ms)
Completed 500 Internal Server Error in 67ms (ActiveRecord: 2.1ms (3 queries, 0 cached) | GC: 5.6ms)


  
ActionView::Template::Error (undefined method 'page' for nil)
Caused by: NoMethodError (undefined method 'page' for nil)

Information for: ActionView::Template::Error (undefined method 'page' for nil):
     6:   </div>
     7: 
     8:   <div>
     9:     xxx<% @pgy.page %>
    10:   </div>
    11: 
    12:   <%= turbo_frame_tag "notes" do %>
  
app/views/notes/index.html.erb:9

Information for cause: NoMethodError (undefined method 'page' for nil):
  
app/views/notes/index.html.erb:9
Started GET "/1/notes" for ::1 at 2025-03-13 21:45:41 +0000
Processing by NotesController#index as HTML
  Parameters: {"user_id" => "1"}
  [1m[36mSession Load (0.1ms)[0m  [1m[34mSELECT "sessions".* FROM "sessions" WHERE "sessions"."id" = 3 LIMIT 1 /*action='index',application='Web',controller='notes'*/[0m
  ↳ app/controllers/application_controller.rb:15:in 'ApplicationController#authenticate'
  [1m[36mUser Load (0.0ms)[0m  [1m[34mSELECT "users".* FROM "users" WHERE "users"."id" = 1 LIMIT 1 /*action='index',application='Web',controller='notes'*/[0m
  ↳ app/controllers/application_controller.rb:17:in 'ApplicationController#authenticate'
Error checking database connection: undefined local variable or method 'connection_config' for class Note
  [1m[36mNote Count (0.1ms)[0m  [1m[34mSELECT COUNT(*) FROM "notes" /*action='index',application='Web',controller='notes'*/[0m
  ↳ app/controllers/notes_controller.rb:6:in 'NotesController#index'
  Rendering layout layouts/application.html.erb
  Rendering notes/index.html.erb within layouts/application
  Rendered notes/index.html.erb within layouts/application (Duration: 0.5ms | GC: 0.0ms)
  Rendered layout layouts/application.html.erb (Duration: 0.6ms | GC: 0.0ms)
Completed 500 Internal Server Error in 93ms (ActiveRecord: 0.5ms (3 queries, 0 cached) | GC: 0.0ms)


  
ActionView::Template::Error (undefined method 'page' for nil)
Caused by: NoMethodError (undefined method 'page' for nil)

Information for: ActionView::Template::Error (undefined method 'page' for nil):
     6:   </div>
     7: 
     8:   <div>
     9:     xxx<% @pgy.page %>
    10:   </div>
    11: 
    12:   <%= turbo_frame_tag "notes" do %>
  
app/views/notes/index.html.erb:9

Information for cause: NoMethodError (undefined method 'page' for nil):
  
app/views/notes/index.html.erb:9
Finished "/hotwire-spark" [WebSocket] for ::1 at 2025-03-13 21:45:42 +0000
Hotwire::Spark::Channel stopped streaming from hotwire_spark
[ActionCable] Broadcasting to hotwire_spark: {action: :reload_html, path: "/notes/index.html.erb"}
Started GET "/1/notes" for ::1 at 2025-03-13 21:45:45 +0000
Processing by NotesController#index as HTML
  Parameters: {"user_id" => "1"}
  [1m[36mSession Load (0.2ms)[0m  [1m[34mSELECT "sessions".* FROM "sessions" WHERE "sessions"."id" = 3 LIMIT 1 /*action='index',application='Web',controller='notes'*/[0m
  ↳ app/controllers/application_controller.rb:15:in 'ApplicationController#authenticate'
  [1m[36mUser Load (0.0ms)[0m  [1m[34mSELECT "users".* FROM "users" WHERE "users"."id" = 1 LIMIT 1 /*action='index',application='Web',controller='notes'*/[0m
  ↳ app/controllers/application_controller.rb:17:in 'ApplicationController#authenticate'
Error checking database connection: undefined local variable or method 'connection_config' for class Note
  [1m[36mNote Count (0.0ms)[0m  [1m[34mSELECT COUNT(*) FROM "notes" /*action='index',application='Web',controller='notes'*/[0m
  ↳ app/controllers/notes_controller.rb:6:in 'NotesController#index'
  Rendering layout layouts/application.html.erb
  Rendering notes/index.html.erb within layouts/application
  [1m[36mNote Load (0.1ms)[0m  [1m[34mSELECT "notes".* FROM "notes" ORDER BY "notes"."created_at" DESC LIMIT 20 OFFSET 0 /*action='index',application='Web',controller='notes'*/[0m
  ↳ app/views/notes/index.html.erb:14
  Rendered notes/index.html.erb within layouts/application (Duration: 5.9ms | GC: 0.0ms)
  Rendered shared/_header.html.erb (Duration: 0.4ms | GC: 0.0ms)
  Rendered layout layouts/application.html.erb (Duration: 10.8ms | GC: 0.0ms)
Completed 200 OK in 71ms (Views: 14.8ms | ActiveRecord: 2.4ms (4 queries, 0 cached) | GC: 0.0ms)


Started GET "/hotwire-spark" for ::1 at 2025-03-13 21:45:46 +0000
Started GET "/hotwire-spark" [WebSocket] for ::1 at 2025-03-13 21:45:46 +0000
Successfully upgraded to WebSocket (REQUEST_METHOD: GET, HTTP_CONNECTION: Upgrade, HTTP_UPGRADE: websocket)
Hotwire::Spark::Channel is transmitting the subscription confirmation
Hotwire::Spark::Channel is streaming from hotwire_spark
[ActionCable] Broadcasting to hotwire_spark: {action: :reload_html, path: "/notes/index.html.erb"}
Hotwire::Spark::Channel transmitting {"action" => "reload_html", "path" => "/notes/index.html.erb"} (via streamed from hotwire_spark)
Started GET "/1/notes?hotwire_spark=true&reload=1741902352297" for ::1 at 2025-03-13 21:45:52 +0000
Processing by NotesController#index as HTML
  Parameters: {"hotwire_spark" => "true", "reload" => "1741902352297", "user_id" => "1"}
  [1m[36mSession Load (0.2ms)[0m  [1m[34mSELECT "sessions".* FROM "sessions" WHERE "sessions"."id" = 3 LIMIT 1 /*action='index',application='Web',controller='notes'*/[0m
  ↳ app/controllers/application_controller.rb:15:in 'ApplicationController#authenticate'
  [1m[36mUser Load (0.0ms)[0m  [1m[34mSELECT "users".* FROM "users" WHERE "users"."id" = 1 LIMIT 1 /*action='index',application='Web',controller='notes'*/[0m
  ↳ app/controllers/application_controller.rb:17:in 'ApplicationController#authenticate'
Error checking database connection: undefined local variable or method 'connection_config' for class Note
  [1m[36mNote Count (0.0ms)[0m  [1m[34mSELECT COUNT(*) FROM "notes" /*action='index',application='Web',controller='notes'*/[0m
  ↳ app/controllers/notes_controller.rb:6:in 'NotesController#index'
  Rendering layout layouts/application.html.erb
  Rendering notes/index.html.erb within layouts/application
  [1m[36mNote Load (0.1ms)[0m  [1m[34mSELECT "notes".* FROM "notes" ORDER BY "notes"."created_at" DESC LIMIT 20 OFFSET 0 /*action='index',application='Web',controller='notes'*/[0m
  ↳ app/views/notes/index.html.erb:14
  Rendered notes/index.html.erb within layouts/application (Duration: 5.3ms | GC: 0.5ms)
  Rendered shared/_header.html.erb (Duration: 0.4ms | GC: 0.0ms)
  Rendered layout layouts/application.html.erb (Duration: 8.6ms | GC: 1.0ms)
Completed 200 OK in 70ms (Views: 10.8ms | ActiveRecord: 2.6ms (4 queries, 0 cached) | GC: 2.9ms)


Started GET "/1/notes" for ::1 at 2025-03-13 21:45:53 +0000
Processing by NotesController#index as HTML
  Parameters: {"user_id" => "1"}
  [1m[36mSession Load (0.1ms)[0m  [1m[34mSELECT "sessions".* FROM "sessions" WHERE "sessions"."id" = 3 LIMIT 1 /*action='index',application='Web',controller='notes'*/[0m
  ↳ app/controllers/application_controller.rb:15:in 'ApplicationController#authenticate'
  [1m[36mUser Load (0.0ms)[0m  [1m[34mSELECT "users".* FROM "users" WHERE "users"."id" = 1 LIMIT 1 /*action='index',application='Web',controller='notes'*/[0m
  ↳ app/controllers/application_controller.rb:17:in 'ApplicationController#authenticate'
Error checking database connection: undefined local variable or method 'connection_config' for class Note
  [1m[36mNote Count (0.0ms)[0m  [1m[34mSELECT COUNT(*) FROM "notes" /*action='index',application='Web',controller='notes'*/[0m
  ↳ app/controllers/notes_controller.rb:6:in 'NotesController#index'
  Rendering layout layouts/application.html.erb
  Rendering notes/index.html.erb within layouts/application
  [1m[36mNote Load (0.1ms)[0m  [1m[34mSELECT "notes".* FROM "notes" ORDER BY "notes"."created_at" DESC LIMIT 20 OFFSET 0 /*action='index',application='Web',controller='notes'*/[0m
  ↳ app/views/notes/index.html.erb:14
  Rendered notes/index.html.erb within layouts/application (Duration: 1.3ms | GC: 0.0ms)
  Rendered shared/_header.html.erb (Duration: 0.1ms | GC: 0.0ms)
  Rendered layout layouts/application.html.erb (Duration: 2.4ms | GC: 0.2ms)
Completed 200 OK in 61ms (Views: 2.6ms | ActiveRecord: 0.6ms (4 queries, 0 cached) | GC: 1.0ms)


Finished "/hotwire-spark" [WebSocket] for ::1 at 2025-03-13 21:45:53 +0000
Hotwire::Spark::Channel stopped streaming from hotwire_spark
Started GET "/hotwire-spark" for ::1 at 2025-03-13 21:45:53 +0000
Started GET "/hotwire-spark" [WebSocket] for ::1 at 2025-03-13 21:45:53 +0000
Successfully upgraded to WebSocket (REQUEST_METHOD: GET, HTTP_CONNECTION: Upgrade, HTTP_UPGRADE: websocket)
Hotwire::Spark::Channel is transmitting the subscription confirmation
Hotwire::Spark::Channel is streaming from hotwire_spark
[ActionCable] Broadcasting to hotwire_spark: {action: :reload_html, path: "/notes/index.html.erb"}
Hotwire::Spark::Channel transmitting {"action" => "reload_html", "path" => "/notes/index.html.erb"} (via streamed from hotwire_spark)
Started GET "/1/notes?hotwire_spark=true&reload=1741902356532" for ::1 at 2025-03-13 21:45:56 +0000
Processing by NotesController#index as HTML
  Parameters: {"hotwire_spark" => "true", "reload" => "1741902356532", "user_id" => "1"}
  [1m[36mSession Load (0.2ms)[0m  [1m[34mSELECT "sessions".* FROM "sessions" WHERE "sessions"."id" = 3 LIMIT 1 /*action='index',application='Web',controller='notes'*/[0m
  ↳ app/controllers/application_controller.rb:15:in 'ApplicationController#authenticate'
  [1m[36mUser Load (0.0ms)[0m  [1m[34mSELECT "users".* FROM "users" WHERE "users"."id" = 1 LIMIT 1 /*action='index',application='Web',controller='notes'*/[0m
  ↳ app/controllers/application_controller.rb:17:in 'ApplicationController#authenticate'
Error checking database connection: undefined local variable or method 'connection_config' for class Note
  [1m[36mNote Count (0.0ms)[0m  [1m[34mSELECT COUNT(*) FROM "notes" /*action='index',application='Web',controller='notes'*/[0m
  ↳ app/controllers/notes_controller.rb:6:in 'NotesController#index'
  Rendering layout layouts/application.html.erb
  Rendering notes/index.html.erb within layouts/application
  [1m[36mNote Load (0.1ms)[0m  [1m[34mSELECT "notes".* FROM "notes" ORDER BY "notes"."created_at" DESC LIMIT 20 OFFSET 0 /*action='index',application='Web',controller='notes'*/[0m
  ↳ app/views/notes/index.html.erb:14
  Rendered notes/index.html.erb within layouts/application (Duration: 5.3ms | GC: 0.1ms)
  Rendered shared/_header.html.erb (Duration: 0.4ms | GC: 0.0ms)
  Rendered layout layouts/application.html.erb (Duration: 8.2ms | GC: 0.3ms)
Completed 200 OK in 66ms (Views: 10.3ms | ActiveRecord: 2.2ms (4 queries, 0 cached) | GC: 1.2ms)


[ActionCable] Broadcasting to hotwire_spark: {action: :reload_html, path: "/notes/index.html.erb"}
Hotwire::Spark::Channel transmitting {"action" => "reload_html", "path" => "/notes/index.html.erb"} (via streamed from hotwire_spark)
Started GET "/1/notes?hotwire_spark=true&reload=1741902402314" for ::1 at 2025-03-13 21:46:42 +0000
Processing by NotesController#index as HTML
  Parameters: {"hotwire_spark" => "true", "reload" => "1741902402314", "user_id" => "1"}
  [1m[36mSession Load (0.2ms)[0m  [1m[34mSELECT "sessions".* FROM "sessions" WHERE "sessions"."id" = 3 LIMIT 1 /*action='index',application='Web',controller='notes'*/[0m
  ↳ app/controllers/application_controller.rb:15:in 'ApplicationController#authenticate'
  [1m[36mUser Load (0.0ms)[0m  [1m[34mSELECT "users".* FROM "users" WHERE "users"."id" = 1 LIMIT 1 /*action='index',application='Web',controller='notes'*/[0m
  ↳ app/controllers/application_controller.rb:17:in 'ApplicationController#authenticate'
Error checking database connection: undefined local variable or method 'connection_config' for class Note
  [1m[36mNote Count (0.1ms)[0m  [1m[34mSELECT COUNT(*) FROM "notes" /*action='index',application='Web',controller='notes'*/[0m
  ↳ app/controllers/notes_controller.rb:6:in 'NotesController#index'
  Rendering layout layouts/application.html.erb
  Rendering notes/index.html.erb within layouts/application
  [1m[36mNote Load (0.1ms)[0m  [1m[34mSELECT "notes".* FROM "notes" ORDER BY "notes"."created_at" DESC LIMIT 20 OFFSET 0 /*action='index',application='Web',controller='notes'*/[0m
  ↳ app/views/notes/index.html.erb:17
  Rendered notes/index.html.erb within layouts/application (Duration: 5.2ms | GC: 0.0ms)
  Rendered shared/_header.html.erb (Duration: 0.4ms | GC: 0.0ms)
  Rendered layout layouts/application.html.erb (Duration: 8.5ms | GC: 0.0ms)
Completed 200 OK in 68ms (Views: 10.8ms | ActiveRecord: 2.5ms (4 queries, 0 cached) | GC: 0.0ms)


[ActionCable] Broadcasting to hotwire_spark: {action: :reload_html, path: "/notes/index.html.erb"}
Hotwire::Spark::Channel transmitting {"action" => "reload_html", "path" => "/notes/index.html.erb"} (via streamed from hotwire_spark)
Started GET "/1/notes?hotwire_spark=true&reload=1741902484807" for ::1 at 2025-03-13 21:48:04 +0000
Processing by NotesController#index as HTML
  Parameters: {"hotwire_spark" => "true", "reload" => "1741902484807", "user_id" => "1"}
  [1m[36mSession Load (0.2ms)[0m  [1m[34mSELECT "sessions".* FROM "sessions" WHERE "sessions"."id" = 3 LIMIT 1 /*action='index',application='Web',controller='notes'*/[0m
  ↳ app/controllers/application_controller.rb:15:in 'ApplicationController#authenticate'
  [1m[36mUser Load (0.0ms)[0m  [1m[34mSELECT "users".* FROM "users" WHERE "users"."id" = 1 LIMIT 1 /*action='index',application='Web',controller='notes'*/[0m
  ↳ app/controllers/application_controller.rb:17:in 'ApplicationController#authenticate'
Error checking database connection: undefined local variable or method 'connection_config' for class Note
  [1m[36mNote Count (0.0ms)[0m  [1m[34mSELECT COUNT(*) FROM "notes" /*action='index',application='Web',controller='notes'*/[0m
  ↳ app/controllers/notes_controller.rb:6:in 'NotesController#index'
  Rendering layout layouts/application.html.erb
  Rendering notes/index.html.erb within layouts/application
  [1m[36mNote Load (0.1ms)[0m  [1m[34mSELECT "notes".* FROM "notes" ORDER BY "notes"."created_at" DESC LIMIT 20 OFFSET 0 /*action='index',application='Web',controller='notes'*/[0m
  ↳ app/views/notes/index.html.erb:17
  Rendered notes/index.html.erb within layouts/application (Duration: 5.0ms | GC: 0.0ms)
  Rendered shared/_header.html.erb (Duration: 0.5ms | GC: 0.0ms)
  Rendered layout layouts/application.html.erb (Duration: 8.2ms | GC: 0.0ms)
Completed 200 OK in 72ms (Views: 10.2ms | ActiveRecord: 5.4ms (4 queries, 0 cached) | GC: 0.0ms)


[ActionCable] Broadcasting to hotwire_spark: {action: :reload_html, path: "/notes_controller.rb"}
Hotwire::Spark::Channel transmitting {"action" => "reload_html", "path" => "/notes_controller.rb"} (via streamed from hotwire_spark)
Started GET "/1/notes?hotwire_spark=true&reload=1741902639338" for ::1 at 2025-03-13 21:50:39 +0000
Processing by NotesController#index as HTML
  Parameters: {"hotwire_spark" => "true", "reload" => "1741902639338", "user_id" => "1"}
  [1m[36mSession Load (0.2ms)[0m  [1m[34mSELECT "sessions".* FROM "sessions" WHERE "sessions"."id" = 3 LIMIT 1 /*action='index',application='Web',controller='notes'*/[0m
  ↳ app/controllers/application_controller.rb:15:in 'ApplicationController#authenticate'
  [1m[36mUser Load (0.0ms)[0m  [1m[34mSELECT "users".* FROM "users" WHERE "users"."id" = 1 LIMIT 1 /*action='index',application='Web',controller='notes'*/[0m
  ↳ app/controllers/application_controller.rb:17:in 'ApplicationController#authenticate'
Error checking database connection: undefined local variable or method 'connection_config' for class Note
  [1m[36mNote Count (0.0ms)[0m  [1m[34mSELECT COUNT(*) FROM "notes" /*action='index',application='Web',controller='notes'*/[0m
  ↳ app/controllers/notes_controller.rb:7:in 'NotesController#index'
  Rendering layout layouts/application.html.erb
  Rendering notes/index.html.erb within layouts/application
  [1m[36mNote Load (0.1ms)[0m  [1m[34mSELECT "notes".* FROM "notes" LIMIT 20 OFFSET 0 /*action='index',application='Web',controller='notes'*/[0m
  ↳ app/views/notes/index.html.erb:17
  Rendered notes/index.html.erb within layouts/application (Duration: 4.4ms | GC: 0.0ms)
  Rendered shared/_header.html.erb (Duration: 0.4ms | GC: 0.0ms)
  Rendered layout layouts/application.html.erb (Duration: 7.5ms | GC: 0.0ms)
Completed 200 OK in 61ms (Views: 9.4ms | ActiveRecord: 2.1ms (4 queries, 0 cached) | GC: 0.0ms)


[ActionCable] Broadcasting to hotwire_spark: {action: :reload_html, path: "/notes/index.html.erb"}
Hotwire::Spark::Channel transmitting {"action" => "reload_html", "path" => "/notes/index.html.erb"} (via streamed from hotwire_spark)
Started GET "/1/notes?hotwire_spark=true&reload=1741902736308" for ::1 at 2025-03-13 21:52:16 +0000
Processing by NotesController#index as HTML
  Parameters: {"hotwire_spark" => "true", "reload" => "1741902736308", "user_id" => "1"}
  [1m[36mSession Load (0.2ms)[0m  [1m[34mSELECT "sessions".* FROM "sessions" WHERE "sessions"."id" = 3 LIMIT 1 /*action='index',application='Web',controller='notes'*/[0m
  ↳ app/controllers/application_controller.rb:15:in 'ApplicationController#authenticate'
  [1m[36mUser Load (0.0ms)[0m  [1m[34mSELECT "users".* FROM "users" WHERE "users"."id" = 1 LIMIT 1 /*action='index',application='Web',controller='notes'*/[0m
  ↳ app/controllers/application_controller.rb:17:in 'ApplicationController#authenticate'
Error checking database connection: undefined local variable or method 'connection_config' for class Note
  [1m[36mNote Count (0.0ms)[0m  [1m[34mSELECT COUNT(*) FROM "notes" /*action='index',application='Web',controller='notes'*/[0m
  ↳ app/controllers/notes_controller.rb:7:in 'NotesController#index'
  Rendering layout layouts/application.html.erb
  Rendering notes/index.html.erb within layouts/application
  [1m[36mNote Load (0.0ms)[0m  [1m[34mSELECT "notes".* FROM "notes" LIMIT 20 OFFSET 0 /*action='index',application='Web',controller='notes'*/[0m
  ↳ app/views/notes/index.html.erb:20
  Rendered notes/index.html.erb within layouts/application (Duration: 4.2ms | GC: 0.0ms)
  Rendered shared/_header.html.erb (Duration: 0.4ms | GC: 0.0ms)
  Rendered layout layouts/application.html.erb (Duration: 6.6ms | GC: 0.0ms)
Completed 200 OK in 65ms (Views: 8.4ms | ActiveRecord: 5.0ms (4 queries, 0 cached) | GC: 0.0ms)


[ActionCable] Broadcasting to hotwire_spark: {action: :reload_html, path: "/notes/index.html.erb"}
Hotwire::Spark::Channel transmitting {"action" => "reload_html", "path" => "/notes/index.html.erb"} (via streamed from hotwire_spark)
Started GET "/1/notes?hotwire_spark=true&reload=1741902744609" for ::1 at 2025-03-13 21:52:24 +0000
Processing by NotesController#index as HTML
  Parameters: {"hotwire_spark" => "true", "reload" => "1741902744609", "user_id" => "1"}
  [1m[36mSession Load (0.2ms)[0m  [1m[34mSELECT "sessions".* FROM "sessions" WHERE "sessions"."id" = 3 LIMIT 1 /*action='index',application='Web',controller='notes'*/[0m
  ↳ app/controllers/application_controller.rb:15:in 'ApplicationController#authenticate'
  [1m[36mUser Load (0.0ms)[0m  [1m[34mSELECT "users".* FROM "users" WHERE "users"."id" = 1 LIMIT 1 /*action='index',application='Web',controller='notes'*/[0m
  ↳ app/controllers/application_controller.rb:17:in 'ApplicationController#authenticate'
Error checking database connection: undefined local variable or method 'connection_config' for class Note
  [1m[36mNote Count (0.0ms)[0m  [1m[34mSELECT COUNT(*) FROM "notes" /*action='index',application='Web',controller='notes'*/[0m
  ↳ app/controllers/notes_controller.rb:7:in 'NotesController#index'
  Rendering layout layouts/application.html.erb
  Rendering notes/index.html.erb within layouts/application
  [1m[36mNote Load (0.1ms)[0m  [1m[34mSELECT "notes".* FROM "notes" LIMIT 20 OFFSET 0 /*action='index',application='Web',controller='notes'*/[0m
  ↳ app/views/notes/index.html.erb:20
  Rendered notes/index.html.erb within layouts/application (Duration: 4.4ms | GC: 0.0ms)
  Rendered shared/_header.html.erb (Duration: 0.3ms | GC: 0.0ms)
  Rendered layout layouts/application.html.erb (Duration: 6.6ms | GC: 0.0ms)
Completed 200 OK in 57ms (Views: 8.3ms | ActiveRecord: 2.5ms (4 queries, 0 cached) | GC: 0.0ms)


[ActionCable] Broadcasting to hotwire_spark: {action: :reload_html, path: "/notes_controller.rb"}
Hotwire::Spark::Channel transmitting {"action" => "reload_html", "path" => "/notes_controller.rb"} (via streamed from hotwire_spark)
Started GET "/1/notes?hotwire_spark=true&reload=1741902844808" for ::1 at 2025-03-13 21:54:04 +0000
Processing by NotesController#index as HTML
  Parameters: {"hotwire_spark" => "true", "reload" => "1741902844808", "user_id" => "1"}
  [1m[36mSession Load (0.2ms)[0m  [1m[34mSELECT "sessions".* FROM "sessions" WHERE "sessions"."id" = 3 LIMIT 1 /*action='index',application='Web',controller='notes'*/[0m
  ↳ app/controllers/application_controller.rb:15:in 'ApplicationController#authenticate'
  [1m[36mUser Load (0.0ms)[0m  [1m[34mSELECT "users".* FROM "users" WHERE "users"."id" = 1 LIMIT 1 /*action='index',application='Web',controller='notes'*/[0m
  ↳ app/controllers/application_controller.rb:17:in 'ApplicationController#authenticate'
Error checking database connection: undefined local variable or method 'connection_config' for class Note
  [1m[36mNote Count (0.0ms)[0m  [1m[34mSELECT COUNT(*) FROM "notes" /*action='index',application='Web',controller='notes'*/[0m
  ↳ app/controllers/notes_controller.rb:6:in 'NotesController#index'
  Rendering layout layouts/application.html.erb
  Rendering notes/index.html.erb within layouts/application
  [1m[36mNote Load (0.1ms)[0m  [1m[34mSELECT "notes".* FROM "notes" ORDER BY "notes"."created_at" DESC LIMIT 20 OFFSET 0 /*action='index',application='Web',controller='notes'*/[0m
  ↳ app/views/notes/index.html.erb:20
  Rendered notes/index.html.erb within layouts/application (Duration: 3.9ms | GC: 0.0ms)
  Rendered shared/_header.html.erb (Duration: 0.3ms | GC: 0.0ms)
  Rendered layout layouts/application.html.erb (Duration: 6.2ms | GC: 0.0ms)
Completed 200 OK in 60ms (Views: 8.0ms | ActiveRecord: 2.2ms (4 queries, 0 cached) | GC: 0.0ms)


[ActionCable] Broadcasting to hotwire_spark: {action: :reload_html, path: "/notes_controller.rb"}
Hotwire::Spark::Channel transmitting {"action" => "reload_html", "path" => "/notes_controller.rb"} (via streamed from hotwire_spark)
Started GET "/1/notes?hotwire_spark=true&reload=1741902894801" for ::1 at 2025-03-13 21:54:54 +0000
Processing by NotesController#index as HTML
  Parameters: {"hotwire_spark" => "true", "reload" => "1741902894801", "user_id" => "1"}
  [1m[36mSession Load (0.3ms)[0m  [1m[34mSELECT "sessions".* FROM "sessions" WHERE "sessions"."id" = 3 LIMIT 1 /*action='index',application='Web',controller='notes'*/[0m
  ↳ app/controllers/application_controller.rb:15:in 'ApplicationController#authenticate'
  [1m[36mUser Load (0.0ms)[0m  [1m[34mSELECT "users".* FROM "users" WHERE "users"."id" = 1 LIMIT 1 /*action='index',application='Web',controller='notes'*/[0m
  ↳ app/controllers/application_controller.rb:17:in 'ApplicationController#authenticate'
Error checking database connection: undefined local variable or method 'connection_config' for class Note
  Rendering layout layouts/application.html.erb
  Rendering notes/index.html.erb within layouts/application
  Rendered notes/index.html.erb within layouts/application (Duration: 2.2ms | GC: 0.5ms)
  Rendered layout layouts/application.html.erb (Duration: 2.3ms | GC: 0.5ms)
Completed 500 Internal Server Error in 61ms (ActiveRecord: 2.9ms (2 queries, 0 cached) | GC: 1.6ms)


  
ActionView::Template::Error (undefined method 'page' for nil)
Caused by: NoMethodError (undefined method 'page' for nil)

Information for: ActionView::Template::Error (undefined method 'page' for nil):
     6:   </div>
     7: 
     8:   <div>
     9:     x <%= @pagy.page %>
    10:   </div>
    11:   <div>
    12:     x <%= @pagy.last %>
  
app/views/notes/index.html.erb:9

Information for cause: NoMethodError (undefined method 'page' for nil):
  
app/views/notes/index.html.erb:9
Started GET "/1/notes" for ::1 at 2025-03-13 21:55:01 +0000
Processing by NotesController#index as HTML
  Parameters: {"user_id" => "1"}
  [1m[36mSession Load (0.1ms)[0m  [1m[34mSELECT "sessions".* FROM "sessions" WHERE "sessions"."id" = 3 LIMIT 1 /*action='index',application='Web',controller='notes'*/[0m
  ↳ app/controllers/application_controller.rb:15:in 'ApplicationController#authenticate'
  [1m[36mUser Load (0.0ms)[0m  [1m[34mSELECT "users".* FROM "users" WHERE "users"."id" = 1 LIMIT 1 /*action='index',application='Web',controller='notes'*/[0m
  ↳ app/controllers/application_controller.rb:17:in 'ApplicationController#authenticate'
Error checking database connection: undefined local variable or method 'connection_config' for class Note
  Rendering layout layouts/application.html.erb
  Rendering notes/index.html.erb within layouts/application
  Rendered notes/index.html.erb within layouts/application (Duration: 0.9ms | GC: 0.0ms)
  Rendered layout layouts/application.html.erb (Duration: 1.0ms | GC: 0.0ms)
Completed 500 Internal Server Error in 50ms (ActiveRecord: 0.5ms (2 queries, 0 cached) | GC: 0.0ms)


  
ActionView::Template::Error (undefined method 'page' for nil)
Caused by: NoMethodError (undefined method 'page' for nil)

Information for: ActionView::Template::Error (undefined method 'page' for nil):
     6:   </div>
     7: 
     8:   <div>
     9:     x <%= @pagy.page %>
    10:   </div>
    11:   <div>
    12:     x <%= @pagy.last %>
  
app/views/notes/index.html.erb:9

Information for cause: NoMethodError (undefined method 'page' for nil):
  
app/views/notes/index.html.erb:9
Finished "/hotwire-spark" [WebSocket] for ::1 at 2025-03-13 21:55:01 +0000
Hotwire::Spark::Channel stopped streaming from hotwire_spark
[ActionCable] Broadcasting to hotwire_spark: {action: :reload_html, path: "/notes/index.html.erb"}
Started GET "/1/notes" for ::1 at 2025-03-13 21:55:14 +0000
Processing by NotesController#index as HTML
  Parameters: {"user_id" => "1"}
  [1m[36mSession Load (0.2ms)[0m  [1m[34mSELECT "sessions".* FROM "sessions" WHERE "sessions"."id" = 3 LIMIT 1 /*action='index',application='Web',controller='notes'*/[0m
  ↳ app/controllers/application_controller.rb:15:in 'ApplicationController#authenticate'
  [1m[36mUser Load (0.0ms)[0m  [1m[34mSELECT "users".* FROM "users" WHERE "users"."id" = 1 LIMIT 1 /*action='index',application='Web',controller='notes'*/[0m
  ↳ app/controllers/application_controller.rb:17:in 'ApplicationController#authenticate'
Error checking database connection: undefined local variable or method 'connection_config' for class Note
  Rendering layout layouts/application.html.erb
  Rendering notes/index.html.erb within layouts/application
  [1m[36mNote Load (0.1ms)[0m  [1m[34mSELECT "notes".* FROM "notes" ORDER BY "notes"."created_at" DESC /*action='index',application='Web',controller='notes'*/[0m
  ↳ app/views/notes/index.html.erb:10
  Rendered notes/index.html.erb within layouts/application (Duration: 4.1ms | GC: 0.0ms)
  Rendered shared/_header.html.erb (Duration: 0.4ms | GC: 0.0ms)
  Rendered layout layouts/application.html.erb (Duration: 6.7ms | GC: 0.0ms)
Completed 200 OK in 63ms (Views: 8.6ms | ActiveRecord: 4.3ms (3 queries, 0 cached) | GC: 0.0ms)


Started GET "/hotwire-spark" for ::1 at 2025-03-13 21:55:14 +0000
Started GET "/hotwire-spark" [WebSocket] for ::1 at 2025-03-13 21:55:14 +0000
Successfully upgraded to WebSocket (REQUEST_METHOD: GET, HTTP_CONNECTION: Upgrade, HTTP_UPGRADE: websocket)
Hotwire::Spark::Channel is transmitting the subscription confirmation
Hotwire::Spark::Channel is streaming from hotwire_spark
[ActionCable] Broadcasting to hotwire_spark: {action: :reload_html, path: "/notes_controller.rb"}
Hotwire::Spark::Channel transmitting {"action" => "reload_html", "path" => "/notes_controller.rb"} (via streamed from hotwire_spark)
Started GET "/1/notes?hotwire_spark=true&reload=1741902938023" for ::1 at 2025-03-13 21:55:38 +0000
Processing by NotesController#index as HTML
  Parameters: {"hotwire_spark" => "true", "reload" => "1741902938023", "user_id" => "1"}
  [1m[36mSession Load (0.2ms)[0m  [1m[34mSELECT "sessions".* FROM "sessions" WHERE "sessions"."id" = 3 LIMIT 1 /*action='index',application='Web',controller='notes'*/[0m
  ↳ app/controllers/application_controller.rb:15:in 'ApplicationController#authenticate'
  [1m[36mUser Load (0.1ms)[0m  [1m[34mSELECT "users".* FROM "users" WHERE "users"."id" = 1 LIMIT 1 /*action='index',application='Web',controller='notes'*/[0m
  ↳ app/controllers/application_controller.rb:17:in 'ApplicationController#authenticate'
Error checking database connection: undefined local variable or method 'connection_config' for class Note
  [1m[36mNote Count (0.0ms)[0m  [1m[34mSELECT COUNT(*) FROM "notes" /*action='index',application='Web',controller='notes'*/[0m
  ↳ app/controllers/notes_controller.rb:7:in 'NotesController#index'
  Rendering layout layouts/application.html.erb
  Rendering notes/index.html.erb within layouts/application
  [1m[36mNote Load (0.1ms)[0m  [1m[34mSELECT "notes".* FROM "notes" ORDER BY "notes"."created_at" DESC LIMIT 20 OFFSET 0 /*action='index',application='Web',controller='notes'*/[0m
  ↳ app/views/notes/index.html.erb:10
  Rendered notes/index.html.erb within layouts/application (Duration: 3.5ms | GC: 0.0ms)
  Rendered shared/_header.html.erb (Duration: 0.3ms | GC: 0.0ms)
  Rendered layout layouts/application.html.erb (Duration: 5.7ms | GC: 0.0ms)
Completed 200 OK in 63ms (Views: 7.4ms | ActiveRecord: 5.8ms (4 queries, 0 cached) | GC: 0.1ms)


Started GET "/1/notes" for ::1 at 2025-03-13 21:55:44 +0000
Processing by NotesController#index as HTML
  Parameters: {"user_id" => "1"}
  [1m[36mSession Load (0.2ms)[0m  [1m[34mSELECT "sessions".* FROM "sessions" WHERE "sessions"."id" = 3 LIMIT 1 /*action='index',application='Web',controller='notes'*/[0m
  ↳ app/controllers/application_controller.rb:15:in 'ApplicationController#authenticate'
  [1m[36mUser Load (0.0ms)[0m  [1m[34mSELECT "users".* FROM "users" WHERE "users"."id" = 1 LIMIT 1 /*action='index',application='Web',controller='notes'*/[0m
  ↳ app/controllers/application_controller.rb:17:in 'ApplicationController#authenticate'
Error checking database connection: undefined local variable or method 'connection_config' for class Note
  [1m[36mNote Count (0.0ms)[0m  [1m[34mSELECT COUNT(*) FROM "notes" /*action='index',application='Web',controller='notes'*/[0m
  ↳ app/controllers/notes_controller.rb:7:in 'NotesController#index'
  Rendering layout layouts/application.html.erb
  Rendering notes/index.html.erb within layouts/application
  [1m[36mNote Load (0.1ms)[0m  [1m[34mSELECT "notes".* FROM "notes" ORDER BY "notes"."created_at" DESC LIMIT 20 OFFSET 0 /*action='index',application='Web',controller='notes'*/[0m
  ↳ app/views/notes/index.html.erb:10
  Rendered notes/index.html.erb within layouts/application (Duration: 1.1ms | GC: 0.0ms)
  Rendered shared/_header.html.erb (Duration: 0.1ms | GC: 0.0ms)
  Rendered layout layouts/application.html.erb (Duration: 1.9ms | GC: 0.0ms)
Completed 200 OK in 60ms (Views: 2.0ms | ActiveRecord: 0.7ms (4 queries, 0 cached) | GC: 0.0ms)


Finished "/hotwire-spark" [WebSocket] for ::1 at 2025-03-13 21:55:44 +0000
Hotwire::Spark::Channel stopped streaming from hotwire_spark
Started GET "/hotwire-spark" for ::1 at 2025-03-13 21:55:44 +0000
Started GET "/hotwire-spark" [WebSocket] for ::1 at 2025-03-13 21:55:44 +0000
Successfully upgraded to WebSocket (REQUEST_METHOD: GET, HTTP_CONNECTION: Upgrade, HTTP_UPGRADE: websocket)
Hotwire::Spark::Channel is transmitting the subscription confirmation
Hotwire::Spark::Channel is streaming from hotwire_spark
Started GET "/1/notes" for ::1 at 2025-03-13 21:57:35 +0000
Processing by NotesController#index as HTML
  Parameters: {"user_id" => "1"}
  [1m[36mSession Load (0.1ms)[0m  [1m[34mSELECT "sessions".* FROM "sessions" WHERE "sessions"."id" = 3 LIMIT 1 /*action='index',application='Web',controller='notes'*/[0m
  ↳ app/controllers/application_controller.rb:15:in 'ApplicationController#authenticate'
  [1m[36mUser Load (0.0ms)[0m  [1m[34mSELECT "users".* FROM "users" WHERE "users"."id" = 1 LIMIT 1 /*action='index',application='Web',controller='notes'*/[0m
  ↳ app/controllers/application_controller.rb:17:in 'ApplicationController#authenticate'
Error checking database connection: undefined local variable or method 'connection_config' for class Note
  [1m[36mNote Count (0.0ms)[0m  [1m[34mSELECT COUNT(*) FROM "notes" /*action='index',application='Web',controller='notes'*/[0m
  ↳ app/controllers/notes_controller.rb:7:in 'NotesController#index'
  Rendering layout layouts/application.html.erb
  Rendering notes/index.html.erb within layouts/application
  [1m[36mNote Load (0.1ms)[0m  [1m[34mSELECT "notes".* FROM "notes" ORDER BY "notes"."created_at" DESC LIMIT 20 OFFSET 0 /*action='index',application='Web',controller='notes'*/[0m
  ↳ app/views/notes/index.html.erb:10
  Rendered notes/index.html.erb within layouts/application (Duration: 1.1ms | GC: 0.0ms)
  Rendered shared/_header.html.erb (Duration: 0.1ms | GC: 0.0ms)
  Rendered layout layouts/application.html.erb (Duration: 1.6ms | GC: 0.0ms)
Completed 200 OK in 61ms (Views: 1.7ms | ActiveRecord: 0.6ms (4 queries, 0 cached) | GC: 0.0ms)


Finished "/hotwire-spark" [WebSocket] for ::1 at 2025-03-13 21:57:35 +0000
Hotwire::Spark::Channel stopped streaming from hotwire_spark
Started GET "/hotwire-spark" for ::1 at 2025-03-13 21:57:35 +0000
Started GET "/hotwire-spark" [WebSocket] for ::1 at 2025-03-13 21:57:35 +0000
Successfully upgraded to WebSocket (REQUEST_METHOD: GET, HTTP_CONNECTION: Upgrade, HTTP_UPGRADE: websocket)
Hotwire::Spark::Channel is transmitting the subscription confirmation
Hotwire::Spark::Channel is streaming from hotwire_spark
Started GET "/1/notes" for ::1 at 2025-03-13 21:57:44 +0000
Processing by NotesController#index as HTML
  Parameters: {"user_id" => "1"}
  [1m[36mSession Load (0.1ms)[0m  [1m[34mSELECT "sessions".* FROM "sessions" WHERE "sessions"."id" = 3 LIMIT 1 /*action='index',application='Web',controller='notes'*/[0m
  ↳ app/controllers/application_controller.rb:15:in 'ApplicationController#authenticate'
  [1m[36mUser Load (0.0ms)[0m  [1m[34mSELECT "users".* FROM "users" WHERE "users"."id" = 1 LIMIT 1 /*action='index',application='Web',controller='notes'*/[0m
  ↳ app/controllers/application_controller.rb:17:in 'ApplicationController#authenticate'
Error checking database connection: undefined local variable or method 'connection_config' for class Note
  [1m[36mNote Count (0.0ms)[0m  [1m[34mSELECT COUNT(*) FROM "notes" /*action='index',application='Web',controller='notes'*/[0m
  ↳ app/controllers/notes_controller.rb:7:in 'NotesController#index'
  Rendering layout layouts/application.html.erb
  Rendering notes/index.html.erb within layouts/application
  [1m[36mNote Load (0.1ms)[0m  [1m[34mSELECT "notes".* FROM "notes" ORDER BY "notes"."created_at" DESC LIMIT 20 OFFSET 0 /*action='index',application='Web',controller='notes'*/[0m
  ↳ app/views/notes/index.html.erb:10
  Rendered notes/index.html.erb within layouts/application (Duration: 1.0ms | GC: 0.0ms)
  Rendered shared/_header.html.erb (Duration: 0.1ms | GC: 0.0ms)
  Rendered layout layouts/application.html.erb (Duration: 1.6ms | GC: 0.0ms)
Completed 200 OK in 62ms (Views: 1.7ms | ActiveRecord: 0.6ms (4 queries, 0 cached) | GC: 0.0ms)


Finished "/hotwire-spark" [WebSocket] for ::1 at 2025-03-13 21:57:44 +0000
Hotwire::Spark::Channel stopped streaming from hotwire_spark
Started GET "/hotwire-spark" for ::1 at 2025-03-13 21:57:44 +0000
Started GET "/hotwire-spark" [WebSocket] for ::1 at 2025-03-13 21:57:44 +0000
Successfully upgraded to WebSocket (REQUEST_METHOD: GET, HTTP_CONNECTION: Upgrade, HTTP_UPGRADE: websocket)
Hotwire::Spark::Channel is transmitting the subscription confirmation
Hotwire::Spark::Channel is streaming from hotwire_spark
Started GET "/1/notes" for ::1 at 2025-03-13 21:57:44 +0000
Processing by NotesController#index as HTML
  Parameters: {"user_id" => "1"}
  [1m[36mSession Load (0.1ms)[0m  [1m[34mSELECT "sessions".* FROM "sessions" WHERE "sessions"."id" = 3 LIMIT 1 /*action='index',application='Web',controller='notes'*/[0m
  ↳ app/controllers/application_controller.rb:15:in 'ApplicationController#authenticate'
  [1m[36mUser Load (0.0ms)[0m  [1m[34mSELECT "users".* FROM "users" WHERE "users"."id" = 1 LIMIT 1 /*action='index',application='Web',controller='notes'*/[0m
  ↳ app/controllers/application_controller.rb:17:in 'ApplicationController#authenticate'
Error checking database connection: undefined local variable or method 'connection_config' for class Note
  [1m[36mNote Count (0.0ms)[0m  [1m[34mSELECT COUNT(*) FROM "notes" /*action='index',application='Web',controller='notes'*/[0m
  ↳ app/controllers/notes_controller.rb:7:in 'NotesController#index'
  Rendering layout layouts/application.html.erb
  Rendering notes/index.html.erb within layouts/application
  [1m[36mNote Load (0.1ms)[0m  [1m[34mSELECT "notes".* FROM "notes" ORDER BY "notes"."created_at" DESC LIMIT 20 OFFSET 0 /*action='index',application='Web',controller='notes'*/[0m
  ↳ app/views/notes/index.html.erb:10
  Rendered notes/index.html.erb within layouts/application (Duration: 1.6ms | GC: 0.0ms)
  Rendered shared/_header.html.erb (Duration: 0.4ms | GC: 0.0ms)
  Rendered layout layouts/application.html.erb (Duration: 2.3ms | GC: 0.0ms)
Completed 200 OK in 55ms (Views: 2.4ms | ActiveRecord: 0.6ms (4 queries, 0 cached) | GC: 0.0ms)


Finished "/hotwire-spark" [WebSocket] for ::1 at 2025-03-13 21:57:45 +0000
Hotwire::Spark::Channel stopped streaming from hotwire_spark
Started GET "/hotwire-spark" for ::1 at 2025-03-13 21:57:45 +0000
Started GET "/hotwire-spark" [WebSocket] for ::1 at 2025-03-13 21:57:45 +0000
Successfully upgraded to WebSocket (REQUEST_METHOD: GET, HTTP_CONNECTION: Upgrade, HTTP_UPGRADE: websocket)
Hotwire::Spark::Channel is transmitting the subscription confirmation
Hotwire::Spark::Channel is streaming from hotwire_spark
Started GET "/1/notes" for ::1 at 2025-03-13 21:57:55 +0000
Processing by NotesController#index as HTML
  Parameters: {"user_id" => "1"}
  [1m[36mSession Load (0.1ms)[0m  [1m[34mSELECT "sessions".* FROM "sessions" WHERE "sessions"."id" = 3 LIMIT 1 /*action='index',application='Web',controller='notes'*/[0m
  ↳ app/controllers/application_controller.rb:15:in 'ApplicationController#authenticate'
  [1m[36mUser Load (0.0ms)[0m  [1m[34mSELECT "users".* FROM "users" WHERE "users"."id" = 1 LIMIT 1 /*action='index',application='Web',controller='notes'*/[0m
  ↳ app/controllers/application_controller.rb:17:in 'ApplicationController#authenticate'
Error checking database connection: undefined local variable or method 'connection_config' for class Note
  [1m[36mNote Count (0.0ms)[0m  [1m[34mSELECT COUNT(*) FROM "notes" /*action='index',application='Web',controller='notes'*/[0m
  ↳ app/controllers/notes_controller.rb:7:in 'NotesController#index'
  Rendering layout layouts/application.html.erb
  Rendering notes/index.html.erb within layouts/application
  [1m[36mNote Load (0.1ms)[0m  [1m[34mSELECT "notes".* FROM "notes" ORDER BY "notes"."created_at" DESC LIMIT 20 OFFSET 0 /*action='index',application='Web',controller='notes'*/[0m
  ↳ app/views/notes/index.html.erb:10
  Rendered notes/index.html.erb within layouts/application (Duration: 3.6ms | GC: 0.0ms)
  Rendered shared/_header.html.erb (Duration: 0.1ms | GC: 0.0ms)
  Rendered layout layouts/application.html.erb (Duration: 4.2ms | GC: 0.0ms)
Completed 200 OK in 63ms (Views: 4.3ms | ActiveRecord: 0.6ms (4 queries, 0 cached) | GC: 0.0ms)


Finished "/hotwire-spark" [WebSocket] for ::1 at 2025-03-13 21:57:55 +0000
Hotwire::Spark::Channel stopped streaming from hotwire_spark
Started GET "/hotwire-spark" for ::1 at 2025-03-13 21:57:55 +0000
Started GET "/hotwire-spark" [WebSocket] for ::1 at 2025-03-13 21:57:55 +0000
Successfully upgraded to WebSocket (REQUEST_METHOD: GET, HTTP_CONNECTION: Upgrade, HTTP_UPGRADE: websocket)
Hotwire::Spark::Channel is transmitting the subscription confirmation
Hotwire::Spark::Channel is streaming from hotwire_spark
Started GET "/1/notes" for ::1 at 2025-03-13 21:57:56 +0000
Processing by NotesController#index as HTML
  Parameters: {"user_id" => "1"}
  [1m[36mSession Load (0.1ms)[0m  [1m[34mSELECT "sessions".* FROM "sessions" WHERE "sessions"."id" = 3 LIMIT 1 /*action='index',application='Web',controller='notes'*/[0m
  ↳ app/controllers/application_controller.rb:15:in 'ApplicationController#authenticate'
  [1m[36mUser Load (0.0ms)[0m  [1m[34mSELECT "users".* FROM "users" WHERE "users"."id" = 1 LIMIT 1 /*action='index',application='Web',controller='notes'*/[0m
  ↳ app/controllers/application_controller.rb:17:in 'ApplicationController#authenticate'
Error checking database connection: undefined local variable or method 'connection_config' for class Note
  [1m[36mNote Count (0.0ms)[0m  [1m[34mSELECT COUNT(*) FROM "notes" /*action='index',application='Web',controller='notes'*/[0m
  ↳ app/controllers/notes_controller.rb:7:in 'NotesController#index'
  Rendering layout layouts/application.html.erb
  Rendering notes/index.html.erb within layouts/application
  [1m[36mNote Load (0.1ms)[0m  [1m[34mSELECT "notes".* FROM "notes" ORDER BY "notes"."created_at" DESC LIMIT 20 OFFSET 0 /*action='index',application='Web',controller='notes'*/[0m
  ↳ app/views/notes/index.html.erb:10
  Rendered notes/index.html.erb within layouts/application (Duration: 1.2ms | GC: 0.0ms)
  Rendered shared/_header.html.erb (Duration: 0.1ms | GC: 0.0ms)
  Rendered layout layouts/application.html.erb (Duration: 1.7ms | GC: 0.0ms)
Completed 200 OK in 60ms (Views: 1.8ms | ActiveRecord: 0.6ms (4 queries, 0 cached) | GC: 0.0ms)


Finished "/hotwire-spark" [WebSocket] for ::1 at 2025-03-13 21:57:56 +0000
Hotwire::Spark::Channel stopped streaming from hotwire_spark
Started GET "/hotwire-spark" for ::1 at 2025-03-13 21:57:56 +0000
Started GET "/hotwire-spark" [WebSocket] for ::1 at 2025-03-13 21:57:56 +0000
Successfully upgraded to WebSocket (REQUEST_METHOD: GET, HTTP_CONNECTION: Upgrade, HTTP_UPGRADE: websocket)
Hotwire::Spark::Channel is transmitting the subscription confirmation
Hotwire::Spark::Channel is streaming from hotwire_spark
Started GET "/1/notes" for ::1 at 2025-03-13 21:57:56 +0000
Processing by NotesController#index as HTML
  Parameters: {"user_id" => "1"}
  [1m[36mSession Load (0.1ms)[0m  [1m[34mSELECT "sessions".* FROM "sessions" WHERE "sessions"."id" = 3 LIMIT 1 /*action='index',application='Web',controller='notes'*/[0m
  ↳ app/controllers/application_controller.rb:15:in 'ApplicationController#authenticate'
  [1m[36mUser Load (0.0ms)[0m  [1m[34mSELECT "users".* FROM "users" WHERE "users"."id" = 1 LIMIT 1 /*action='index',application='Web',controller='notes'*/[0m
  ↳ app/controllers/application_controller.rb:17:in 'ApplicationController#authenticate'
Error checking database connection: undefined local variable or method 'connection_config' for class Note
  [1m[36mNote Count (0.0ms)[0m  [1m[34mSELECT COUNT(*) FROM "notes" /*action='index',application='Web',controller='notes'*/[0m
  ↳ app/controllers/notes_controller.rb:7:in 'NotesController#index'
  Rendering layout layouts/application.html.erb
  Rendering notes/index.html.erb within layouts/application
  [1m[36mNote Load (0.1ms)[0m  [1m[34mSELECT "notes".* FROM "notes" ORDER BY "notes"."created_at" DESC LIMIT 20 OFFSET 0 /*action='index',application='Web',controller='notes'*/[0m
  ↳ app/views/notes/index.html.erb:10
  Rendered notes/index.html.erb within layouts/application (Duration: 1.1ms | GC: 0.0ms)
  Rendered shared/_header.html.erb (Duration: 0.1ms | GC: 0.0ms)
  Rendered layout layouts/application.html.erb (Duration: 1.7ms | GC: 0.0ms)
Completed 200 OK in 63ms (Views: 1.8ms | ActiveRecord: 0.6ms (4 queries, 0 cached) | GC: 0.0ms)


Finished "/hotwire-spark" [WebSocket] for ::1 at 2025-03-13 21:57:56 +0000
Hotwire::Spark::Channel stopped streaming from hotwire_spark
Started GET "/hotwire-spark" for ::1 at 2025-03-13 21:57:56 +0000
Started GET "/hotwire-spark" [WebSocket] for ::1 at 2025-03-13 21:57:56 +0000
Successfully upgraded to WebSocket (REQUEST_METHOD: GET, HTTP_CONNECTION: Upgrade, HTTP_UPGRADE: websocket)
Hotwire::Spark::Channel is transmitting the subscription confirmation
Hotwire::Spark::Channel is streaming from hotwire_spark
Started GET "/1/notes" for ::1 at 2025-03-13 21:57:56 +0000
Processing by NotesController#index as HTML
  Parameters: {"user_id" => "1"}
  [1m[36mSession Load (0.1ms)[0m  [1m[34mSELECT "sessions".* FROM "sessions" WHERE "sessions"."id" = 3 LIMIT 1 /*action='index',application='Web',controller='notes'*/[0m
  ↳ app/controllers/application_controller.rb:15:in 'ApplicationController#authenticate'
  [1m[36mUser Load (0.0ms)[0m  [1m[34mSELECT "users".* FROM "users" WHERE "users"."id" = 1 LIMIT 1 /*action='index',application='Web',controller='notes'*/[0m
  ↳ app/controllers/application_controller.rb:17:in 'ApplicationController#authenticate'
Error checking database connection: undefined local variable or method 'connection_config' for class Note
  [1m[36mNote Count (0.0ms)[0m  [1m[34mSELECT COUNT(*) FROM "notes" /*action='index',application='Web',controller='notes'*/[0m
  ↳ app/controllers/notes_controller.rb:7:in 'NotesController#index'
  Rendering layout layouts/application.html.erb
  Rendering notes/index.html.erb within layouts/application
  [1m[36mNote Load (0.1ms)[0m  [1m[34mSELECT "notes".* FROM "notes" ORDER BY "notes"."created_at" DESC LIMIT 20 OFFSET 0 /*action='index',application='Web',controller='notes'*/[0m
  ↳ app/views/notes/index.html.erb:10
  Rendered notes/index.html.erb within layouts/application (Duration: 0.9ms | GC: 0.0ms)
  Rendered shared/_header.html.erb (Duration: 0.1ms | GC: 0.0ms)
  Rendered layout layouts/application.html.erb (Duration: 1.4ms | GC: 0.0ms)
Completed 200 OK in 46ms (Views: 1.5ms | ActiveRecord: 0.5ms (4 queries, 0 cached) | GC: 0.0ms)


Finished "/hotwire-spark" [WebSocket] for ::1 at 2025-03-13 21:57:56 +0000
Hotwire::Spark::Channel stopped streaming from hotwire_spark
Started GET "/hotwire-spark" for ::1 at 2025-03-13 21:57:56 +0000
Started GET "/hotwire-spark" [WebSocket] for ::1 at 2025-03-13 21:57:56 +0000
Successfully upgraded to WebSocket (REQUEST_METHOD: GET, HTTP_CONNECTION: Upgrade, HTTP_UPGRADE: websocket)
Hotwire::Spark::Channel is transmitting the subscription confirmation
Hotwire::Spark::Channel is streaming from hotwire_spark
Started GET "/1/notes" for ::1 at 2025-03-13 21:57:57 +0000
Processing by NotesController#index as HTML
  Parameters: {"user_id" => "1"}
  [1m[36mSession Load (0.1ms)[0m  [1m[34mSELECT "sessions".* FROM "sessions" WHERE "sessions"."id" = 3 LIMIT 1 /*action='index',application='Web',controller='notes'*/[0m
  ↳ app/controllers/application_controller.rb:15:in 'ApplicationController#authenticate'
  [1m[36mUser Load (0.0ms)[0m  [1m[34mSELECT "users".* FROM "users" WHERE "users"."id" = 1 LIMIT 1 /*action='index',application='Web',controller='notes'*/[0m
  ↳ app/controllers/application_controller.rb:17:in 'ApplicationController#authenticate'
Error checking database connection: undefined local variable or method 'connection_config' for class Note
  [1m[36mNote Count (0.0ms)[0m  [1m[34mSELECT COUNT(*) FROM "notes" /*action='index',application='Web',controller='notes'*/[0m
  ↳ app/controllers/notes_controller.rb:7:in 'NotesController#index'
  Rendering layout layouts/application.html.erb
  Rendering notes/index.html.erb within layouts/application
  [1m[36mNote Load (0.1ms)[0m  [1m[34mSELECT "notes".* FROM "notes" ORDER BY "notes"."created_at" DESC LIMIT 20 OFFSET 0 /*action='index',application='Web',controller='notes'*/[0m
  ↳ app/views/notes/index.html.erb:10
  Rendered notes/index.html.erb within layouts/application (Duration: 0.9ms | GC: 0.0ms)
  Rendered shared/_header.html.erb (Duration: 0.1ms | GC: 0.0ms)
  Rendered layout layouts/application.html.erb (Duration: 1.3ms | GC: 0.0ms)
Completed 200 OK in 41ms (Views: 1.4ms | ActiveRecord: 0.5ms (4 queries, 0 cached) | GC: 0.0ms)


Finished "/hotwire-spark" [WebSocket] for ::1 at 2025-03-13 21:57:57 +0000
Hotwire::Spark::Channel stopped streaming from hotwire_spark
Started GET "/hotwire-spark" for ::1 at 2025-03-13 21:57:57 +0000
Started GET "/hotwire-spark" [WebSocket] for ::1 at 2025-03-13 21:57:57 +0000
Successfully upgraded to WebSocket (REQUEST_METHOD: GET, HTTP_CONNECTION: Upgrade, HTTP_UPGRADE: websocket)
Hotwire::Spark::Channel is transmitting the subscription confirmation
Hotwire::Spark::Channel is streaming from hotwire_spark
Started GET "/1/notes" for ::1 at 2025-03-13 21:59:12 +0000
Processing by NotesController#index as HTML
  Parameters: {"user_id" => "1"}
  [1m[36mSession Load (0.1ms)[0m  [1m[34mSELECT "sessions".* FROM "sessions" WHERE "sessions"."id" = 3 LIMIT 1 /*action='index',application='Web',controller='notes'*/[0m
  ↳ app/controllers/application_controller.rb:15:in 'ApplicationController#authenticate'
  [1m[36mUser Load (0.0ms)[0m  [1m[34mSELECT "users".* FROM "users" WHERE "users"."id" = 1 LIMIT 1 /*action='index',application='Web',controller='notes'*/[0m
  ↳ app/controllers/application_controller.rb:17:in 'ApplicationController#authenticate'
Error checking database connection: undefined local variable or method 'connection_config' for class Note
  [1m[36mNote Count (0.0ms)[0m  [1m[34mSELECT COUNT(*) FROM "notes" /*action='index',application='Web',controller='notes'*/[0m
  ↳ app/controllers/notes_controller.rb:7:in 'NotesController#index'
  Rendering layout layouts/application.html.erb
  Rendering notes/index.html.erb within layouts/application
  [1m[36mNote Load (0.1ms)[0m  [1m[34mSELECT "notes".* FROM "notes" ORDER BY "notes"."created_at" DESC LIMIT 20 OFFSET 0 /*action='index',application='Web',controller='notes'*/[0m
  ↳ app/views/notes/index.html.erb:10
  Rendered notes/index.html.erb within layouts/application (Duration: 1.0ms | GC: 0.0ms)
  Rendered shared/_header.html.erb (Duration: 0.1ms | GC: 0.0ms)
  Rendered layout layouts/application.html.erb (Duration: 1.6ms | GC: 0.0ms)
Completed 200 OK in 59ms (Views: 1.7ms | ActiveRecord: 0.6ms (4 queries, 0 cached) | GC: 0.0ms)


Finished "/hotwire-spark" [WebSocket] for ::1 at 2025-03-13 21:59:12 +0000
Hotwire::Spark::Channel stopped streaming from hotwire_spark
Started GET "/hotwire-spark" for ::1 at 2025-03-13 21:59:12 +0000
Started GET "/hotwire-spark" [WebSocket] for ::1 at 2025-03-13 21:59:12 +0000
Successfully upgraded to WebSocket (REQUEST_METHOD: GET, HTTP_CONNECTION: Upgrade, HTTP_UPGRADE: websocket)
Hotwire::Spark::Channel is transmitting the subscription confirmation
Hotwire::Spark::Channel is streaming from hotwire_spark
Started GET "/1/notes" for ::1 at 2025-03-13 21:59:28 +0000
  [1m[36mActiveRecord::SchemaMigration Load (0.4ms)[0m  [1m[34mSELECT "schema_migrations"."version" FROM "schema_migrations" ORDER BY "schema_migrations"."version" ASC /*application='Web'*/[0m
Processing by NotesController#index as HTML
  Parameters: {"user_id" => "1"}
  [1m[36mSession Load (0.1ms)[0m  [1m[34mSELECT "sessions".* FROM "sessions" WHERE "sessions"."id" = 3 LIMIT 1 /*action='index',application='Web',controller='notes'*/[0m
  ↳ app/controllers/application_controller.rb:15:in 'ApplicationController#authenticate'
  [1m[36mUser Load (0.4ms)[0m  [1m[34mSELECT "users".* FROM "users" WHERE "users"."id" = 1 LIMIT 1 /*action='index',application='Web',controller='notes'*/[0m
  ↳ app/controllers/application_controller.rb:17:in 'ApplicationController#authenticate'
Error checking database connection: undefined local variable or method 'connection_config' for class Note
  [1m[36mNote Count (0.2ms)[0m  [1m[34mSELECT COUNT(*) FROM "notes" /*action='index',application='Web',controller='notes'*/[0m
  ↳ app/controllers/notes_controller.rb:7:in 'NotesController#index'
  Rendering layout layouts/application.html.erb
  Rendering notes/index.html.erb within layouts/application
  [1m[36mNote Load (0.6ms)[0m  [1m[34mSELECT "notes".* FROM "notes" ORDER BY "notes"."created_at" DESC LIMIT 20 OFFSET 0 /*action='index',application='Web',controller='notes'*/[0m
  ↳ app/views/notes/index.html.erb:10
  Rendered notes/index.html.erb within layouts/application (Duration: 25.1ms | GC: 0.0ms)
  Rendered shared/_header.html.erb (Duration: 1.9ms | GC: 0.0ms)
  Rendered layout layouts/application.html.erb (Duration: 39.5ms | GC: 0.0ms)
Completed 200 OK in 240ms (Views: 41.7ms | ActiveRecord: 5.5ms (4 queries, 0 cached) | GC: 15.3ms)


Started GET "/hotwire-spark" for ::1 at 2025-03-13 21:59:28 +0000
Started GET "/hotwire-spark" [WebSocket] for ::1 at 2025-03-13 21:59:28 +0000
Successfully upgraded to WebSocket (REQUEST_METHOD: GET, HTTP_CONNECTION: Upgrade, HTTP_UPGRADE: websocket)
Hotwire::Spark::Channel is transmitting the subscription confirmation
Hotwire::Spark::Channel is streaming from hotwire_spark
Started GET "/1/notes" for ::1 at 2025-03-13 21:59:29 +0000
Processing by NotesController#index as HTML
  Parameters: {"user_id" => "1"}
  [1m[36mSession Load (0.2ms)[0m  [1m[34mSELECT "sessions".* FROM "sessions" WHERE "sessions"."id" = 3 LIMIT 1 /*action='index',application='Web',controller='notes'*/[0m
  ↳ app/controllers/application_controller.rb:15:in 'ApplicationController#authenticate'
  [1m[36mUser Load (0.0ms)[0m  [1m[34mSELECT "users".* FROM "users" WHERE "users"."id" = 1 LIMIT 1 /*action='index',application='Web',controller='notes'*/[0m
  ↳ app/controllers/application_controller.rb:17:in 'ApplicationController#authenticate'
Error checking database connection: undefined local variable or method 'connection_config' for class Note
  [1m[36mNote Count (0.3ms)[0m  [1m[34mSELECT COUNT(*) FROM "notes" /*action='index',application='Web',controller='notes'*/[0m
  ↳ app/controllers/notes_controller.rb:7:in 'NotesController#index'
  Rendering layout layouts/application.html.erb
  Rendering notes/index.html.erb within layouts/application
  [1m[36mNote Load (1.1ms)[0m  [1m[34mSELECT "notes".* FROM "notes" ORDER BY "notes"."created_at" DESC LIMIT 20 OFFSET 0 /*action='index',application='Web',controller='notes'*/[0m
  ↳ app/views/notes/index.html.erb:10
  Rendered notes/index.html.erb within layouts/application (Duration: 24.9ms | GC: 0.0ms)
  Rendered shared/_header.html.erb (Duration: 1.6ms | GC: 0.0ms)
  Rendered layout layouts/application.html.erb (Duration: 28.2ms | GC: 0.0ms)
Completed 200 OK in 85ms (Views: 28.4ms | ActiveRecord: 1.1ms (4 queries, 0 cached) | GC: 0.0ms)


Finished "/hotwire-spark" [WebSocket] for ::1 at 2025-03-13 21:59:29 +0000
Hotwire::Spark::Channel stopped streaming from hotwire_spark
Started GET "/hotwire-spark" for ::1 at 2025-03-13 21:59:29 +0000
Started GET "/hotwire-spark" [WebSocket] for ::1 at 2025-03-13 21:59:29 +0000
Successfully upgraded to WebSocket (REQUEST_METHOD: GET, HTTP_CONNECTION: Upgrade, HTTP_UPGRADE: websocket)
Hotwire::Spark::Channel is transmitting the subscription confirmation
Hotwire::Spark::Channel is streaming from hotwire_spark
Started GET "/1/notes" for ::1 at 2025-03-13 21:59:29 +0000
Processing by NotesController#index as HTML
  Parameters: {"user_id" => "1"}
  [1m[36mSession Load (0.1ms)[0m  [1m[34mSELECT "sessions".* FROM "sessions" WHERE "sessions"."id" = 3 LIMIT 1 /*action='index',application='Web',controller='notes'*/[0m
  ↳ app/controllers/application_controller.rb:15:in 'ApplicationController#authenticate'
  [1m[36mUser Load (0.0ms)[0m  [1m[34mSELECT "users".* FROM "users" WHERE "users"."id" = 1 LIMIT 1 /*action='index',application='Web',controller='notes'*/[0m
  ↳ app/controllers/application_controller.rb:17:in 'ApplicationController#authenticate'
Error checking database connection: undefined local variable or method 'connection_config' for class Note
  [1m[36mNote Count (0.0ms)[0m  [1m[34mSELECT COUNT(*) FROM "notes" /*action='index',application='Web',controller='notes'*/[0m
  ↳ app/controllers/notes_controller.rb:7:in 'NotesController#index'
  Rendering layout layouts/application.html.erb
  Rendering notes/index.html.erb within layouts/application
  [1m[36mNote Load (0.1ms)[0m  [1m[34mSELECT "notes".* FROM "notes" ORDER BY "notes"."created_at" DESC LIMIT 20 OFFSET 0 /*action='index',application='Web',controller='notes'*/[0m
  ↳ app/views/notes/index.html.erb:10
  Rendered notes/index.html.erb within layouts/application (Duration: 4.2ms | GC: 0.0ms)
  Rendered shared/_header.html.erb (Duration: 0.2ms | GC: 0.0ms)
  Rendered layout layouts/application.html.erb (Duration: 5.2ms | GC: 0.0ms)
Completed 200 OK in 51ms (Views: 5.4ms | ActiveRecord: 0.5ms (4 queries, 0 cached) | GC: 0.0ms)


Finished "/hotwire-spark" [WebSocket] for ::1 at 2025-03-13 21:59:29 +0000
Hotwire::Spark::Channel stopped streaming from hotwire_spark
Started GET "/hotwire-spark" for ::1 at 2025-03-13 21:59:29 +0000
Started GET "/hotwire-spark" [WebSocket] for ::1 at 2025-03-13 21:59:29 +0000
Successfully upgraded to WebSocket (REQUEST_METHOD: GET, HTTP_CONNECTION: Upgrade, HTTP_UPGRADE: websocket)
Hotwire::Spark::Channel is transmitting the subscription confirmation
Hotwire::Spark::Channel is streaming from hotwire_spark
Started GET "/1/notes" for ::1 at 2025-03-13 21:59:29 +0000
Processing by NotesController#index as HTML
  Parameters: {"user_id" => "1"}
  [1m[36mSession Load (0.1ms)[0m  [1m[34mSELECT "sessions".* FROM "sessions" WHERE "sessions"."id" = 3 LIMIT 1 /*action='index',application='Web',controller='notes'*/[0m
  ↳ app/controllers/application_controller.rb:15:in 'ApplicationController#authenticate'
  [1m[36mUser Load (0.0ms)[0m  [1m[34mSELECT "users".* FROM "users" WHERE "users"."id" = 1 LIMIT 1 /*action='index',application='Web',controller='notes'*/[0m
  ↳ app/controllers/application_controller.rb:17:in 'ApplicationController#authenticate'
Error checking database connection: undefined local variable or method 'connection_config' for class Note
  [1m[36mNote Count (0.0ms)[0m  [1m[34mSELECT COUNT(*) FROM "notes" /*action='index',application='Web',controller='notes'*/[0m
  ↳ app/controllers/notes_controller.rb:7:in 'NotesController#index'
  Rendering layout layouts/application.html.erb
  Rendering notes/index.html.erb within layouts/application
  [1m[36mNote Load (0.1ms)[0m  [1m[34mSELECT "notes".* FROM "notes" ORDER BY "notes"."created_at" DESC LIMIT 20 OFFSET 0 /*action='index',application='Web',controller='notes'*/[0m
  ↳ app/views/notes/index.html.erb:10
  Rendered notes/index.html.erb within layouts/application (Duration: 2.1ms | GC: 0.0ms)
  Rendered shared/_header.html.erb (Duration: 0.1ms | GC: 0.0ms)
  Rendered layout layouts/application.html.erb (Duration: 3.7ms | GC: 0.0ms)
Completed 200 OK in 43ms (Views: 5.6ms | ActiveRecord: 0.5ms (4 queries, 0 cached) | GC: 0.0ms)


Finished "/hotwire-spark" [WebSocket] for ::1 at 2025-03-13 21:59:29 +0000
Hotwire::Spark::Channel stopped streaming from hotwire_spark
Started GET "/hotwire-spark" for ::1 at 2025-03-13 21:59:29 +0000
Started GET "/hotwire-spark" [WebSocket] for ::1 at 2025-03-13 21:59:29 +0000
Successfully upgraded to WebSocket (REQUEST_METHOD: GET, HTTP_CONNECTION: Upgrade, HTTP_UPGRADE: websocket)
Hotwire::Spark::Channel is transmitting the subscription confirmation
Hotwire::Spark::Channel is streaming from hotwire_spark
Started GET "/1/notes" for ::1 at 2025-03-13 21:59:29 +0000
Processing by NotesController#index as HTML
  Parameters: {"user_id" => "1"}
  [1m[36mSession Load (0.1ms)[0m  [1m[34mSELECT "sessions".* FROM "sessions" WHERE "sessions"."id" = 3 LIMIT 1 /*action='index',application='Web',controller='notes'*/[0m
  ↳ app/controllers/application_controller.rb:15:in 'ApplicationController#authenticate'
  [1m[36mUser Load (0.0ms)[0m  [1m[34mSELECT "users".* FROM "users" WHERE "users"."id" = 1 LIMIT 1 /*action='index',application='Web',controller='notes'*/[0m
  ↳ app/controllers/application_controller.rb:17:in 'ApplicationController#authenticate'
Error checking database connection: undefined local variable or method 'connection_config' for class Note
  [1m[36mNote Count (0.0ms)[0m  [1m[34mSELECT COUNT(*) FROM "notes" /*action='index',application='Web',controller='notes'*/[0m
  ↳ app/controllers/notes_controller.rb:7:in 'NotesController#index'
  Rendering layout layouts/application.html.erb
  Rendering notes/index.html.erb within layouts/application
  [1m[36mNote Load (0.1ms)[0m  [1m[34mSELECT "notes".* FROM "notes" ORDER BY "notes"."created_at" DESC LIMIT 20 OFFSET 0 /*action='index',application='Web',controller='notes'*/[0m
  ↳ app/views/notes/index.html.erb:10
  Rendered notes/index.html.erb within layouts/application (Duration: 0.8ms | GC: 0.0ms)
  Rendered shared/_header.html.erb (Duration: 0.2ms | GC: 0.0ms)
  Rendered layout layouts/application.html.erb (Duration: 2.7ms | GC: 0.0ms)
Completed 200 OK in 38ms (Views: 3.0ms | ActiveRecord: 0.5ms (4 queries, 0 cached) | GC: 0.0ms)


Finished "/hotwire-spark" [WebSocket] for ::1 at 2025-03-13 21:59:29 +0000
Hotwire::Spark::Channel stopped streaming from hotwire_spark
Started GET "/hotwire-spark" for ::1 at 2025-03-13 21:59:29 +0000
Started GET "/hotwire-spark" [WebSocket] for ::1 at 2025-03-13 21:59:29 +0000
Successfully upgraded to WebSocket (REQUEST_METHOD: GET, HTTP_CONNECTION: Upgrade, HTTP_UPGRADE: websocket)
Hotwire::Spark::Channel is transmitting the subscription confirmation
Hotwire::Spark::Channel is streaming from hotwire_spark
Started GET "/1/notes" for ::1 at 2025-03-13 21:59:30 +0000
Processing by NotesController#index as HTML
  Parameters: {"user_id" => "1"}
  [1m[36mSession Load (0.1ms)[0m  [1m[34mSELECT "sessions".* FROM "sessions" WHERE "sessions"."id" = 3 LIMIT 1 /*action='index',application='Web',controller='notes'*/[0m
  ↳ app/controllers/application_controller.rb:15:in 'ApplicationController#authenticate'
  [1m[36mUser Load (0.0ms)[0m  [1m[34mSELECT "users".* FROM "users" WHERE "users"."id" = 1 LIMIT 1 /*action='index',application='Web',controller='notes'*/[0m
  ↳ app/controllers/application_controller.rb:17:in 'ApplicationController#authenticate'
Error checking database connection: undefined local variable or method 'connection_config' for class Note
  [1m[36mNote Count (0.0ms)[0m  [1m[34mSELECT COUNT(*) FROM "notes" /*action='index',application='Web',controller='notes'*/[0m
  ↳ app/controllers/notes_controller.rb:7:in 'NotesController#index'
  Rendering layout layouts/application.html.erb
  Rendering notes/index.html.erb within layouts/application
  [1m[36mNote Load (0.1ms)[0m  [1m[34mSELECT "notes".* FROM "notes" ORDER BY "notes"."created_at" DESC LIMIT 20 OFFSET 0 /*action='index',application='Web',controller='notes'*/[0m
  ↳ app/views/notes/index.html.erb:10
  Rendered notes/index.html.erb within layouts/application (Duration: 0.8ms | GC: 0.0ms)
  Rendered shared/_header.html.erb (Duration: 0.1ms | GC: 0.0ms)
  Rendered layout layouts/application.html.erb (Duration: 2.8ms | GC: 0.0ms)
Completed 200 OK in 41ms (Views: 3.2ms | ActiveRecord: 0.5ms (4 queries, 0 cached) | GC: 0.0ms)


Finished "/hotwire-spark" [WebSocket] for ::1 at 2025-03-13 21:59:30 +0000
Hotwire::Spark::Channel stopped streaming from hotwire_spark
Started GET "/hotwire-spark" for ::1 at 2025-03-13 21:59:30 +0000
Started GET "/hotwire-spark" [WebSocket] for ::1 at 2025-03-13 21:59:30 +0000
Successfully upgraded to WebSocket (REQUEST_METHOD: GET, HTTP_CONNECTION: Upgrade, HTTP_UPGRADE: websocket)
Hotwire::Spark::Channel is transmitting the subscription confirmation
Hotwire::Spark::Channel is streaming from hotwire_spark
[ActionCable] Broadcasting to hotwire_spark: {action: :reload_html, path: "/application_helper.rb"}
Hotwire::Spark::Channel transmitting {"action" => "reload_html", "path" => "/application_helper.rb"} (via streamed from hotwire_spark)
Started GET "/1/notes?hotwire_spark=true&reload=1741903327957" for ::1 at 2025-03-13 22:02:07 +0000
Processing by NotesController#index as HTML
  Parameters: {"hotwire_spark" => "true", "reload" => "1741903327957", "user_id" => "1"}
  [1m[36mSession Load (0.1ms)[0m  [1m[34mSELECT "sessions".* FROM "sessions" WHERE "sessions"."id" = 3 LIMIT 1 /*action='index',application='Web',controller='notes'*/[0m
  ↳ app/controllers/application_controller.rb:15:in 'ApplicationController#authenticate'
  [1m[36mUser Load (0.0ms)[0m  [1m[34mSELECT "users".* FROM "users" WHERE "users"."id" = 1 LIMIT 1 /*action='index',application='Web',controller='notes'*/[0m
  ↳ app/controllers/application_controller.rb:17:in 'ApplicationController#authenticate'
Error checking database connection: undefined local variable or method 'connection_config' for class Note
  [1m[36mNote Count (0.0ms)[0m  [1m[34mSELECT COUNT(*) FROM "notes" /*action='index',application='Web',controller='notes'*/[0m
  ↳ app/controllers/notes_controller.rb:7:in 'NotesController#index'
  Rendering layout layouts/application.html.erb
  Rendering notes/index.html.erb within layouts/application
  [1m[36mNote Load (0.1ms)[0m  [1m[34mSELECT "notes".* FROM "notes" ORDER BY "notes"."created_at" DESC LIMIT 10 OFFSET 0 /*action='index',application='Web',controller='notes'*/[0m
  ↳ app/views/notes/index.html.erb:10
  Rendered notes/index.html.erb within layouts/application (Duration: 17.7ms | GC: 0.1ms)
  Rendered shared/_header.html.erb (Duration: 1.1ms | GC: 0.0ms)
  Rendered layout layouts/application.html.erb (Duration: 22.2ms | GC: 0.2ms)
Completed 200 OK in 104ms (Views: 23.4ms | ActiveRecord: 3.2ms (4 queries, 0 cached) | GC: 0.5ms)


[ActionCable] Broadcasting to hotwire_spark: {action: :reload_html, path: "/application_helper.rb"}
Hotwire::Spark::Channel transmitting {"action" => "reload_html", "path" => "/application_helper.rb"} (via streamed from hotwire_spark)
Started GET "/1/notes?hotwire_spark=true&reload=1741903332676" for ::1 at 2025-03-13 22:02:12 +0000
Processing by NotesController#index as HTML
  Parameters: {"hotwire_spark" => "true", "reload" => "1741903332676", "user_id" => "1"}
  [1m[36mSession Load (0.1ms)[0m  [1m[34mSELECT "sessions".* FROM "sessions" WHERE "sessions"."id" = 3 LIMIT 1 /*action='index',application='Web',controller='notes'*/[0m
  ↳ app/controllers/application_controller.rb:15:in 'ApplicationController#authenticate'
  [1m[36mUser Load (0.0ms)[0m  [1m[34mSELECT "users".* FROM "users" WHERE "users"."id" = 1 LIMIT 1 /*action='index',application='Web',controller='notes'*/[0m
  ↳ app/controllers/application_controller.rb:17:in 'ApplicationController#authenticate'
Error checking database connection: undefined local variable or method 'connection_config' for class Note
  [1m[36mNote Count (0.0ms)[0m  [1m[34mSELECT COUNT(*) FROM "notes" /*action='index',application='Web',controller='notes'*/[0m
  ↳ app/controllers/notes_controller.rb:7:in 'NotesController#index'
  Rendering layout layouts/application.html.erb
  Rendering notes/index.html.erb within layouts/application
  [1m[36mNote Load (0.1ms)[0m  [1m[34mSELECT "notes".* FROM "notes" ORDER BY "notes"."created_at" DESC LIMIT 5 OFFSET 0 /*action='index',application='Web',controller='notes'*/[0m
  ↳ app/views/notes/index.html.erb:10
  Rendered notes/index.html.erb within layouts/application (Duration: 6.5ms | GC: 0.0ms)
  Rendered shared/_header.html.erb (Duration: 0.8ms | GC: 0.0ms)
  Rendered layout layouts/application.html.erb (Duration: 11.4ms | GC: 0.0ms)
Completed 200 OK in 76ms (Views: 12.9ms | ActiveRecord: 1.7ms (4 queries, 0 cached) | GC: 0.0ms)


[ActionCable] Broadcasting to hotwire_spark: {action: :reload_html, path: "/notes/index.html.erb"}
Hotwire::Spark::Channel transmitting {"action" => "reload_html", "path" => "/notes/index.html.erb"} (via streamed from hotwire_spark)
Started GET "/1/notes?hotwire_spark=true&reload=1741903343895" for ::1 at 2025-03-13 22:02:23 +0000
Processing by NotesController#index as HTML
  Parameters: {"hotwire_spark" => "true", "reload" => "1741903343895", "user_id" => "1"}
  [1m[36mSession Load (0.1ms)[0m  [1m[34mSELECT "sessions".* FROM "sessions" WHERE "sessions"."id" = 3 LIMIT 1 /*action='index',application='Web',controller='notes'*/[0m
  ↳ app/controllers/application_controller.rb:15:in 'ApplicationController#authenticate'
  [1m[36mUser Load (0.0ms)[0m  [1m[34mSELECT "users".* FROM "users" WHERE "users"."id" = 1 LIMIT 1 /*action='index',application='Web',controller='notes'*/[0m
  ↳ app/controllers/application_controller.rb:17:in 'ApplicationController#authenticate'
Error checking database connection: undefined local variable or method 'connection_config' for class Note
  [1m[36mNote Count (0.0ms)[0m  [1m[34mSELECT COUNT(*) FROM "notes" /*action='index',application='Web',controller='notes'*/[0m
  ↳ app/controllers/notes_controller.rb:7:in 'NotesController#index'
  Rendering layout layouts/application.html.erb
  Rendering notes/index.html.erb within layouts/application
  [1m[36mNote Load (0.1ms)[0m  [1m[34mSELECT "notes".* FROM "notes" ORDER BY "notes"."created_at" DESC LIMIT 5 OFFSET 0 /*action='index',application='Web',controller='notes'*/[0m
  ↳ app/views/notes/index.html.erb:20
  Rendered notes/index.html.erb within layouts/application (Duration: 5.5ms | GC: 0.0ms)
  Rendered shared/_header.html.erb (Duration: 0.5ms | GC: 0.0ms)
  Rendered layout layouts/application.html.erb (Duration: 10.0ms | GC: 0.0ms)
Completed 200 OK in 70ms (Views: 12.8ms | ActiveRecord: 1.8ms (4 queries, 0 cached) | GC: 0.0ms)


[ActionCable] Broadcasting to hotwire_spark: {action: :reload_html, path: "/notes/index.html.erb"}
Hotwire::Spark::Channel transmitting {"action" => "reload_html", "path" => "/notes/index.html.erb"} (via streamed from hotwire_spark)
Started GET "/1/notes?hotwire_spark=true&reload=1741903357148" for ::1 at 2025-03-13 22:02:37 +0000
Processing by NotesController#index as HTML
  Parameters: {"hotwire_spark" => "true", "reload" => "1741903357148", "user_id" => "1"}
  [1m[36mSession Load (0.1ms)[0m  [1m[34mSELECT "sessions".* FROM "sessions" WHERE "sessions"."id" = 3 LIMIT 1 /*action='index',application='Web',controller='notes'*/[0m
  ↳ app/controllers/application_controller.rb:15:in 'ApplicationController#authenticate'
  [1m[36mUser Load (0.0ms)[0m  [1m[34mSELECT "users".* FROM "users" WHERE "users"."id" = 1 LIMIT 1 /*action='index',application='Web',controller='notes'*/[0m
  ↳ app/controllers/application_controller.rb:17:in 'ApplicationController#authenticate'
Error checking database connection: undefined local variable or method 'connection_config' for class Note
  [1m[36mNote Count (0.0ms)[0m  [1m[34mSELECT COUNT(*) FROM "notes" /*action='index',application='Web',controller='notes'*/[0m
  ↳ app/controllers/notes_controller.rb:7:in 'NotesController#index'
  Rendering layout layouts/application.html.erb
  Rendering notes/index.html.erb within layouts/application
  [1m[36mNote Load (0.1ms)[0m  [1m[34mSELECT "notes".* FROM "notes" ORDER BY "notes"."created_at" DESC LIMIT 5 OFFSET 0 /*action='index',application='Web',controller='notes'*/[0m
  ↳ app/views/notes/index.html.erb:10
  Rendered notes/index.html.erb within layouts/application (Duration: 9.7ms | GC: 0.0ms)
  Rendered shared/_header.html.erb (Duration: 1.4ms | GC: 0.0ms)
  Rendered layout layouts/application.html.erb (Duration: 15.1ms | GC: 0.0ms)
Completed 200 OK in 83ms (Views: 16.6ms | ActiveRecord: 2.2ms (4 queries, 0 cached) | GC: 0.0ms)


[ActionCable] Broadcasting to hotwire_spark: {action: :reload_html, path: "/notes_controller.rb"}
Hotwire::Spark::Channel transmitting {"action" => "reload_html", "path" => "/notes_controller.rb"} (via streamed from hotwire_spark)
Started GET "/1/notes?hotwire_spark=true&reload=1741903371800" for ::1 at 2025-03-13 22:02:51 +0000
Processing by NotesController#index as HTML
  Parameters: {"hotwire_spark" => "true", "reload" => "1741903371800", "user_id" => "1"}
  [1m[36mSession Load (0.1ms)[0m  [1m[34mSELECT "sessions".* FROM "sessions" WHERE "sessions"."id" = 3 LIMIT 1 /*action='index',application='Web',controller='notes'*/[0m
  ↳ app/controllers/application_controller.rb:15:in 'ApplicationController#authenticate'
  [1m[36mUser Load (0.0ms)[0m  [1m[34mSELECT "users".* FROM "users" WHERE "users"."id" = 1 LIMIT 1 /*action='index',application='Web',controller='notes'*/[0m
  ↳ app/controllers/application_controller.rb:17:in 'ApplicationController#authenticate'
Error checking database connection: undefined local variable or method 'connection_config' for class Note
  [1m[36mNote Count (0.0ms)[0m  [1m[34mSELECT COUNT(*) FROM "notes" /*action='index',application='Web',controller='notes'*/[0m
  ↳ app/controllers/notes_controller.rb:6:in 'NotesController#index'
  Rendering layout layouts/application.html.erb
  Rendering notes/index.html.erb within layouts/application
  [1m[36mNote Load (0.1ms)[0m  [1m[34mSELECT "notes".* FROM "notes" ORDER BY "notes"."created_at" DESC LIMIT 5 OFFSET 0 /*action='index',application='Web',controller='notes'*/[0m
  ↳ app/views/notes/index.html.erb:10
  Rendered notes/index.html.erb within layouts/application (Duration: 9.6ms | GC: 0.0ms)
  Rendered shared/_header.html.erb (Duration: 0.7ms | GC: 0.0ms)
  Rendered layout layouts/application.html.erb (Duration: 14.7ms | GC: 0.0ms)
Completed 200 OK in 81ms (Views: 15.7ms | ActiveRecord: 1.8ms (4 queries, 0 cached) | GC: 0.0ms)


[ActionCable] Broadcasting to hotwire_spark: {action: :reload_html, path: "/notes_controller.rb"}
Hotwire::Spark::Channel transmitting {"action" => "reload_html", "path" => "/notes_controller.rb"} (via streamed from hotwire_spark)
Started GET "/1/notes?hotwire_spark=true&reload=1741903375725" for ::1 at 2025-03-13 22:02:55 +0000
Processing by NotesController#index as HTML
  Parameters: {"hotwire_spark" => "true", "reload" => "1741903375725", "user_id" => "1"}
  [1m[36mSession Load (0.1ms)[0m  [1m[34mSELECT "sessions".* FROM "sessions" WHERE "sessions"."id" = 3 LIMIT 1 /*action='index',application='Web',controller='notes'*/[0m
  ↳ app/controllers/application_controller.rb:15:in 'ApplicationController#authenticate'
  [1m[36mUser Load (0.0ms)[0m  [1m[34mSELECT "users".* FROM "users" WHERE "users"."id" = 1 LIMIT 1 /*action='index',application='Web',controller='notes'*/[0m
  ↳ app/controllers/application_controller.rb:17:in 'ApplicationController#authenticate'
Error checking database connection: undefined local variable or method 'connection_config' for class Note
  [1m[36mNote Count (0.0ms)[0m  [1m[34mSELECT COUNT(*) FROM "notes" /*action='index',application='Web',controller='notes'*/[0m
  ↳ app/controllers/notes_controller.rb:5:in 'NotesController#index'
  Rendering layout layouts/application.html.erb
  Rendering notes/index.html.erb within layouts/application
  [1m[36mNote Load (0.1ms)[0m  [1m[34mSELECT "notes".* FROM "notes" ORDER BY "notes"."created_at" DESC LIMIT 5 OFFSET 0 /*action='index',application='Web',controller='notes'*/[0m
  ↳ app/views/notes/index.html.erb:10
  Rendered notes/index.html.erb within layouts/application (Duration: 4.8ms | GC: 0.0ms)
  Rendered shared/_header.html.erb (Duration: 0.4ms | GC: 0.0ms)
  Rendered layout layouts/application.html.erb (Duration: 7.1ms | GC: 0.0ms)
Completed 200 OK in 70ms (Views: 8.4ms | ActiveRecord: 1.9ms (4 queries, 0 cached) | GC: 0.0ms)


[ActionCable] Broadcasting to hotwire_spark: {action: :reload_html, path: "/application_helper.rb"}
Hotwire::Spark::Channel transmitting {"action" => "reload_html", "path" => "/application_helper.rb"} (via streamed from hotwire_spark)
Started GET "/1/notes?hotwire_spark=true&reload=1741903385085" for ::1 at 2025-03-13 22:03:05 +0000
Processing by NotesController#index as HTML
  Parameters: {"hotwire_spark" => "true", "reload" => "1741903385085", "user_id" => "1"}
  [1m[36mSession Load (0.1ms)[0m  [1m[34mSELECT "sessions".* FROM "sessions" WHERE "sessions"."id" = 3 LIMIT 1 /*action='index',application='Web',controller='notes'*/[0m
  ↳ app/controllers/application_controller.rb:15:in 'ApplicationController#authenticate'
  [1m[36mUser Load (0.0ms)[0m  [1m[34mSELECT "users".* FROM "users" WHERE "users"."id" = 1 LIMIT 1 /*action='index',application='Web',controller='notes'*/[0m
  ↳ app/controllers/application_controller.rb:17:in 'ApplicationController#authenticate'
Error checking database connection: undefined local variable or method 'connection_config' for class Note
  [1m[36mNote Count (0.0ms)[0m  [1m[34mSELECT COUNT(*) FROM "notes" /*action='index',application='Web',controller='notes'*/[0m
  ↳ app/controllers/notes_controller.rb:5:in 'NotesController#index'
  Rendering layout layouts/application.html.erb
  Rendering notes/index.html.erb within layouts/application
  [1m[36mNote Load (0.1ms)[0m  [1m[34mSELECT "notes".* FROM "notes" ORDER BY "notes"."created_at" DESC LIMIT 10 OFFSET 0 /*action='index',application='Web',controller='notes'*/[0m
  ↳ app/views/notes/index.html.erb:10
  Rendered notes/index.html.erb within layouts/application (Duration: 4.4ms | GC: 0.3ms)
  Rendered shared/_header.html.erb (Duration: 0.6ms | GC: 0.0ms)
  Rendered layout layouts/application.html.erb (Duration: 6.9ms | GC: 0.6ms)
Completed 200 OK in 66ms (Views: 8.2ms | ActiveRecord: 2.3ms (4 queries, 0 cached) | GC: 6.7ms)


[ActionCable] Broadcasting to hotwire_spark: {action: :reload_html, path: "/application_helper.rb"}
Hotwire::Spark::Channel transmitting {"action" => "reload_html", "path" => "/application_helper.rb"} (via streamed from hotwire_spark)
Started GET "/1/notes?hotwire_spark=true&reload=1741903389572" for ::1 at 2025-03-13 22:03:09 +0000
Processing by NotesController#index as HTML
  Parameters: {"hotwire_spark" => "true", "reload" => "1741903389572", "user_id" => "1"}
  [1m[36mSession Load (0.1ms)[0m  [1m[34mSELECT "sessions".* FROM "sessions" WHERE "sessions"."id" = 3 LIMIT 1 /*action='index',application='Web',controller='notes'*/[0m
  ↳ app/controllers/application_controller.rb:15:in 'ApplicationController#authenticate'
  [1m[36mUser Load (0.0ms)[0m  [1m[34mSELECT "users".* FROM "users" WHERE "users"."id" = 1 LIMIT 1 /*action='index',application='Web',controller='notes'*/[0m
  ↳ app/controllers/application_controller.rb:17:in 'ApplicationController#authenticate'
Error checking database connection: undefined local variable or method 'connection_config' for class Note
  [1m[36mNote Count (0.0ms)[0m  [1m[34mSELECT COUNT(*) FROM "notes" /*action='index',application='Web',controller='notes'*/[0m
  ↳ app/controllers/notes_controller.rb:5:in 'NotesController#index'
  Rendering layout layouts/application.html.erb
  Rendering notes/index.html.erb within layouts/application
  [1m[36mNote Load (0.1ms)[0m  [1m[34mSELECT "notes".* FROM "notes" ORDER BY "notes"."created_at" DESC LIMIT 8 OFFSET 0 /*action='index',application='Web',controller='notes'*/[0m
  ↳ app/views/notes/index.html.erb:10
  Rendered notes/index.html.erb within layouts/application (Duration: 5.2ms | GC: 0.2ms)
  Rendered shared/_header.html.erb (Duration: 0.6ms | GC: 0.2ms)
  Rendered layout layouts/application.html.erb (Duration: 7.2ms | GC: 0.4ms)
Completed 200 OK in 75ms (Views: 9.9ms | ActiveRecord: 1.8ms (4 queries, 0 cached) | GC: 1.2ms)


[ActionCable] Broadcasting to hotwire_spark: {action: :reload_html, path: "/notes/index.html.erb"}
Hotwire::Spark::Channel transmitting {"action" => "reload_html", "path" => "/notes/index.html.erb"} (via streamed from hotwire_spark)
Started GET "/1/notes?hotwire_spark=true&reload=1741903519583" for ::1 at 2025-03-13 22:05:19 +0000
Processing by NotesController#index as HTML
  Parameters: {"hotwire_spark" => "true", "reload" => "1741903519583", "user_id" => "1"}
  [1m[36mSession Load (0.1ms)[0m  [1m[34mSELECT "sessions".* FROM "sessions" WHERE "sessions"."id" = 3 LIMIT 1 /*action='index',application='Web',controller='notes'*/[0m
  ↳ app/controllers/application_controller.rb:15:in 'ApplicationController#authenticate'
  [1m[36mUser Load (0.0ms)[0m  [1m[34mSELECT "users".* FROM "users" WHERE "users"."id" = 1 LIMIT 1 /*action='index',application='Web',controller='notes'*/[0m
  ↳ app/controllers/application_controller.rb:17:in 'ApplicationController#authenticate'
Error checking database connection: undefined local variable or method 'connection_config' for class Note
  [1m[36mNote Count (0.0ms)[0m  [1m[34mSELECT COUNT(*) FROM "notes" /*action='index',application='Web',controller='notes'*/[0m
  ↳ app/controllers/notes_controller.rb:5:in 'NotesController#index'
  Rendering layout layouts/application.html.erb
  Rendering notes/index.html.erb within layouts/application
  [1m[36mNote Load (0.1ms)[0m  [1m[34mSELECT "notes".* FROM "notes" ORDER BY "notes"."created_at" DESC LIMIT 8 OFFSET 0 /*action='index',application='Web',controller='notes'*/[0m
  ↳ app/views/notes/index.html.erb:10
  Rendered notes/index.html.erb within layouts/application (Duration: 10.4ms | GC: 0.1ms)
  Rendered layout layouts/application.html.erb (Duration: 11.5ms | GC: 0.1ms)
Completed 500 Internal Server Error in 81ms (ActiveRecord: 1.8ms (4 queries, 0 cached) | GC: 0.4ms)


  
ActionView::Template::Error (undefined method 'notes_path' for an instance of #<Class:0x000000013c0b1048>)
Caused by: NoMethodError (undefined method 'notes_path' for an instance of #<Class:0x000000013c0b1048>)

Information for: ActionView::Template::Error (undefined method 'notes_path' for an instance of #<Class:0x000000013c0b1048>):
    20:       <% end %>
    21: 
    22:       <% if @pagy.next %>
    23:         <%= turbo_frame_tag "posts", loading: :lazy, src: notes_path(@notes, page: @pagy.next) do %>
    24:           <!--- put your loading prompt and/or spinner here --->
    25:         <% end %>
    26:       <% end %>
  
app/views/notes/index.html.erb:23
app/views/notes/index.html.erb:8

Information for cause: NoMethodError (undefined method 'notes_path' for an instance of #<Class:0x000000013c0b1048>):
  
app/views/notes/index.html.erb:23
app/views/notes/index.html.erb:8
[ActionCable] Broadcasting to hotwire_spark: {action: :reload_html, path: "/notes/index.html.erb"}
Hotwire::Spark::Channel transmitting {"action" => "reload_html", "path" => "/notes/index.html.erb"} (via streamed from hotwire_spark)
Started GET "/1/notes?hotwire_spark=true&reload=1741903550646" for ::1 at 2025-03-13 22:05:50 +0000
Processing by NotesController#index as HTML
  Parameters: {"hotwire_spark" => "true", "reload" => "1741903550646", "user_id" => "1"}
  [1m[36mSession Load (0.1ms)[0m  [1m[34mSELECT "sessions".* FROM "sessions" WHERE "sessions"."id" = 3 LIMIT 1 /*action='index',application='Web',controller='notes'*/[0m
  ↳ app/controllers/application_controller.rb:15:in 'ApplicationController#authenticate'
  [1m[36mUser Load (0.0ms)[0m  [1m[34mSELECT "users".* FROM "users" WHERE "users"."id" = 1 LIMIT 1 /*action='index',application='Web',controller='notes'*/[0m
  ↳ app/controllers/application_controller.rb:17:in 'ApplicationController#authenticate'
Error checking database connection: undefined local variable or method 'connection_config' for class Note
  [1m[36mNote Count (0.0ms)[0m  [1m[34mSELECT COUNT(*) FROM "notes" /*action='index',application='Web',controller='notes'*/[0m
  ↳ app/controllers/notes_controller.rb:5:in 'NotesController#index'
  Rendering layout layouts/application.html.erb
  Rendering notes/index.html.erb within layouts/application
  [1m[36mNote Load (0.1ms)[0m  [1m[34mSELECT "notes".* FROM "notes" ORDER BY "notes"."created_at" DESC LIMIT 8 OFFSET 0 /*action='index',application='Web',controller='notes'*/[0m
  ↳ app/views/notes/index.html.erb:10
  Rendered notes/index.html.erb within layouts/application (Duration: 13.4ms | GC: 0.4ms)
  Rendered shared/_header.html.erb (Duration: 5.9ms | GC: 0.0ms)
  Rendered layout layouts/application.html.erb (Duration: 26.5ms | GC: 0.6ms)
Completed 200 OK in 91ms (Views: 30.2ms | ActiveRecord: 2.1ms (4 queries, 0 cached) | GC: 1.2ms)


Started GET "/%23%3CNote::ActiveRecord_Relation:0x000000013b639368%3E/notes?page=2" for ::1 at 2025-03-13 22:05:50 +0000
Processing by NotesController#index as HTML
  Parameters: {"page" => "2", "user_id" => "#<Note::ActiveRecord_Relation:0x000000013b639368>"}
  [1m[36mSession Load (0.1ms)[0m  [1m[34mSELECT "sessions".* FROM "sessions" WHERE "sessions"."id" = 3 LIMIT 1 /*action='index',application='Web',controller='notes'*/[0m
  ↳ app/controllers/application_controller.rb:15:in 'ApplicationController#authenticate'
  [1m[36mUser Load (0.0ms)[0m  [1m[34mSELECT "users".* FROM "users" WHERE "users"."id" = 1 LIMIT 1 /*action='index',application='Web',controller='notes'*/[0m
  ↳ app/controllers/application_controller.rb:17:in 'ApplicationController#authenticate'
Error checking database connection: undefined local variable or method 'connection_config' for class Note
  [1m[36mNote Count (0.0ms)[0m  [1m[34mSELECT COUNT(*) FROM "notes" /*action='index',application='Web',controller='notes'*/[0m
  ↳ app/controllers/notes_controller.rb:5:in 'NotesController#index'
  Rendering layout /Users/Matt/.local/share/rbenv/versions/3.4.2/lib/ruby/gems/3.4.0/gems/turbo-rails-2.0.13/app/views/layouts/turbo_rails/frame.html.erb
  Rendering notes/index.html.erb within layouts/turbo_rails/frame
  [1m[36mNote Load (0.0ms)[0m  [1m[34mSELECT "notes".* FROM "notes" ORDER BY "notes"."created_at" DESC LIMIT 8 OFFSET 8 /*action='index',application='Web',controller='notes'*/[0m
  ↳ app/views/notes/index.html.erb:10
  Rendered notes/index.html.erb within layouts/turbo_rails/frame (Duration: 1.5ms | GC: 0.0ms)
  Rendered layout /Users/Matt/.local/share/rbenv/versions/3.4.2/lib/ruby/gems/3.4.0/gems/turbo-rails-2.0.13/app/views/layouts/turbo_rails/frame.html.erb (Duration: 1.9ms | GC: 0.0ms)
Completed 200 OK in 31ms (Views: 2.7ms | ActiveRecord: 0.4ms (4 queries, 0 cached) | GC: 0.3ms)


Started GET "/1/notes" for ::1 at 2025-03-13 22:05:55 +0000
Processing by NotesController#index as HTML
  Parameters: {"user_id" => "1"}
  [1m[36mSession Load (0.6ms)[0m  [1m[34mSELECT "sessions".* FROM "sessions" WHERE "sessions"."id" = 3 LIMIT 1 /*action='index',application='Web',controller='notes'*/[0m
  ↳ app/controllers/application_controller.rb:15:in 'ApplicationController#authenticate'
  [1m[36mUser Load (0.0ms)[0m  [1m[34mSELECT "users".* FROM "users" WHERE "users"."id" = 1 LIMIT 1 /*action='index',application='Web',controller='notes'*/[0m
  ↳ app/controllers/application_controller.rb:17:in 'ApplicationController#authenticate'
Error checking database connection: undefined local variable or method 'connection_config' for class Note
  [1m[36mNote Count (0.0ms)[0m  [1m[34mSELECT COUNT(*) FROM "notes" /*action='index',application='Web',controller='notes'*/[0m
  ↳ app/controllers/notes_controller.rb:5:in 'NotesController#index'
  Rendering layout layouts/application.html.erb
  Rendering notes/index.html.erb within layouts/application
  [1m[36mNote Load (0.0ms)[0m  [1m[34mSELECT "notes".* FROM "notes" ORDER BY "notes"."created_at" DESC LIMIT 8 OFFSET 0 /*action='index',application='Web',controller='notes'*/[0m
  ↳ app/views/notes/index.html.erb:10
  Rendered notes/index.html.erb within layouts/application (Duration: 2.1ms | GC: 0.0ms)
  Rendered shared/_header.html.erb (Duration: 0.1ms | GC: 0.0ms)
  Rendered layout layouts/application.html.erb (Duration: 5.4ms | GC: 0.0ms)
Completed 200 OK in 63ms (Views: 5.5ms | ActiveRecord: 1.1ms (4 queries, 0 cached) | GC: 0.0ms)


Finished "/hotwire-spark" [WebSocket] for ::1 at 2025-03-13 22:05:55 +0000
Hotwire::Spark::Channel stopped streaming from hotwire_spark
Started GET "/%23%3CNote::ActiveRecord_Relation:0x000000013ba74798%3E/notes?page=2" for ::1 at 2025-03-13 22:05:55 +0000
Started GET "/hotwire-spark" for ::1 at 2025-03-13 22:05:55 +0000
Processing by NotesController#index as HTML
  Parameters: {"page" => "2", "user_id" => "#<Note::ActiveRecord_Relation:0x000000013ba74798>"}
Started GET "/hotwire-spark" [WebSocket] for ::1 at 2025-03-13 22:05:55 +0000
Successfully upgraded to WebSocket (REQUEST_METHOD: GET, HTTP_CONNECTION: Upgrade, HTTP_UPGRADE: websocket)
Hotwire::Spark::Channel is transmitting the subscription confirmation
Hotwire::Spark::Channel is streaming from hotwire_spark
  [1m[36mSession Load (0.1ms)[0m  [1m[34mSELECT "sessions".* FROM "sessions" WHERE "sessions"."id" = 3 LIMIT 1 /*action='index',application='Web',controller='notes'*/[0m
  ↳ app/controllers/application_controller.rb:15:in 'ApplicationController#authenticate'
  [1m[36mUser Load (0.0ms)[0m  [1m[34mSELECT "users".* FROM "users" WHERE "users"."id" = 1 LIMIT 1 /*action='index',application='Web',controller='notes'*/[0m
  ↳ app/controllers/application_controller.rb:17:in 'ApplicationController#authenticate'
Error checking database connection: undefined local variable or method 'connection_config' for class Note
  [1m[36mNote Count (0.0ms)[0m  [1m[34mSELECT COUNT(*) FROM "notes" /*action='index',application='Web',controller='notes'*/[0m
  ↳ app/controllers/notes_controller.rb:5:in 'NotesController#index'
  Rendering layout /Users/Matt/.local/share/rbenv/versions/3.4.2/lib/ruby/gems/3.4.0/gems/turbo-rails-2.0.13/app/views/layouts/turbo_rails/frame.html.erb
  Rendering notes/index.html.erb within layouts/turbo_rails/frame
  [1m[36mNote Load (0.0ms)[0m  [1m[34mSELECT "notes".* FROM "notes" ORDER BY "notes"."created_at" DESC LIMIT 8 OFFSET 8 /*action='index',application='Web',controller='notes'*/[0m
  ↳ app/views/notes/index.html.erb:10
  Rendered notes/index.html.erb within layouts/turbo_rails/frame (Duration: 2.2ms | GC: 0.0ms)
  Rendered layout /Users/Matt/.local/share/rbenv/versions/3.4.2/lib/ruby/gems/3.4.0/gems/turbo-rails-2.0.13/app/views/layouts/turbo_rails/frame.html.erb (Duration: 2.3ms | GC: 0.0ms)
Completed 200 OK in 39ms (Views: 2.5ms | ActiveRecord: 0.4ms (4 queries, 0 cached) | GC: 0.0ms)


Started GET "/1/notes" for ::1 at 2025-03-13 22:05:56 +0000
Processing by NotesController#index as HTML
  Parameters: {"user_id" => "1"}
  [1m[36mSession Load (0.1ms)[0m  [1m[34mSELECT "sessions".* FROM "sessions" WHERE "sessions"."id" = 3 LIMIT 1 /*action='index',application='Web',controller='notes'*/[0m
  ↳ app/controllers/application_controller.rb:15:in 'ApplicationController#authenticate'
  [1m[36mUser Load (0.0ms)[0m  [1m[34mSELECT "users".* FROM "users" WHERE "users"."id" = 1 LIMIT 1 /*action='index',application='Web',controller='notes'*/[0m
  ↳ app/controllers/application_controller.rb:17:in 'ApplicationController#authenticate'
Error checking database connection: undefined local variable or method 'connection_config' for class Note
  [1m[36mNote Count (0.0ms)[0m  [1m[34mSELECT COUNT(*) FROM "notes" /*action='index',application='Web',controller='notes'*/[0m
  ↳ app/controllers/notes_controller.rb:5:in 'NotesController#index'
  Rendering layout layouts/application.html.erb
  Rendering notes/index.html.erb within layouts/application
  [1m[36mNote Load (0.1ms)[0m  [1m[34mSELECT "notes".* FROM "notes" ORDER BY "notes"."created_at" DESC LIMIT 8 OFFSET 0 /*action='index',application='Web',controller='notes'*/[0m
  ↳ app/views/notes/index.html.erb:10
  Rendered notes/index.html.erb within layouts/application (Duration: 1.2ms | GC: 0.0ms)
  Rendered shared/_header.html.erb (Duration: 0.1ms | GC: 0.0ms)
  Rendered layout layouts/application.html.erb (Duration: 1.7ms | GC: 0.0ms)
Completed 200 OK in 65ms (Views: 1.8ms | ActiveRecord: 0.6ms (4 queries, 0 cached) | GC: 0.0ms)


Finished "/hotwire-spark" [WebSocket] for ::1 at 2025-03-13 22:05:56 +0000
Hotwire::Spark::Channel stopped streaming from hotwire_spark
Started GET "/hotwire-spark" for ::1 at 2025-03-13 22:05:56 +0000
Started GET "/hotwire-spark" [WebSocket] for ::1 at 2025-03-13 22:05:56 +0000
Successfully upgraded to WebSocket (REQUEST_METHOD: GET, HTTP_CONNECTION: Upgrade, HTTP_UPGRADE: websocket)
Started GET "/%23%3CNote::ActiveRecord_Relation:0x000000013bdfcd48%3E/notes?page=2" for ::1 at 2025-03-13 22:05:56 +0000
Hotwire::Spark::Channel is transmitting the subscription confirmation
Hotwire::Spark::Channel is streaming from hotwire_spark
Processing by NotesController#index as HTML
  Parameters: {"page" => "2", "user_id" => "#<Note::ActiveRecord_Relation:0x000000013bdfcd48>"}
  [1m[36mSession Load (0.1ms)[0m  [1m[34mSELECT "sessions".* FROM "sessions" WHERE "sessions"."id" = 3 LIMIT 1 /*action='index',application='Web',controller='notes'*/[0m
  ↳ app/controllers/application_controller.rb:15:in 'ApplicationController#authenticate'
  [1m[36mUser Load (0.0ms)[0m  [1m[34mSELECT "users".* FROM "users" WHERE "users"."id" = 1 LIMIT 1 /*action='index',application='Web',controller='notes'*/[0m
  ↳ app/controllers/application_controller.rb:17:in 'ApplicationController#authenticate'
Error checking database connection: undefined local variable or method 'connection_config' for class Note
  [1m[36mNote Count (0.0ms)[0m  [1m[34mSELECT COUNT(*) FROM "notes" /*action='index',application='Web',controller='notes'*/[0m
  ↳ app/controllers/notes_controller.rb:5:in 'NotesController#index'
  Rendering layout /Users/Matt/.local/share/rbenv/versions/3.4.2/lib/ruby/gems/3.4.0/gems/turbo-rails-2.0.13/app/views/layouts/turbo_rails/frame.html.erb
  Rendering notes/index.html.erb within layouts/turbo_rails/frame
  [1m[36mNote Load (0.1ms)[0m  [1m[34mSELECT "notes".* FROM "notes" ORDER BY "notes"."created_at" DESC LIMIT 8 OFFSET 8 /*action='index',application='Web',controller='notes'*/[0m
  ↳ app/views/notes/index.html.erb:10
  Rendered notes/index.html.erb within layouts/turbo_rails/frame (Duration: 0.8ms | GC: 0.0ms)
  Rendered layout /Users/Matt/.local/share/rbenv/versions/3.4.2/lib/ruby/gems/3.4.0/gems/turbo-rails-2.0.13/app/views/layouts/turbo_rails/frame.html.erb (Duration: 0.8ms | GC: 0.0ms)
Completed 200 OK in 34ms (Views: 4.5ms | ActiveRecord: 0.4ms (4 queries, 0 cached) | GC: 0.0ms)


Started GET "/1/notes" for ::1 at 2025-03-13 22:05:56 +0000
Processing by NotesController#index as HTML
  Parameters: {"user_id" => "1"}
  [1m[36mSession Load (0.1ms)[0m  [1m[34mSELECT "sessions".* FROM "sessions" WHERE "sessions"."id" = 3 LIMIT 1 /*action='index',application='Web',controller='notes'*/[0m
  ↳ app/controllers/application_controller.rb:15:in 'ApplicationController#authenticate'
  [1m[36mUser Load (0.0ms)[0m  [1m[34mSELECT "users".* FROM "users" WHERE "users"."id" = 1 LIMIT 1 /*action='index',application='Web',controller='notes'*/[0m
  ↳ app/controllers/application_controller.rb:17:in 'ApplicationController#authenticate'
Error checking database connection: undefined local variable or method 'connection_config' for class Note
  [1m[36mNote Count (0.0ms)[0m  [1m[34mSELECT COUNT(*) FROM "notes" /*action='index',application='Web',controller='notes'*/[0m
  ↳ app/controllers/notes_controller.rb:5:in 'NotesController#index'
  Rendering layout layouts/application.html.erb
  Rendering notes/index.html.erb within layouts/application
  [1m[36mNote Load (0.0ms)[0m  [1m[34mSELECT "notes".* FROM "notes" ORDER BY "notes"."created_at" DESC LIMIT 8 OFFSET 0 /*action='index',application='Web',controller='notes'*/[0m
  ↳ app/views/notes/index.html.erb:10
  Rendered notes/index.html.erb within layouts/application (Duration: 0.6ms | GC: 0.0ms)
  Rendered shared/_header.html.erb (Duration: 0.1ms | GC: 0.0ms)
  Rendered layout layouts/application.html.erb (Duration: 1.4ms | GC: 0.0ms)
Completed 200 OK in 30ms (Views: 1.5ms | ActiveRecord: 0.4ms (4 queries, 0 cached) | GC: 0.0ms)


Finished "/hotwire-spark" [WebSocket] for ::1 at 2025-03-13 22:05:56 +0000
Hotwire::Spark::Channel stopped streaming from hotwire_spark
Started GET "/hotwire-spark" for ::1 at 2025-03-13 22:05:56 +0000
Started GET "/hotwire-spark" [WebSocket] for ::1 at 2025-03-13 22:05:56 +0000
Successfully upgraded to WebSocket (REQUEST_METHOD: GET, HTTP_CONNECTION: Upgrade, HTTP_UPGRADE: websocket)
Started GET "/%23%3CNote::ActiveRecord_Relation:0x000000013c0f9b18%3E/notes?page=2" for ::1 at 2025-03-13 22:05:56 +0000
Hotwire::Spark::Channel is transmitting the subscription confirmation
Hotwire::Spark::Channel is streaming from hotwire_spark
Processing by NotesController#index as HTML
  Parameters: {"page" => "2", "user_id" => "#<Note::ActiveRecord_Relation:0x000000013c0f9b18>"}
  [1m[36mSession Load (0.1ms)[0m  [1m[34mSELECT "sessions".* FROM "sessions" WHERE "sessions"."id" = 3 LIMIT 1 /*action='index',application='Web',controller='notes'*/[0m
  ↳ app/controllers/application_controller.rb:15:in 'ApplicationController#authenticate'
  [1m[36mUser Load (0.0ms)[0m  [1m[34mSELECT "users".* FROM "users" WHERE "users"."id" = 1 LIMIT 1 /*action='index',application='Web',controller='notes'*/[0m
  ↳ app/controllers/application_controller.rb:17:in 'ApplicationController#authenticate'
Error checking database connection: undefined local variable or method 'connection_config' for class Note
  [1m[36mNote Count (0.0ms)[0m  [1m[34mSELECT COUNT(*) FROM "notes" /*action='index',application='Web',controller='notes'*/[0m
  ↳ app/controllers/notes_controller.rb:5:in 'NotesController#index'
  Rendering layout /Users/Matt/.local/share/rbenv/versions/3.4.2/lib/ruby/gems/3.4.0/gems/turbo-rails-2.0.13/app/views/layouts/turbo_rails/frame.html.erb
  Rendering notes/index.html.erb within layouts/turbo_rails/frame
  [1m[36mNote Load (0.0ms)[0m  [1m[34mSELECT "notes".* FROM "notes" ORDER BY "notes"."created_at" DESC LIMIT 8 OFFSET 8 /*action='index',application='Web',controller='notes'*/[0m
  ↳ app/views/notes/index.html.erb:10
  Rendered notes/index.html.erb within layouts/turbo_rails/frame (Duration: 1.3ms | GC: 0.0ms)
  Rendered layout /Users/Matt/.local/share/rbenv/versions/3.4.2/lib/ruby/gems/3.4.0/gems/turbo-rails-2.0.13/app/views/layouts/turbo_rails/frame.html.erb (Duration: 1.4ms | GC: 0.0ms)
Completed 200 OK in 29ms (Views: 1.5ms | ActiveRecord: 0.4ms (4 queries, 0 cached) | GC: 0.0ms)


Started GET "/1/notes" for ::1 at 2025-03-13 22:05:56 +0000
Processing by NotesController#index as HTML
  Parameters: {"user_id" => "1"}
  [1m[36mSession Load (0.1ms)[0m  [1m[34mSELECT "sessions".* FROM "sessions" WHERE "sessions"."id" = 3 LIMIT 1 /*action='index',application='Web',controller='notes'*/[0m
  ↳ app/controllers/application_controller.rb:15:in 'ApplicationController#authenticate'
  [1m[36mUser Load (0.0ms)[0m  [1m[34mSELECT "users".* FROM "users" WHERE "users"."id" = 1 LIMIT 1 /*action='index',application='Web',controller='notes'*/[0m
  ↳ app/controllers/application_controller.rb:17:in 'ApplicationController#authenticate'
Error checking database connection: undefined local variable or method 'connection_config' for class Note
  [1m[36mNote Count (0.0ms)[0m  [1m[34mSELECT COUNT(*) FROM "notes" /*action='index',application='Web',controller='notes'*/[0m
  ↳ app/controllers/notes_controller.rb:5:in 'NotesController#index'
  Rendering layout layouts/application.html.erb
  Rendering notes/index.html.erb within layouts/application
  [1m[36mNote Load (0.1ms)[0m  [1m[34mSELECT "notes".* FROM "notes" ORDER BY "notes"."created_at" DESC LIMIT 8 OFFSET 0 /*action='index',application='Web',controller='notes'*/[0m
  ↳ app/views/notes/index.html.erb:10
  Rendered notes/index.html.erb within layouts/application (Duration: 2.3ms | GC: 1.4ms)
  Rendered shared/_header.html.erb (Duration: 0.2ms | GC: 0.0ms)
  Rendered layout layouts/application.html.erb (Duration: 3.3ms | GC: 1.6ms)
Completed 200 OK in 35ms (Views: 3.9ms | ActiveRecord: 0.5ms (4 queries, 0 cached) | GC: 4.2ms)


Finished "/hotwire-spark" [WebSocket] for ::1 at 2025-03-13 22:05:56 +0000
Hotwire::Spark::Channel stopped streaming from hotwire_spark
Started GET "/hotwire-spark" for ::1 at 2025-03-13 22:05:56 +0000
Started GET "/hotwire-spark" [WebSocket] for ::1 at 2025-03-13 22:05:56 +0000
Successfully upgraded to WebSocket (REQUEST_METHOD: GET, HTTP_CONNECTION: Upgrade, HTTP_UPGRADE: websocket)
Hotwire::Spark::Channel is transmitting the subscription confirmation
Hotwire::Spark::Channel is streaming from hotwire_spark
Started GET "/%23%3CNote::ActiveRecord_Relation:0x000000013d3f7b48%3E/notes?page=2" for ::1 at 2025-03-13 22:05:56 +0000
Processing by NotesController#index as HTML
  Parameters: {"page" => "2", "user_id" => "#<Note::ActiveRecord_Relation:0x000000013d3f7b48>"}
  [1m[36mSession Load (0.1ms)[0m  [1m[34mSELECT "sessions".* FROM "sessions" WHERE "sessions"."id" = 3 LIMIT 1 /*action='index',application='Web',controller='notes'*/[0m
  ↳ app/controllers/application_controller.rb:15:in 'ApplicationController#authenticate'
  [1m[36mUser Load (0.0ms)[0m  [1m[34mSELECT "users".* FROM "users" WHERE "users"."id" = 1 LIMIT 1 /*action='index',application='Web',controller='notes'*/[0m
  ↳ app/controllers/application_controller.rb:17:in 'ApplicationController#authenticate'
Error checking database connection: undefined local variable or method 'connection_config' for class Note
  [1m[36mNote Count (0.0ms)[0m  [1m[34mSELECT COUNT(*) FROM "notes" /*action='index',application='Web',controller='notes'*/[0m
  ↳ app/controllers/notes_controller.rb:5:in 'NotesController#index'
  Rendering layout /Users/Matt/.local/share/rbenv/versions/3.4.2/lib/ruby/gems/3.4.0/gems/turbo-rails-2.0.13/app/views/layouts/turbo_rails/frame.html.erb
  Rendering notes/index.html.erb within layouts/turbo_rails/frame
  [1m[36mNote Load (0.0ms)[0m  [1m[34mSELECT "notes".* FROM "notes" ORDER BY "notes"."created_at" DESC LIMIT 8 OFFSET 8 /*action='index',application='Web',controller='notes'*/[0m
  ↳ app/views/notes/index.html.erb:10
  Rendered notes/index.html.erb within layouts/turbo_rails/frame (Duration: 2.1ms | GC: 0.8ms)
  Rendered layout /Users/Matt/.local/share/rbenv/versions/3.4.2/lib/ruby/gems/3.4.0/gems/turbo-rails-2.0.13/app/views/layouts/turbo_rails/frame.html.erb (Duration: 2.2ms | GC: 0.8ms)
Completed 200 OK in 32ms (Views: 2.3ms | ActiveRecord: 0.4ms (4 queries, 0 cached) | GC: 1.3ms)


Started GET "/1/notes" for ::1 at 2025-03-13 22:05:56 +0000
Processing by NotesController#index as HTML
  Parameters: {"user_id" => "1"}
  [1m[36mSession Load (0.1ms)[0m  [1m[34mSELECT "sessions".* FROM "sessions" WHERE "sessions"."id" = 3 LIMIT 1 /*action='index',application='Web',controller='notes'*/[0m
  ↳ app/controllers/application_controller.rb:15:in 'ApplicationController#authenticate'
  [1m[36mUser Load (0.0ms)[0m  [1m[34mSELECT "users".* FROM "users" WHERE "users"."id" = 1 LIMIT 1 /*action='index',application='Web',controller='notes'*/[0m
  ↳ app/controllers/application_controller.rb:17:in 'ApplicationController#authenticate'
Error checking database connection: undefined local variable or method 'connection_config' for class Note
  [1m[36mNote Count (0.0ms)[0m  [1m[34mSELECT COUNT(*) FROM "notes" /*action='index',application='Web',controller='notes'*/[0m
  ↳ app/controllers/notes_controller.rb:5:in 'NotesController#index'
  Rendering layout layouts/application.html.erb
  Rendering notes/index.html.erb within layouts/application
  [1m[36mNote Load (0.1ms)[0m  [1m[34mSELECT "notes".* FROM "notes" ORDER BY "notes"."created_at" DESC LIMIT 8 OFFSET 0 /*action='index',application='Web',controller='notes'*/[0m
  ↳ app/views/notes/index.html.erb:10
  Rendered notes/index.html.erb within layouts/application (Duration: 1.5ms | GC: 0.2ms)
  Rendered shared/_header.html.erb (Duration: 0.1ms | GC: 0.0ms)
  Rendered layout layouts/application.html.erb (Duration: 2.1ms | GC: 0.2ms)
Completed 200 OK in 35ms (Views: 2.2ms | ActiveRecord: 0.5ms (4 queries, 0 cached) | GC: 2.4ms)


Finished "/hotwire-spark" [WebSocket] for ::1 at 2025-03-13 22:05:56 +0000
Hotwire::Spark::Channel stopped streaming from hotwire_spark
Started GET "/hotwire-spark" for ::1 at 2025-03-13 22:05:56 +0000
Started GET "/hotwire-spark" [WebSocket] for ::1 at 2025-03-13 22:05:56 +0000
Successfully upgraded to WebSocket (REQUEST_METHOD: GET, HTTP_CONNECTION: Upgrade, HTTP_UPGRADE: websocket)
Hotwire::Spark::Channel is transmitting the subscription confirmation
Hotwire::Spark::Channel is streaming from hotwire_spark
Started GET "/%23%3CNote::ActiveRecord_Relation:0x000000013abbae78%3E/notes?page=2" for ::1 at 2025-03-13 22:05:56 +0000
Processing by NotesController#index as HTML
  Parameters: {"page" => "2", "user_id" => "#<Note::ActiveRecord_Relation:0x000000013abbae78>"}
  [1m[36mSession Load (0.1ms)[0m  [1m[34mSELECT "sessions".* FROM "sessions" WHERE "sessions"."id" = 3 LIMIT 1 /*action='index',application='Web',controller='notes'*/[0m
  ↳ app/controllers/application_controller.rb:15:in 'ApplicationController#authenticate'
  [1m[36mUser Load (0.0ms)[0m  [1m[34mSELECT "users".* FROM "users" WHERE "users"."id" = 1 LIMIT 1 /*action='index',application='Web',controller='notes'*/[0m
  ↳ app/controllers/application_controller.rb:17:in 'ApplicationController#authenticate'
Error checking database connection: undefined local variable or method 'connection_config' for class Note
  [1m[36mNote Count (0.0ms)[0m  [1m[34mSELECT COUNT(*) FROM "notes" /*action='index',application='Web',controller='notes'*/[0m
  ↳ app/controllers/notes_controller.rb:5:in 'NotesController#index'
  Rendering layout /Users/Matt/.local/share/rbenv/versions/3.4.2/lib/ruby/gems/3.4.0/gems/turbo-rails-2.0.13/app/views/layouts/turbo_rails/frame.html.erb
  Rendering notes/index.html.erb within layouts/turbo_rails/frame
  [1m[36mNote Load (0.0ms)[0m  [1m[34mSELECT "notes".* FROM "notes" ORDER BY "notes"."created_at" DESC LIMIT 8 OFFSET 8 /*action='index',application='Web',controller='notes'*/[0m
  ↳ app/views/notes/index.html.erb:10
  Rendered notes/index.html.erb within layouts/turbo_rails/frame (Duration: 1.0ms | GC: 0.3ms)
  Rendered layout /Users/Matt/.local/share/rbenv/versions/3.4.2/lib/ruby/gems/3.4.0/gems/turbo-rails-2.0.13/app/views/layouts/turbo_rails/frame.html.erb (Duration: 1.0ms | GC: 0.3ms)
Completed 200 OK in 30ms (Views: 1.1ms | ActiveRecord: 0.4ms (4 queries, 0 cached) | GC: 0.7ms)


Finished "/hotwire-spark" [WebSocket] for ::1 at 2025-03-13 22:23:36 +0000
Hotwire::Spark::Channel stopped streaming from hotwire_spark
Started GET "/hotwire-spark" for ::1 at 2025-03-13 22:27:05 +0000
Started GET "/hotwire-spark" [WebSocket] for ::1 at 2025-03-13 22:27:05 +0000
Successfully upgraded to WebSocket (REQUEST_METHOD: GET, HTTP_CONNECTION: Upgrade, HTTP_UPGRADE: websocket)
Hotwire::Spark::Channel is transmitting the subscription confirmation
Hotwire::Spark::Channel is streaming from hotwire_spark
Finished "/hotwire-spark" [WebSocket] for ::1 at 2025-03-14 00:12:51 +0000
Hotwire::Spark::Channel stopped streaming from hotwire_spark
Started GET "/hotwire-spark" for ::1 at 2025-03-14 00:29:43 +0000
Started GET "/hotwire-spark" [WebSocket] for ::1 at 2025-03-14 00:29:43 +0000
Successfully upgraded to WebSocket (REQUEST_METHOD: GET, HTTP_CONNECTION: Upgrade, HTTP_UPGRADE: websocket)
Hotwire::Spark::Channel is transmitting the subscription confirmation
Hotwire::Spark::Channel is streaming from hotwire_spark
Finished "/hotwire-spark" [WebSocket] for ::1 at 2025-03-14 10:01:57 +0000
Hotwire::Spark::Channel stopped streaming from hotwire_spark
Started GET "/hotwire-spark" for ::1 at 2025-03-14 10:02:48 +0000
Started GET "/hotwire-spark" [WebSocket] for ::1 at 2025-03-14 10:02:48 +0000
Successfully upgraded to WebSocket (REQUEST_METHOD: GET, HTTP_CONNECTION: Upgrade, HTTP_UPGRADE: websocket)
Hotwire::Spark::Channel is transmitting the subscription confirmation
Hotwire::Spark::Channel is streaming from hotwire_spark
Finished "/hotwire-spark" [WebSocket] for ::1 at 2025-03-14 10:04:39 +0000
Hotwire::Spark::Channel stopped streaming from hotwire_spark
Started GET "/hotwire-spark" for ::1 at 2025-03-14 10:05:04 +0000
Started GET "/hotwire-spark" [WebSocket] for ::1 at 2025-03-14 10:05:04 +0000
Successfully upgraded to WebSocket (REQUEST_METHOD: GET, HTTP_CONNECTION: Upgrade, HTTP_UPGRADE: websocket)
Hotwire::Spark::Channel is transmitting the subscription confirmation
Hotwire::Spark::Channel is streaming from hotwire_spark
Finished "/hotwire-spark" [WebSocket] for ::1 at 2025-03-14 10:05:34 +0000
Hotwire::Spark::Channel stopped streaming from hotwire_spark
Started GET "/hotwire-spark" for ::1 at 2025-03-14 10:05:34 +0000
Started GET "/hotwire-spark" [WebSocket] for ::1 at 2025-03-14 10:05:34 +0000
Successfully upgraded to WebSocket (REQUEST_METHOD: GET, HTTP_CONNECTION: Upgrade, HTTP_UPGRADE: websocket)
Hotwire::Spark::Channel is transmitting the subscription confirmation
Hotwire::Spark::Channel is streaming from hotwire_spark
Finished "/hotwire-spark" [WebSocket] for ::1 at 2025-03-14 18:23:39 +0000
Hotwire::Spark::Channel stopped streaming from hotwire_spark
Started GET "/hotwire-spark" for ::1 at 2025-03-14 18:24:26 +0000
Started GET "/hotwire-spark" [WebSocket] for ::1 at 2025-03-14 18:24:26 +0000
Successfully upgraded to WebSocket (REQUEST_METHOD: GET, HTTP_CONNECTION: Upgrade, HTTP_UPGRADE: websocket)
Hotwire::Spark::Channel is transmitting the subscription confirmation
Hotwire::Spark::Channel is streaming from hotwire_spark
Finished "/hotwire-spark" [WebSocket] for ::1 at 2025-03-15 00:58:50 +0000
Hotwire::Spark::Channel stopped streaming from hotwire_spark
Started GET "/hotwire-spark" for ::1 at 2025-03-15 00:59:26 +0000
Started GET "/hotwire-spark" [WebSocket] for ::1 at 2025-03-15 00:59:26 +0000
Successfully upgraded to WebSocket (REQUEST_METHOD: GET, HTTP_CONNECTION: Upgrade, HTTP_UPGRADE: websocket)
Hotwire::Spark::Channel is transmitting the subscription confirmation
Hotwire::Spark::Channel is streaming from hotwire_spark
Finished "/hotwire-spark" [WebSocket] for ::1 at 2025-03-15 09:30:08 +0000
Hotwire::Spark::Channel stopped streaming from hotwire_spark
Started GET "/hotwire-spark" for ::1 at 2025-03-15 09:30:26 +0000
Started GET "/hotwire-spark" [WebSocket] for ::1 at 2025-03-15 09:30:26 +0000
Successfully upgraded to WebSocket (REQUEST_METHOD: GET, HTTP_CONNECTION: Upgrade, HTTP_UPGRADE: websocket)
Hotwire::Spark::Channel is transmitting the subscription confirmation
Hotwire::Spark::Channel is streaming from hotwire_spark
Finished "/hotwire-spark" [WebSocket] for ::1 at 2025-03-15 23:12:38 +0000
Hotwire::Spark::Channel stopped streaming from hotwire_spark
Started GET "/hotwire-spark" for ::1 at 2025-03-15 23:46:22 +0000
Started GET "/hotwire-spark" [WebSocket] for ::1 at 2025-03-15 23:46:22 +0000
Successfully upgraded to WebSocket (REQUEST_METHOD: GET, HTTP_CONNECTION: Upgrade, HTTP_UPGRADE: websocket)
Hotwire::Spark::Channel is transmitting the subscription confirmation
Hotwire::Spark::Channel is streaming from hotwire_spark
Finished "/hotwire-spark" [WebSocket] for ::1 at 2025-03-16 08:42:23 +0000
Hotwire::Spark::Channel stopped streaming from hotwire_spark
Started GET "/hotwire-spark" for ::1 at 2025-03-16 08:42:57 +0000
Started GET "/hotwire-spark" [WebSocket] for ::1 at 2025-03-16 08:42:57 +0000
Successfully upgraded to WebSocket (REQUEST_METHOD: GET, HTTP_CONNECTION: Upgrade, HTTP_UPGRADE: websocket)
Hotwire::Spark::Channel is transmitting the subscription confirmation
Hotwire::Spark::Channel is streaming from hotwire_spark
Finished "/hotwire-spark" [WebSocket] for ::1 at 2025-03-16 09:10:43 +0000
Hotwire::Spark::Channel stopped streaming from hotwire_spark
Started GET "/hotwire-spark" for ::1 at 2025-03-16 09:11:43 +0000
Started GET "/hotwire-spark" [WebSocket] for ::1 at 2025-03-16 09:11:43 +0000
Successfully upgraded to WebSocket (REQUEST_METHOD: GET, HTTP_CONNECTION: Upgrade, HTTP_UPGRADE: websocket)
Hotwire::Spark::Channel is transmitting the subscription confirmation
Hotwire::Spark::Channel is streaming from hotwire_spark
Finished "/hotwire-spark" [WebSocket] for ::1 at 2025-03-16 09:14:56 +0000
Hotwire::Spark::Channel stopped streaming from hotwire_spark
Started GET "/hotwire-spark" for ::1 at 2025-03-16 09:16:03 +0000
Started GET "/hotwire-spark" [WebSocket] for ::1 at 2025-03-16 09:16:03 +0000
Successfully upgraded to WebSocket (REQUEST_METHOD: GET, HTTP_CONNECTION: Upgrade, HTTP_UPGRADE: websocket)
Hotwire::Spark::Channel is transmitting the subscription confirmation
Hotwire::Spark::Channel is streaming from hotwire_spark
Finished "/hotwire-spark" [WebSocket] for ::1 at 2025-03-16 12:29:34 +0000
Hotwire::Spark::Channel stopped streaming from hotwire_spark
Started GET "/hotwire-spark" for ::1 at 2025-03-16 12:29:50 +0000
Started GET "/hotwire-spark" [WebSocket] for ::1 at 2025-03-16 12:29:50 +0000
Successfully upgraded to WebSocket (REQUEST_METHOD: GET, HTTP_CONNECTION: Upgrade, HTTP_UPGRADE: websocket)
Hotwire::Spark::Channel is transmitting the subscription confirmation
Hotwire::Spark::Channel is streaming from hotwire_spark
Finished "/hotwire-spark" [WebSocket] for ::1 at 2025-03-16 20:33:47 +0000
Hotwire::Spark::Channel stopped streaming from hotwire_spark
Started GET "/hotwire-spark" for ::1 at 2025-03-16 20:34:00 +0000
Started GET "/hotwire-spark" [WebSocket] for ::1 at 2025-03-16 20:34:00 +0000
Successfully upgraded to WebSocket (REQUEST_METHOD: GET, HTTP_CONNECTION: Upgrade, HTTP_UPGRADE: websocket)
Hotwire::Spark::Channel is transmitting the subscription confirmation
Hotwire::Spark::Channel is streaming from hotwire_spark
Finished "/hotwire-spark" [WebSocket] for ::1 at 2025-03-17 01:27:01 +0000
Hotwire::Spark::Channel stopped streaming from hotwire_spark
Started GET "/hotwire-spark" for ::1 at 2025-03-17 01:27:17 +0000
Started GET "/hotwire-spark" [WebSocket] for ::1 at 2025-03-17 01:27:17 +0000
Successfully upgraded to WebSocket (REQUEST_METHOD: GET, HTTP_CONNECTION: Upgrade, HTTP_UPGRADE: websocket)
Hotwire::Spark::Channel is transmitting the subscription confirmation
Hotwire::Spark::Channel is streaming from hotwire_spark
Started GET "/1/notes" for ::1 at 2025-03-17 11:22:49 +0000
Processing by NotesController#index as HTML
  Parameters: {"user_id" => "1"}
  [1m[36mSession Load (6.1ms)[0m  [1m[34mSELECT "sessions".* FROM "sessions" WHERE "sessions"."id" = 3 LIMIT 1 /*action='index',application='Web',controller='notes'*/[0m
  ↳ app/controllers/application_controller.rb:15:in 'ApplicationController#authenticate'
  [1m[36mUser Load (0.2ms)[0m  [1m[34mSELECT "users".* FROM "users" WHERE "users"."id" = 1 LIMIT 1 /*action='index',application='Web',controller='notes'*/[0m
  ↳ app/controllers/application_controller.rb:17:in 'ApplicationController#authenticate'
Error checking database connection: undefined local variable or method 'connection_config' for class Note
  [1m[36mNote Count (0.2ms)[0m  [1m[34mSELECT COUNT(*) FROM "notes" /*action='index',application='Web',controller='notes'*/[0m
  ↳ app/controllers/notes_controller.rb:5:in 'NotesController#index'
  Rendering layout layouts/application.html.erb
  Rendering notes/index.html.erb within layouts/application
  [1m[36mNote Load (0.1ms)[0m  [1m[34mSELECT "notes".* FROM "notes" ORDER BY "notes"."created_at" DESC LIMIT 8 OFFSET 0 /*action='index',application='Web',controller='notes'*/[0m
  ↳ app/views/notes/index.html.erb:10
  Rendered notes/index.html.erb within layouts/application (Duration: 2.0ms | GC: 0.0ms)
  Rendered shared/_header.html.erb (Duration: 0.4ms | GC: 0.0ms)
  Rendered layout layouts/application.html.erb (Duration: 3.3ms | GC: 0.0ms)
Completed 200 OK in 68ms (Views: 3.8ms | ActiveRecord: 7.0ms (4 queries, 0 cached) | GC: 0.3ms)


Finished "/hotwire-spark" [WebSocket] for ::1 at 2025-03-17 11:22:49 +0000
Hotwire::Spark::Channel stopped streaming from hotwire_spark
Started GET "/1/notes" for ::1 at 2025-03-17 11:22:49 +0000
Processing by NotesController#index as HTML
  Parameters: {"user_id" => "1"}
Started GET "/hotwire-spark" for ::1 at 2025-03-17 11:22:49 +0000
Started GET "/hotwire-spark" [WebSocket] for ::1 at 2025-03-17 11:22:49 +0000
Successfully upgraded to WebSocket (REQUEST_METHOD: GET, HTTP_CONNECTION: Upgrade, HTTP_UPGRADE: websocket)
Started GET "/%23%3CNote::ActiveRecord_Relation:0x000000013c5b10e8%3E/notes?page=2" for ::1 at 2025-03-17 11:22:49 +0000
  [1m[36mSession Load (0.1ms)[0m  [1m[34mSELECT "sessions".* FROM "sessions" WHERE "sessions"."id" = 3 LIMIT 1 /*action='index',application='Web',controller='notes'*/[0m
  ↳ app/controllers/application_controller.rb:15:in 'ApplicationController#authenticate'
  [1m[36mUser Load (0.0ms)[0m  [1m[34mSELECT "users".* FROM "users" WHERE "users"."id" = 1 LIMIT 1 /*action='index',application='Web',controller='notes'*/[0m
  ↳ app/controllers/application_controller.rb:17:in 'ApplicationController#authenticate'
Hotwire::Spark::Channel is transmitting the subscription confirmation
Error checking database connection: undefined local variable or method 'connection_config' for class Note
Hotwire::Spark::Channel is streaming from hotwire_spark
  [1m[36mNote Count (0.0ms)[0m  [1m[34mSELECT COUNT(*) FROM "notes" /*action='index',application='Web',controller='notes'*/[0m
  ↳ app/controllers/notes_controller.rb:5:in 'NotesController#index'
  Rendering layout layouts/application.html.erb
  Rendering notes/index.html.erb within layouts/application
  [1m[36mNote Load (0.2ms)[0m  [1m[34mSELECT "notes".* FROM "notes" ORDER BY "notes"."created_at" DESC LIMIT 8 OFFSET 0 /*action='index',application='Web',controller='notes'*/[0m
  ↳ app/views/notes/index.html.erb:10
  Rendered notes/index.html.erb within layouts/application (Duration: 1.6ms | GC: 0.2ms)
  Rendered shared/_header.html.erb (Duration: 0.1ms | GC: 0.0ms)
  Rendered layout layouts/application.html.erb (Duration: 2.2ms | GC: 0.2ms)
Completed 200 OK in 56ms (Views: 2.2ms | ActiveRecord: 0.6ms (4 queries, 0 cached) | GC: 0.4ms)


Finished "/hotwire-spark" [WebSocket] for ::1 at 2025-03-17 11:22:49 +0000
Hotwire::Spark::Channel stopped streaming from hotwire_spark
Processing by NotesController#index as HTML
  Parameters: {"page" => "2", "user_id" => "#<Note::ActiveRecord_Relation:0x000000013c5b10e8>"}
Started GET "/%23%3CNote::ActiveRecord_Relation:0x000000013c0b4b08%3E/notes?page=2" for ::1 at 2025-03-17 11:22:49 +0000
Processing by NotesController#index as HTML
  Parameters: {"page" => "2", "user_id" => "#<Note::ActiveRecord_Relation:0x000000013c0b4b08>"}
Started GET "/1/notes" for ::1 at 2025-03-17 11:22:49 +0000
Processing by NotesController#index as HTML
  Parameters: {"user_id" => "1"}
  [1m[36mSession Load (0.1ms)[0m  [1m[34mSELECT "sessions".* FROM "sessions" WHERE "sessions"."id" = 3 LIMIT 1 /*action='index',application='Web',controller='notes'*/[0m
  ↳ app/controllers/application_controller.rb:15:in 'ApplicationController#authenticate'
  [1m[36mUser Load (0.0ms)[0m  [1m[34mSELECT "users".* FROM "users" WHERE "users"."id" = 1 LIMIT 1 /*action='index',application='Web',controller='notes'*/[0m
  ↳ app/controllers/application_controller.rb:17:in 'ApplicationController#authenticate'
Error checking database connection: undefined local variable or method 'connection_config' for class Note
  [1m[36mNote Count (0.0ms)[0m  [1m[34mSELECT COUNT(*) FROM "notes" /*action='index',application='Web',controller='notes'*/[0m
  ↳ app/controllers/notes_controller.rb:5:in 'NotesController#index'
  Rendering layout /Users/Matt/.local/share/rbenv/versions/3.4.2/lib/ruby/gems/3.4.0/gems/turbo-rails-2.0.13/app/views/layouts/turbo_rails/frame.html.erb
  Rendering notes/index.html.erb within layouts/turbo_rails/frame
  [1m[36mNote Load (0.1ms)[0m  [1m[34mSELECT "notes".* FROM "notes" ORDER BY "notes"."created_at" DESC LIMIT 8 OFFSET 8 /*action='index',application='Web',controller='notes'*/[0m
  ↳ app/views/notes/index.html.erb:10
  Rendered notes/index.html.erb within layouts/turbo_rails/frame (Duration: 5.2ms | GC: 0.0ms)
  Rendered layout /Users/Matt/.local/share/rbenv/versions/3.4.2/lib/ruby/gems/3.4.0/gems/turbo-rails-2.0.13/app/views/layouts/turbo_rails/frame.html.erb (Duration: 5.4ms | GC: 0.0ms)
Completed 200 OK in 187ms (Views: 15.4ms | ActiveRecord: 0.5ms (4 queries, 0 cached) | GC: 0.1ms)


Started GET "/hotwire-spark" for ::1 at 2025-03-17 11:22:49 +0000
Started GET "/hotwire-spark" [WebSocket] for ::1 at 2025-03-17 11:22:50 +0000
Successfully upgraded to WebSocket (REQUEST_METHOD: GET, HTTP_CONNECTION: Upgrade, HTTP_UPGRADE: websocket)
Hotwire::Spark::Channel is transmitting the subscription confirmation
Hotwire::Spark::Channel is streaming from hotwire_spark
  [1m[36mSession Load (0.1ms)[0m  [1m[34mSELECT "sessions".* FROM "sessions" WHERE "sessions"."id" = 3 LIMIT 1 /*action='index',application='Web',controller='notes'*/[0m
  ↳ app/controllers/application_controller.rb:15:in 'ApplicationController#authenticate'
  [1m[36mUser Load (0.0ms)[0m  [1m[34mSELECT "users".* FROM "users" WHERE "users"."id" = 1 LIMIT 1 /*action='index',application='Web',controller='notes'*/[0m
  ↳ app/controllers/application_controller.rb:17:in 'ApplicationController#authenticate'
Error checking database connection: undefined local variable or method 'connection_config' for class Note
  [1m[36mNote Count (0.0ms)[0m  [1m[34mSELECT COUNT(*) FROM "notes" /*action='index',application='Web',controller='notes'*/[0m
  ↳ app/controllers/notes_controller.rb:5:in 'NotesController#index'
  Rendering layout /Users/Matt/.local/share/rbenv/versions/3.4.2/lib/ruby/gems/3.4.0/gems/turbo-rails-2.0.13/app/views/layouts/turbo_rails/frame.html.erb
  Rendering notes/index.html.erb within layouts/turbo_rails/frame
  [1m[36mNote Load (0.0ms)[0m  [1m[34mSELECT "notes".* FROM "notes" ORDER BY "notes"."created_at" DESC LIMIT 8 OFFSET 8 /*action='index',application='Web',controller='notes'*/[0m
  ↳ app/views/notes/index.html.erb:10
  Rendered notes/index.html.erb within layouts/turbo_rails/frame (Duration: 2.0ms | GC: 0.2ms)
  Rendered layout /Users/Matt/.local/share/rbenv/versions/3.4.2/lib/ruby/gems/3.4.0/gems/turbo-rails-2.0.13/app/views/layouts/turbo_rails/frame.html.erb (Duration: 2.2ms | GC: 0.2ms)
Completed 200 OK in 210ms (Views: 2.3ms | ActiveRecord: 0.5ms (4 queries, 0 cached) | GC: 0.4ms)


  [1m[36mSession Load (0.1ms)[0m  [1m[34mSELECT "sessions".* FROM "sessions" WHERE "sessions"."id" = 3 LIMIT 1 /*action='index',application='Web',controller='notes'*/[0m
  ↳ app/controllers/application_controller.rb:15:in 'ApplicationController#authenticate'
  [1m[36mUser Load (0.0ms)[0m  [1m[34mSELECT "users".* FROM "users" WHERE "users"."id" = 1 LIMIT 1 /*action='index',application='Web',controller='notes'*/[0m
  ↳ app/controllers/application_controller.rb:17:in 'ApplicationController#authenticate'
Error checking database connection: undefined local variable or method 'connection_config' for class Note
  [1m[36mNote Count (0.0ms)[0m  [1m[34mSELECT COUNT(*) FROM "notes" /*action='index',application='Web',controller='notes'*/[0m
  ↳ app/controllers/notes_controller.rb:5:in 'NotesController#index'
  Rendering layout layouts/application.html.erb
  Rendering notes/index.html.erb within layouts/application
  [1m[36mNote Load (0.0ms)[0m  [1m[34mSELECT "notes".* FROM "notes" ORDER BY "notes"."created_at" DESC LIMIT 8 OFFSET 0 /*action='index',application='Web',controller='notes'*/[0m
  ↳ app/views/notes/index.html.erb:10
  Rendered notes/index.html.erb within layouts/application (Duration: 0.7ms | GC: 0.0ms)
  Rendered shared/_header.html.erb (Duration: 0.1ms | GC: 0.0ms)
  Rendered layout layouts/application.html.erb (Duration: 1.1ms | GC: 0.0ms)
Completed 200 OK in 188ms (Views: 1.4ms | ActiveRecord: 0.4ms (4 queries, 0 cached) | GC: 0.6ms)


Finished "/hotwire-spark" [WebSocket] for ::1 at 2025-03-17 11:22:50 +0000
Hotwire::Spark::Channel stopped streaming from hotwire_spark
Started GET "/hotwire-spark" for ::1 at 2025-03-17 11:22:50 +0000
Started GET "/hotwire-spark" [WebSocket] for ::1 at 2025-03-17 11:22:50 +0000
Successfully upgraded to WebSocket (REQUEST_METHOD: GET, HTTP_CONNECTION: Upgrade, HTTP_UPGRADE: websocket)
Hotwire::Spark::Channel is transmitting the subscription confirmation
Hotwire::Spark::Channel is streaming from hotwire_spark
Started GET "/%23%3CNote::ActiveRecord_Relation:0x000000013b8f6ec0%3E/notes?page=2" for ::1 at 2025-03-17 11:22:50 +0000
Processing by NotesController#index as HTML
  Parameters: {"page" => "2", "user_id" => "#<Note::ActiveRecord_Relation:0x000000013b8f6ec0>"}
  [1m[36mSession Load (0.1ms)[0m  [1m[34mSELECT "sessions".* FROM "sessions" WHERE "sessions"."id" = 3 LIMIT 1 /*action='index',application='Web',controller='notes'*/[0m
  ↳ app/controllers/application_controller.rb:15:in 'ApplicationController#authenticate'
  [1m[36mUser Load (0.0ms)[0m  [1m[34mSELECT "users".* FROM "users" WHERE "users"."id" = 1 LIMIT 1 /*action='index',application='Web',controller='notes'*/[0m
  ↳ app/controllers/application_controller.rb:17:in 'ApplicationController#authenticate'
Error checking database connection: undefined local variable or method 'connection_config' for class Note
  [1m[36mNote Count (0.0ms)[0m  [1m[34mSELECT COUNT(*) FROM "notes" /*action='index',application='Web',controller='notes'*/[0m
  ↳ app/controllers/notes_controller.rb:5:in 'NotesController#index'
  Rendering layout /Users/Matt/.local/share/rbenv/versions/3.4.2/lib/ruby/gems/3.4.0/gems/turbo-rails-2.0.13/app/views/layouts/turbo_rails/frame.html.erb
  Rendering notes/index.html.erb within layouts/turbo_rails/frame
  [1m[36mNote Load (0.1ms)[0m  [1m[34mSELECT "notes".* FROM "notes" ORDER BY "notes"."created_at" DESC LIMIT 8 OFFSET 8 /*action='index',application='Web',controller='notes'*/[0m
  ↳ app/views/notes/index.html.erb:10
  Rendered notes/index.html.erb within layouts/turbo_rails/frame (Duration: 1.1ms | GC: 0.3ms)
  Rendered layout /Users/Matt/.local/share/rbenv/versions/3.4.2/lib/ruby/gems/3.4.0/gems/turbo-rails-2.0.13/app/views/layouts/turbo_rails/frame.html.erb (Duration: 1.2ms | GC: 0.3ms)
Completed 200 OK in 33ms (Views: 1.3ms | ActiveRecord: 0.5ms (4 queries, 0 cached) | GC: 0.3ms)


Started GET "/1/notes/new" for ::1 at 2025-03-17 11:23:53 +0000
Processing by NotesController#new as HTML
  Parameters: {"user_id" => "1"}
  [1m[36mSession Load (0.1ms)[0m  [1m[34mSELECT "sessions".* FROM "sessions" WHERE "sessions"."id" = 3 LIMIT 1 /*action='new',application='Web',controller='notes'*/[0m
  ↳ app/controllers/application_controller.rb:15:in 'ApplicationController#authenticate'
  [1m[36mUser Load (0.0ms)[0m  [1m[34mSELECT "users".* FROM "users" WHERE "users"."id" = 1 LIMIT 1 /*action='new',application='Web',controller='notes'*/[0m
  ↳ app/controllers/application_controller.rb:17:in 'ApplicationController#authenticate'
Error checking database connection: undefined local variable or method 'connection_config' for class Note
  Rendering layout layouts/application.html.erb
  Rendering notes/new.html.erb within layouts/application
  Rendered notes/_form.html.erb (Duration: 14.5ms | GC: 0.0ms)
  Rendered notes/new.html.erb within layouts/application (Duration: 16.1ms | GC: 0.0ms)
  Rendered shared/_header.html.erb (Duration: 0.3ms | GC: 0.0ms)
  Rendered layout layouts/application.html.erb (Duration: 16.9ms | GC: 0.0ms)
Completed 200 OK in 69ms (Views: 18.2ms | ActiveRecord: 0.5ms (2 queries, 0 cached) | GC: 1.0ms)


Started GET "/1/notes/new" for ::1 at 2025-03-17 11:23:54 +0000
Processing by NotesController#new as HTML
  Parameters: {"user_id" => "1"}
  [1m[36mSession Load (0.1ms)[0m  [1m[34mSELECT "sessions".* FROM "sessions" WHERE "sessions"."id" = 3 LIMIT 1 /*action='new',application='Web',controller='notes'*/[0m
  ↳ app/controllers/application_controller.rb:15:in 'ApplicationController#authenticate'
  [1m[36mUser Load (0.0ms)[0m  [1m[34mSELECT "users".* FROM "users" WHERE "users"."id" = 1 LIMIT 1 /*action='new',application='Web',controller='notes'*/[0m
  ↳ app/controllers/application_controller.rb:17:in 'ApplicationController#authenticate'
Error checking database connection: undefined local variable or method 'connection_config' for class Note
  Rendering layout layouts/application.html.erb
  Rendering notes/new.html.erb within layouts/application
  Rendered notes/_form.html.erb (Duration: 0.7ms | GC: 0.0ms)
  Rendered notes/new.html.erb within layouts/application (Duration: 0.8ms | GC: 0.0ms)
  Rendered shared/_header.html.erb (Duration: 2.9ms | GC: 0.0ms)
  Rendered layout layouts/application.html.erb (Duration: 7.0ms | GC: 0.0ms)
Completed 200 OK in 64ms (Views: 7.1ms | ActiveRecord: 0.5ms (2 queries, 0 cached) | GC: 0.0ms)


Started GET "/1/notes" for ::1 at 2025-03-17 11:23:56 +0000
Processing by NotesController#index as HTML
  Parameters: {"user_id" => "1"}
  [1m[36mSession Load (0.1ms)[0m  [1m[34mSELECT "sessions".* FROM "sessions" WHERE "sessions"."id" = 3 LIMIT 1 /*action='index',application='Web',controller='notes'*/[0m
  ↳ app/controllers/application_controller.rb:15:in 'ApplicationController#authenticate'
  [1m[36mUser Load (0.0ms)[0m  [1m[34mSELECT "users".* FROM "users" WHERE "users"."id" = 1 LIMIT 1 /*action='index',application='Web',controller='notes'*/[0m
  ↳ app/controllers/application_controller.rb:17:in 'ApplicationController#authenticate'
Error checking database connection: undefined local variable or method 'connection_config' for class Note
  [1m[36mNote Count (0.0ms)[0m  [1m[34mSELECT COUNT(*) FROM "notes" /*action='index',application='Web',controller='notes'*/[0m
  ↳ app/controllers/notes_controller.rb:5:in 'NotesController#index'
  Rendering layout layouts/application.html.erb
  Rendering notes/index.html.erb within layouts/application
  [1m[36mNote Load (0.1ms)[0m  [1m[34mSELECT "notes".* FROM "notes" ORDER BY "notes"."created_at" DESC LIMIT 8 OFFSET 0 /*action='index',application='Web',controller='notes'*/[0m
  ↳ app/views/notes/index.html.erb:10
  Rendered notes/index.html.erb within layouts/application (Duration: 1.0ms | GC: 0.0ms)
  Rendered shared/_header.html.erb (Duration: 0.2ms | GC: 0.0ms)
  Rendered layout layouts/application.html.erb (Duration: 1.7ms | GC: 0.0ms)
Completed 200 OK in 64ms (Views: 1.7ms | ActiveRecord: 0.6ms (4 queries, 0 cached) | GC: 0.0ms)


Finished "/hotwire-spark" [WebSocket] for ::1 at 2025-03-17 11:23:56 +0000
Hotwire::Spark::Channel stopped streaming from hotwire_spark
Started GET "/hotwire-spark" for ::1 at 2025-03-17 11:23:56 +0000
Started GET "/%23%3CNote::ActiveRecord_Relation:0x000000013abb4d98%3E/notes?page=2" for ::1 at 2025-03-17 11:23:56 +0000
Started GET "/hotwire-spark" [WebSocket] for ::1 at 2025-03-17 11:23:56 +0000
Successfully upgraded to WebSocket (REQUEST_METHOD: GET, HTTP_CONNECTION: Upgrade, HTTP_UPGRADE: websocket)
Hotwire::Spark::Channel is transmitting the subscription confirmation
Hotwire::Spark::Channel is streaming from hotwire_spark
Processing by NotesController#index as HTML
  Parameters: {"page" => "2", "user_id" => "#<Note::ActiveRecord_Relation:0x000000013abb4d98>"}
  [1m[36mSession Load (0.1ms)[0m  [1m[34mSELECT "sessions".* FROM "sessions" WHERE "sessions"."id" = 3 LIMIT 1 /*action='index',application='Web',controller='notes'*/[0m
  ↳ app/controllers/application_controller.rb:15:in 'ApplicationController#authenticate'
  [1m[36mUser Load (0.0ms)[0m  [1m[34mSELECT "users".* FROM "users" WHERE "users"."id" = 1 LIMIT 1 /*action='index',application='Web',controller='notes'*/[0m
  ↳ app/controllers/application_controller.rb:17:in 'ApplicationController#authenticate'
Error checking database connection: undefined local variable or method 'connection_config' for class Note
  [1m[36mNote Count (0.0ms)[0m  [1m[34mSELECT COUNT(*) FROM "notes" /*action='index',application='Web',controller='notes'*/[0m
  ↳ app/controllers/notes_controller.rb:5:in 'NotesController#index'
  Rendering layout /Users/Matt/.local/share/rbenv/versions/3.4.2/lib/ruby/gems/3.4.0/gems/turbo-rails-2.0.13/app/views/layouts/turbo_rails/frame.html.erb
  Rendering notes/index.html.erb within layouts/turbo_rails/frame
  [1m[36mNote Load (0.0ms)[0m  [1m[34mSELECT "notes".* FROM "notes" ORDER BY "notes"."created_at" DESC LIMIT 8 OFFSET 8 /*action='index',application='Web',controller='notes'*/[0m
  ↳ app/views/notes/index.html.erb:10
  Rendered notes/index.html.erb within layouts/turbo_rails/frame (Duration: 1.3ms | GC: 0.0ms)
  Rendered layout /Users/Matt/.local/share/rbenv/versions/3.4.2/lib/ruby/gems/3.4.0/gems/turbo-rails-2.0.13/app/views/layouts/turbo_rails/frame.html.erb (Duration: 1.3ms | GC: 0.0ms)
Completed 200 OK in 28ms (Views: 1.4ms | ActiveRecord: 0.4ms (4 queries, 0 cached) | GC: 0.0ms)


Started GET "/1/notes" for ::1 at 2025-03-17 11:23:59 +0000
Processing by NotesController#index as HTML
  Parameters: {"user_id" => "1"}
  [1m[36mSession Load (0.1ms)[0m  [1m[34mSELECT "sessions".* FROM "sessions" WHERE "sessions"."id" = 3 LIMIT 1 /*action='index',application='Web',controller='notes'*/[0m
  ↳ app/controllers/application_controller.rb:15:in 'ApplicationController#authenticate'
  [1m[36mUser Load (0.0ms)[0m  [1m[34mSELECT "users".* FROM "users" WHERE "users"."id" = 1 LIMIT 1 /*action='index',application='Web',controller='notes'*/[0m
  ↳ app/controllers/application_controller.rb:17:in 'ApplicationController#authenticate'
Error checking database connection: undefined local variable or method 'connection_config' for class Note
  [1m[36mNote Count (0.0ms)[0m  [1m[34mSELECT COUNT(*) FROM "notes" /*action='index',application='Web',controller='notes'*/[0m
  ↳ app/controllers/notes_controller.rb:5:in 'NotesController#index'
  Rendering layout layouts/application.html.erb
  Rendering notes/index.html.erb within layouts/application
  [1m[36mNote Load (0.1ms)[0m  [1m[34mSELECT "notes".* FROM "notes" ORDER BY "notes"."created_at" DESC LIMIT 8 OFFSET 0 /*action='index',application='Web',controller='notes'*/[0m
  ↳ app/views/notes/index.html.erb:10
  Rendered notes/index.html.erb within layouts/application (Duration: 0.9ms | GC: 0.0ms)
  Rendered shared/_header.html.erb (Duration: 0.8ms | GC: 0.0ms)
  Rendered layout layouts/application.html.erb (Duration: 2.1ms | GC: 0.0ms)
Completed 200 OK in 62ms (Views: 2.2ms | ActiveRecord: 0.6ms (4 queries, 0 cached) | GC: 0.0ms)


Finished "/hotwire-spark" [WebSocket] for ::1 at 2025-03-17 11:23:59 +0000
Hotwire::Spark::Channel stopped streaming from hotwire_spark
Started GET "/%23%3CNote::ActiveRecord_Relation:0x000000013a770840%3E/notes?page=2" for ::1 at 2025-03-17 11:23:59 +0000
Started GET "/hotwire-spark" for ::1 at 2025-03-17 11:23:59 +0000
Processing by NotesController#index as HTML
  Parameters: {"page" => "2", "user_id" => "#<Note::ActiveRecord_Relation:0x000000013a770840>"}
Started GET "/hotwire-spark" [WebSocket] for ::1 at 2025-03-17 11:23:59 +0000
Successfully upgraded to WebSocket (REQUEST_METHOD: GET, HTTP_CONNECTION: Upgrade, HTTP_UPGRADE: websocket)
Hotwire::Spark::Channel is transmitting the subscription confirmation
Hotwire::Spark::Channel is streaming from hotwire_spark
  [1m[36mSession Load (0.1ms)[0m  [1m[34mSELECT "sessions".* FROM "sessions" WHERE "sessions"."id" = 3 LIMIT 1 /*action='index',application='Web',controller='notes'*/[0m
  ↳ app/controllers/application_controller.rb:15:in 'ApplicationController#authenticate'
  [1m[36mUser Load (0.0ms)[0m  [1m[34mSELECT "users".* FROM "users" WHERE "users"."id" = 1 LIMIT 1 /*action='index',application='Web',controller='notes'*/[0m
  ↳ app/controllers/application_controller.rb:17:in 'ApplicationController#authenticate'
Error checking database connection: undefined local variable or method 'connection_config' for class Note
  [1m[36mNote Count (0.0ms)[0m  [1m[34mSELECT COUNT(*) FROM "notes" /*action='index',application='Web',controller='notes'*/[0m
  ↳ app/controllers/notes_controller.rb:5:in 'NotesController#index'
  Rendering layout /Users/Matt/.local/share/rbenv/versions/3.4.2/lib/ruby/gems/3.4.0/gems/turbo-rails-2.0.13/app/views/layouts/turbo_rails/frame.html.erb
  Rendering notes/index.html.erb within layouts/turbo_rails/frame
  [1m[36mNote Load (0.1ms)[0m  [1m[34mSELECT "notes".* FROM "notes" ORDER BY "notes"."created_at" DESC LIMIT 8 OFFSET 8 /*action='index',application='Web',controller='notes'*/[0m
  ↳ app/views/notes/index.html.erb:10
  Rendered notes/index.html.erb within layouts/turbo_rails/frame (Duration: 0.7ms | GC: 0.0ms)
  Rendered layout /Users/Matt/.local/share/rbenv/versions/3.4.2/lib/ruby/gems/3.4.0/gems/turbo-rails-2.0.13/app/views/layouts/turbo_rails/frame.html.erb (Duration: 0.8ms | GC: 0.0ms)
Completed 200 OK in 32ms (Views: 0.8ms | ActiveRecord: 0.4ms (4 queries, 0 cached) | GC: 0.0ms)


Started GET "/1/notes" for ::1 at 2025-03-17 11:24:00 +0000
Processing by NotesController#index as HTML
  Parameters: {"user_id" => "1"}
  [1m[36mSession Load (0.1ms)[0m  [1m[34mSELECT "sessions".* FROM "sessions" WHERE "sessions"."id" = 3 LIMIT 1 /*action='index',application='Web',controller='notes'*/[0m
  ↳ app/controllers/application_controller.rb:15:in 'ApplicationController#authenticate'
  [1m[36mUser Load (0.0ms)[0m  [1m[34mSELECT "users".* FROM "users" WHERE "users"."id" = 1 LIMIT 1 /*action='index',application='Web',controller='notes'*/[0m
  ↳ app/controllers/application_controller.rb:17:in 'ApplicationController#authenticate'
Error checking database connection: undefined local variable or method 'connection_config' for class Note
  [1m[36mNote Count (0.0ms)[0m  [1m[34mSELECT COUNT(*) FROM "notes" /*action='index',application='Web',controller='notes'*/[0m
  ↳ app/controllers/notes_controller.rb:5:in 'NotesController#index'
  Rendering layout layouts/application.html.erb
  Rendering notes/index.html.erb within layouts/application
  [1m[36mNote Load (0.0ms)[0m  [1m[34mSELECT "notes".* FROM "notes" ORDER BY "notes"."created_at" DESC LIMIT 8 OFFSET 0 /*action='index',application='Web',controller='notes'*/[0m
  ↳ app/views/notes/index.html.erb:10
  Rendered notes/index.html.erb within layouts/application (Duration: 0.6ms | GC: 0.0ms)
  Rendered shared/_header.html.erb (Duration: 1.0ms | GC: 0.0ms)
  Rendered layout layouts/application.html.erb (Duration: 1.9ms | GC: 0.0ms)
Completed 200 OK in 31ms (Views: 2.0ms | ActiveRecord: 0.4ms (4 queries, 0 cached) | GC: 0.0ms)


Finished "/hotwire-spark" [WebSocket] for ::1 at 2025-03-17 11:24:00 +0000
Hotwire::Spark::Channel stopped streaming from hotwire_spark
Started GET "/hotwire-spark" for ::1 at 2025-03-17 11:24:00 +0000
Started GET "/%23%3CNote::ActiveRecord_Relation:0x0000000124457e58%3E/notes?page=2" for ::1 at 2025-03-17 11:24:00 +0000
Started GET "/hotwire-spark" [WebSocket] for ::1 at 2025-03-17 11:24:00 +0000
Successfully upgraded to WebSocket (REQUEST_METHOD: GET, HTTP_CONNECTION: Upgrade, HTTP_UPGRADE: websocket)
Hotwire::Spark::Channel is transmitting the subscription confirmation
Hotwire::Spark::Channel is streaming from hotwire_spark
Processing by NotesController#index as HTML
  Parameters: {"page" => "2", "user_id" => "#<Note::ActiveRecord_Relation:0x0000000124457e58>"}
  [1m[36mSession Load (0.1ms)[0m  [1m[34mSELECT "sessions".* FROM "sessions" WHERE "sessions"."id" = 3 LIMIT 1 /*action='index',application='Web',controller='notes'*/[0m
  ↳ app/controllers/application_controller.rb:15:in 'ApplicationController#authenticate'
  [1m[36mUser Load (0.1ms)[0m  [1m[34mSELECT "users".* FROM "users" WHERE "users"."id" = 1 LIMIT 1 /*action='index',application='Web',controller='notes'*/[0m
  ↳ app/controllers/application_controller.rb:17:in 'ApplicationController#authenticate'
Error checking database connection: undefined local variable or method 'connection_config' for class Note
  [1m[36mNote Count (0.0ms)[0m  [1m[34mSELECT COUNT(*) FROM "notes" /*action='index',application='Web',controller='notes'*/[0m
  ↳ app/controllers/notes_controller.rb:5:in 'NotesController#index'
  Rendering layout /Users/Matt/.local/share/rbenv/versions/3.4.2/lib/ruby/gems/3.4.0/gems/turbo-rails-2.0.13/app/views/layouts/turbo_rails/frame.html.erb
  Rendering notes/index.html.erb within layouts/turbo_rails/frame
  [1m[36mNote Load (0.0ms)[0m  [1m[34mSELECT "notes".* FROM "notes" ORDER BY "notes"."created_at" DESC LIMIT 8 OFFSET 8 /*action='index',application='Web',controller='notes'*/[0m
  ↳ app/views/notes/index.html.erb:10
  Rendered notes/index.html.erb within layouts/turbo_rails/frame (Duration: 0.6ms | GC: 0.0ms)
  Rendered layout /Users/Matt/.local/share/rbenv/versions/3.4.2/lib/ruby/gems/3.4.0/gems/turbo-rails-2.0.13/app/views/layouts/turbo_rails/frame.html.erb (Duration: 0.7ms | GC: 0.0ms)
Completed 200 OK in 31ms (Views: 0.7ms | ActiveRecord: 0.5ms (4 queries, 0 cached) | GC: 3.4ms)


Started GET "/1/notes" for ::1 at 2025-03-17 11:24:00 +0000
Processing by NotesController#index as HTML
  Parameters: {"user_id" => "1"}
  [1m[36mSession Load (0.1ms)[0m  [1m[34mSELECT "sessions".* FROM "sessions" WHERE "sessions"."id" = 3 LIMIT 1 /*action='index',application='Web',controller='notes'*/[0m
  ↳ app/controllers/application_controller.rb:15:in 'ApplicationController#authenticate'
  [1m[36mUser Load (0.0ms)[0m  [1m[34mSELECT "users".* FROM "users" WHERE "users"."id" = 1 LIMIT 1 /*action='index',application='Web',controller='notes'*/[0m
  ↳ app/controllers/application_controller.rb:17:in 'ApplicationController#authenticate'
Error checking database connection: undefined local variable or method 'connection_config' for class Note
  [1m[36mNote Count (0.0ms)[0m  [1m[34mSELECT COUNT(*) FROM "notes" /*action='index',application='Web',controller='notes'*/[0m
  ↳ app/controllers/notes_controller.rb:5:in 'NotesController#index'
  Rendering layout layouts/application.html.erb
  Rendering notes/index.html.erb within layouts/application
  [1m[36mNote Load (0.4ms)[0m  [1m[34mSELECT "notes".* FROM "notes" ORDER BY "notes"."created_at" DESC LIMIT 8 OFFSET 0 /*action='index',application='Web',controller='notes'*/[0m
  ↳ app/views/notes/index.html.erb:10
  Rendered notes/index.html.erb within layouts/application (Duration: 0.9ms | GC: 0.3ms)
  Rendered shared/_header.html.erb (Duration: 0.1ms | GC: 0.0ms)
  Rendered layout layouts/application.html.erb (Duration: 9.3ms | GC: 0.3ms)
Completed 200 OK in 37ms (Views: 9.1ms | ActiveRecord: 0.7ms (4 queries, 0 cached) | GC: 0.3ms)


Finished "/hotwire-spark" [WebSocket] for ::1 at 2025-03-17 11:24:00 +0000
Hotwire::Spark::Channel stopped streaming from hotwire_spark
Started GET "/hotwire-spark" for ::1 at 2025-03-17 11:24:00 +0000
Started GET "/hotwire-spark" [WebSocket] for ::1 at 2025-03-17 11:24:00 +0000
Successfully upgraded to WebSocket (REQUEST_METHOD: GET, HTTP_CONNECTION: Upgrade, HTTP_UPGRADE: websocket)
Hotwire::Spark::Channel is transmitting the subscription confirmation
Hotwire::Spark::Channel is streaming from hotwire_spark
Started GET "/%23%3CNote::ActiveRecord_Relation:0x000000013a5dc308%3E/notes?page=2" for ::1 at 2025-03-17 11:24:00 +0000
Processing by NotesController#index as HTML
  Parameters: {"page" => "2", "user_id" => "#<Note::ActiveRecord_Relation:0x000000013a5dc308>"}
  [1m[36mSession Load (0.1ms)[0m  [1m[34mSELECT "sessions".* FROM "sessions" WHERE "sessions"."id" = 3 LIMIT 1 /*action='index',application='Web',controller='notes'*/[0m
  ↳ app/controllers/application_controller.rb:15:in 'ApplicationController#authenticate'
  [1m[36mUser Load (0.0ms)[0m  [1m[34mSELECT "users".* FROM "users" WHERE "users"."id" = 1 LIMIT 1 /*action='index',application='Web',controller='notes'*/[0m
  ↳ app/controllers/application_controller.rb:17:in 'ApplicationController#authenticate'
Error checking database connection: undefined local variable or method 'connection_config' for class Note
  [1m[36mNote Count (0.0ms)[0m  [1m[34mSELECT COUNT(*) FROM "notes" /*action='index',application='Web',controller='notes'*/[0m
  ↳ app/controllers/notes_controller.rb:5:in 'NotesController#index'
  Rendering layout /Users/Matt/.local/share/rbenv/versions/3.4.2/lib/ruby/gems/3.4.0/gems/turbo-rails-2.0.13/app/views/layouts/turbo_rails/frame.html.erb
  Rendering notes/index.html.erb within layouts/turbo_rails/frame
  [1m[36mNote Load (0.1ms)[0m  [1m[34mSELECT "notes".* FROM "notes" ORDER BY "notes"."created_at" DESC LIMIT 8 OFFSET 8 /*action='index',application='Web',controller='notes'*/[0m
  ↳ app/views/notes/index.html.erb:10
  Rendered notes/index.html.erb within layouts/turbo_rails/frame (Duration: 0.9ms | GC: 0.2ms)
  Rendered layout /Users/Matt/.local/share/rbenv/versions/3.4.2/lib/ruby/gems/3.4.0/gems/turbo-rails-2.0.13/app/views/layouts/turbo_rails/frame.html.erb (Duration: 0.9ms | GC: 0.2ms)
Completed 200 OK in 28ms (Views: 1.0ms | ActiveRecord: 0.5ms (4 queries, 0 cached) | GC: 0.2ms)


Started GET "/1/notes/33/edit" for ::1 at 2025-03-17 11:24:02 +0000
Processing by NotesController#edit as HTML
  Parameters: {"user_id" => "1", "id" => "33"}
  [1m[36mSession Load (0.1ms)[0m  [1m[34mSELECT "sessions".* FROM "sessions" WHERE "sessions"."id" = 3 LIMIT 1 /*action='edit',application='Web',controller='notes'*/[0m
  ↳ app/controllers/application_controller.rb:15:in 'ApplicationController#authenticate'
  [1m[36mUser Load (0.0ms)[0m  [1m[34mSELECT "users".* FROM "users" WHERE "users"."id" = 1 LIMIT 1 /*action='edit',application='Web',controller='notes'*/[0m
  ↳ app/controllers/application_controller.rb:17:in 'ApplicationController#authenticate'
Error checking database connection: undefined local variable or method 'connection_config' for class Note
  [1m[36mNote Load (0.0ms)[0m  [1m[34mSELECT "notes".* FROM "notes" WHERE "notes"."id" = 33 LIMIT 1 /*action='edit',application='Web',controller='notes'*/[0m
  ↳ app/controllers/notes_controller.rb:52:in 'NotesController#set_note'
  Rendering layout layouts/application.html.erb
  Rendering notes/edit.html.erb within layouts/application
  Rendered notes/_form.html.erb (Duration: 4.1ms | GC: 0.0ms)
  Rendered notes/edit.html.erb within layouts/application (Duration: 4.9ms | GC: 0.3ms)
  Rendered shared/_header.html.erb (Duration: 1.1ms | GC: 0.0ms)
  Rendered layout layouts/application.html.erb (Duration: 13.5ms | GC: 0.3ms)
Completed 200 OK in 76ms (Views: 13.6ms | ActiveRecord: 0.6ms (3 queries, 0 cached) | GC: 0.3ms)


Started GET "/1/notes/new" for ::1 at 2025-03-17 11:24:02 +0000
Processing by NotesController#new as HTML
  Parameters: {"user_id" => "1"}
  [1m[36mSession Load (0.1ms)[0m  [1m[34mSELECT "sessions".* FROM "sessions" WHERE "sessions"."id" = 3 LIMIT 1 /*action='new',application='Web',controller='notes'*/[0m
  ↳ app/controllers/application_controller.rb:15:in 'ApplicationController#authenticate'
  [1m[36mUser Load (0.0ms)[0m  [1m[34mSELECT "users".* FROM "users" WHERE "users"."id" = 1 LIMIT 1 /*action='new',application='Web',controller='notes'*/[0m
  ↳ app/controllers/application_controller.rb:17:in 'ApplicationController#authenticate'
Error checking database connection: undefined local variable or method 'connection_config' for class Note
  Rendering layout layouts/application.html.erb
  Rendering notes/new.html.erb within layouts/application
  Rendered notes/_form.html.erb (Duration: 1.5ms | GC: 0.3ms)
  Rendered notes/new.html.erb within layouts/application (Duration: 1.6ms | GC: 0.3ms)
  Rendered shared/_header.html.erb (Duration: 0.2ms | GC: 0.0ms)
  Rendered layout layouts/application.html.erb (Duration: 2.0ms | GC: 0.3ms)
Completed 200 OK in 63ms (Views: 2.1ms | ActiveRecord: 0.5ms (2 queries, 0 cached) | GC: 0.3ms)


Started GET "/1/notes/33/edit" for ::1 at 2025-03-17 11:24:03 +0000
Processing by NotesController#edit as HTML
  Parameters: {"user_id" => "1", "id" => "33"}
  [1m[36mSession Load (0.1ms)[0m  [1m[34mSELECT "sessions".* FROM "sessions" WHERE "sessions"."id" = 3 LIMIT 1 /*action='edit',application='Web',controller='notes'*/[0m
  ↳ app/controllers/application_controller.rb:15:in 'ApplicationController#authenticate'
  [1m[36mUser Load (0.0ms)[0m  [1m[34mSELECT "users".* FROM "users" WHERE "users"."id" = 1 LIMIT 1 /*action='edit',application='Web',controller='notes'*/[0m
  ↳ app/controllers/application_controller.rb:17:in 'ApplicationController#authenticate'
Error checking database connection: undefined local variable or method 'connection_config' for class Note
  [1m[36mNote Load (0.0ms)[0m  [1m[34mSELECT "notes".* FROM "notes" WHERE "notes"."id" = 33 LIMIT 1 /*action='edit',application='Web',controller='notes'*/[0m
  ↳ app/controllers/notes_controller.rb:52:in 'NotesController#set_note'
  Rendering layout layouts/application.html.erb
  Rendering notes/edit.html.erb within layouts/application
  Rendered notes/_form.html.erb (Duration: 1.0ms | GC: 0.4ms)
  Rendered notes/edit.html.erb within layouts/application (Duration: 1.0ms | GC: 0.4ms)
  Rendered shared/_header.html.erb (Duration: 0.2ms | GC: 0.0ms)
  Rendered layout layouts/application.html.erb (Duration: 1.4ms | GC: 0.4ms)
Completed 200 OK in 62ms (Views: 1.6ms | ActiveRecord: 0.5ms (3 queries, 0 cached) | GC: 0.4ms)


Started DELETE "/1/notes/33?_method=delete" for ::1 at 2025-03-17 11:24:07 +0000
Processing by NotesController#destroy as TURBO_STREAM
  Parameters: {"user_id" => "1", "id" => "33"}
  [1m[36mSession Load (0.1ms)[0m  [1m[34mSELECT "sessions".* FROM "sessions" WHERE "sessions"."id" = 3 LIMIT 1 /*action='destroy',application='Web',controller='notes'*/[0m
  ↳ app/controllers/application_controller.rb:15:in 'ApplicationController#authenticate'
  [1m[36mUser Load (0.0ms)[0m  [1m[34mSELECT "users".* FROM "users" WHERE "users"."id" = 1 LIMIT 1 /*action='destroy',application='Web',controller='notes'*/[0m
  ↳ app/controllers/application_controller.rb:17:in 'ApplicationController#authenticate'
Error checking database connection: undefined local variable or method 'connection_config' for class Note
  [1m[36mNote Load (0.0ms)[0m  [1m[34mSELECT "notes".* FROM "notes" WHERE "notes"."id" = 33 LIMIT 1 /*action='destroy',application='Web',controller='notes'*/[0m
  ↳ app/controllers/notes_controller.rb:52:in 'NotesController#set_note'
  [1m[36mTRANSACTION (0.4ms)[0m  [1m[35mBEGIN immediate TRANSACTION /*action='destroy',application='Web',controller='notes'*/[0m
  ↳ app/controllers/notes_controller.rb:40:in 'NotesController#destroy'
  [1m[36mNote Destroy (1.7ms)[0m  [1m[31mDELETE FROM "notes" WHERE "notes"."id" = 33 /*action='destroy',application='Web',controller='notes'*/[0m
  ↳ app/controllers/notes_controller.rb:40:in 'NotesController#destroy'
  [1m[36mTRANSACTION (0.2ms)[0m  [1m[35mCOMMIT TRANSACTION /*action='destroy',application='Web',controller='notes'*/[0m
  ↳ app/controllers/notes_controller.rb:40:in 'NotesController#destroy'
Redirected to http://localhost:3000/1/notes
Completed 302 Found in 54ms (ActiveRecord: 2.6ms (4 queries, 0 cached) | GC: 0.3ms)


Started GET "/1/notes" for ::1 at 2025-03-17 11:24:07 +0000
Processing by NotesController#index as TURBO_STREAM
  Parameters: {"user_id" => "1"}
  [1m[36mSession Load (0.1ms)[0m  [1m[34mSELECT "sessions".* FROM "sessions" WHERE "sessions"."id" = 3 LIMIT 1 /*action='index',application='Web',controller='notes'*/[0m
  ↳ app/controllers/application_controller.rb:15:in 'ApplicationController#authenticate'
  [1m[36mUser Load (0.0ms)[0m  [1m[34mSELECT "users".* FROM "users" WHERE "users"."id" = 1 LIMIT 1 /*action='index',application='Web',controller='notes'*/[0m
  ↳ app/controllers/application_controller.rb:17:in 'ApplicationController#authenticate'
Error checking database connection: undefined local variable or method 'connection_config' for class Note
  [1m[36mNote Count (0.0ms)[0m  [1m[34mSELECT COUNT(*) FROM "notes" /*action='index',application='Web',controller='notes'*/[0m
  ↳ app/controllers/notes_controller.rb:5:in 'NotesController#index'
  Rendering layout layouts/application.html.erb
  Rendering notes/index.html.erb within layouts/application
  [1m[36mNote Load (0.0ms)[0m  [1m[34mSELECT "notes".* FROM "notes" ORDER BY "notes"."created_at" DESC LIMIT 8 OFFSET 0 /*action='index',application='Web',controller='notes'*/[0m
  ↳ app/views/notes/index.html.erb:10
  Rendered notes/index.html.erb within layouts/application (Duration: 0.9ms | GC: 0.0ms)
  Rendered shared/_header.html.erb (Duration: 0.1ms | GC: 0.0ms)
  Rendered layout layouts/application.html.erb (Duration: 1.9ms | GC: 0.3ms)
Completed 200 OK in 33ms (Views: 1.9ms | ActiveRecord: 0.4ms (4 queries, 0 cached) | GC: 0.5ms)


Started GET "/%23%3CNote::ActiveRecord_Relation:0x000000013c237818%3E/notes?page=2" for ::1 at 2025-03-17 11:24:07 +0000
Processing by NotesController#index as HTML
  Parameters: {"page" => "2", "user_id" => "#<Note::ActiveRecord_Relation:0x000000013c237818>"}
  [1m[36mSession Load (0.1ms)[0m  [1m[34mSELECT "sessions".* FROM "sessions" WHERE "sessions"."id" = 3 LIMIT 1 /*action='index',application='Web',controller='notes'*/[0m
  ↳ app/controllers/application_controller.rb:15:in 'ApplicationController#authenticate'
  [1m[36mUser Load (0.0ms)[0m  [1m[34mSELECT "users".* FROM "users" WHERE "users"."id" = 1 LIMIT 1 /*action='index',application='Web',controller='notes'*/[0m
  ↳ app/controllers/application_controller.rb:17:in 'ApplicationController#authenticate'
Error checking database connection: undefined local variable or method 'connection_config' for class Note
  [1m[36mNote Count (0.0ms)[0m  [1m[34mSELECT COUNT(*) FROM "notes" /*action='index',application='Web',controller='notes'*/[0m
  ↳ app/controllers/notes_controller.rb:5:in 'NotesController#index'
  Rendering layout /Users/Matt/.local/share/rbenv/versions/3.4.2/lib/ruby/gems/3.4.0/gems/turbo-rails-2.0.13/app/views/layouts/turbo_rails/frame.html.erb
  Rendering notes/index.html.erb within layouts/turbo_rails/frame
  [1m[36mNote Load (0.1ms)[0m  [1m[34mSELECT "notes".* FROM "notes" ORDER BY "notes"."created_at" DESC LIMIT 8 OFFSET 8 /*action='index',application='Web',controller='notes'*/[0m
  ↳ app/views/notes/index.html.erb:10
  Rendered notes/index.html.erb within layouts/turbo_rails/frame (Duration: 1.2ms | GC: 0.3ms)
  Rendered layout /Users/Matt/.local/share/rbenv/versions/3.4.2/lib/ruby/gems/3.4.0/gems/turbo-rails-2.0.13/app/views/layouts/turbo_rails/frame.html.erb (Duration: 1.3ms | GC: 0.3ms)
Completed 200 OK in 31ms (Views: 1.3ms | ActiveRecord: 0.4ms (4 queries, 0 cached) | GC: 0.3ms)


Started GET "/1/notes/32/edit" for ::1 at 2025-03-17 11:24:09 +0000
Processing by NotesController#edit as HTML
  Parameters: {"user_id" => "1", "id" => "32"}
  [1m[36mSession Load (0.1ms)[0m  [1m[34mSELECT "sessions".* FROM "sessions" WHERE "sessions"."id" = 3 LIMIT 1 /*action='edit',application='Web',controller='notes'*/[0m
  ↳ app/controllers/application_controller.rb:15:in 'ApplicationController#authenticate'
  [1m[36mUser Load (0.0ms)[0m  [1m[34mSELECT "users".* FROM "users" WHERE "users"."id" = 1 LIMIT 1 /*action='edit',application='Web',controller='notes'*/[0m
  ↳ app/controllers/application_controller.rb:17:in 'ApplicationController#authenticate'
Error checking database connection: undefined local variable or method 'connection_config' for class Note
  [1m[36mNote Load (0.0ms)[0m  [1m[34mSELECT "notes".* FROM "notes" WHERE "notes"."id" = 32 LIMIT 1 /*action='edit',application='Web',controller='notes'*/[0m
  ↳ app/controllers/notes_controller.rb:52:in 'NotesController#set_note'
  Rendering layout layouts/application.html.erb
  Rendering notes/edit.html.erb within layouts/application
  Rendered notes/_form.html.erb (Duration: 0.8ms | GC: 0.0ms)
  Rendered notes/edit.html.erb within layouts/application (Duration: 0.9ms | GC: 0.0ms)
  Rendered shared/_header.html.erb (Duration: 0.1ms | GC: 0.0ms)
  Rendered layout layouts/application.html.erb (Duration: 1.3ms | GC: 0.0ms)
Completed 200 OK in 57ms (Views: 1.4ms | ActiveRecord: 0.5ms (3 queries, 0 cached) | GC: 0.3ms)


Started DELETE "/1/notes/32?_method=delete" for ::1 at 2025-03-17 11:24:12 +0000
Processing by NotesController#destroy as TURBO_STREAM
  Parameters: {"user_id" => "1", "id" => "32"}
  [1m[36mSession Load (0.1ms)[0m  [1m[34mSELECT "sessions".* FROM "sessions" WHERE "sessions"."id" = 3 LIMIT 1 /*action='destroy',application='Web',controller='notes'*/[0m
  ↳ app/controllers/application_controller.rb:15:in 'ApplicationController#authenticate'
  [1m[36mUser Load (0.0ms)[0m  [1m[34mSELECT "users".* FROM "users" WHERE "users"."id" = 1 LIMIT 1 /*action='destroy',application='Web',controller='notes'*/[0m
  ↳ app/controllers/application_controller.rb:17:in 'ApplicationController#authenticate'
Error checking database connection: undefined local variable or method 'connection_config' for class Note
  [1m[36mNote Load (0.0ms)[0m  [1m[34mSELECT "notes".* FROM "notes" WHERE "notes"."id" = 32 LIMIT 1 /*action='destroy',application='Web',controller='notes'*/[0m
  ↳ app/controllers/notes_controller.rb:52:in 'NotesController#set_note'
  [1m[36mTRANSACTION (0.0ms)[0m  [1m[35mBEGIN immediate TRANSACTION /*action='destroy',application='Web',controller='notes'*/[0m
  ↳ app/controllers/notes_controller.rb:40:in 'NotesController#destroy'
  [1m[36mNote Destroy (0.4ms)[0m  [1m[31mDELETE FROM "notes" WHERE "notes"."id" = 32 /*action='destroy',application='Web',controller='notes'*/[0m
  ↳ app/controllers/notes_controller.rb:40:in 'NotesController#destroy'
  [1m[36mTRANSACTION (0.2ms)[0m  [1m[35mCOMMIT TRANSACTION /*action='destroy',application='Web',controller='notes'*/[0m
  ↳ app/controllers/notes_controller.rb:40:in 'NotesController#destroy'
Redirected to http://localhost:3000/1/notes
Completed 302 Found in 52ms (ActiveRecord: 1.1ms (4 queries, 0 cached) | GC: 3.2ms)


Started GET "/1/notes" for ::1 at 2025-03-17 11:24:12 +0000
Processing by NotesController#index as TURBO_STREAM
  Parameters: {"user_id" => "1"}
  [1m[36mSession Load (0.0ms)[0m  [1m[34mSELECT "sessions".* FROM "sessions" WHERE "sessions"."id" = 3 LIMIT 1 /*action='index',application='Web',controller='notes'*/[0m
  ↳ app/controllers/application_controller.rb:15:in 'ApplicationController#authenticate'
  [1m[36mUser Load (0.0ms)[0m  [1m[34mSELECT "users".* FROM "users" WHERE "users"."id" = 1 LIMIT 1 /*action='index',application='Web',controller='notes'*/[0m
  ↳ app/controllers/application_controller.rb:17:in 'ApplicationController#authenticate'
Error checking database connection: undefined local variable or method 'connection_config' for class Note
  [1m[36mNote Count (0.0ms)[0m  [1m[34mSELECT COUNT(*) FROM "notes" /*action='index',application='Web',controller='notes'*/[0m
  ↳ app/controllers/notes_controller.rb:5:in 'NotesController#index'
  Rendering layout layouts/application.html.erb
  Rendering notes/index.html.erb within layouts/application
  [1m[36mNote Load (0.0ms)[0m  [1m[34mSELECT "notes".* FROM "notes" ORDER BY "notes"."created_at" DESC LIMIT 8 OFFSET 0 /*action='index',application='Web',controller='notes'*/[0m
  ↳ app/views/notes/index.html.erb:10
  Rendered notes/index.html.erb within layouts/application (Duration: 0.7ms | GC: 0.0ms)
  Rendered shared/_header.html.erb (Duration: 0.1ms | GC: 0.0ms)
  Rendered layout layouts/application.html.erb (Duration: 1.0ms | GC: 0.0ms)
Completed 200 OK in 28ms (Views: 1.1ms | ActiveRecord: 0.4ms (4 queries, 0 cached) | GC: 0.0ms)


Started GET "/%23%3CNote::ActiveRecord_Relation:0x000000013d03dac0%3E/notes?page=2" for ::1 at 2025-03-17 11:24:12 +0000
Processing by NotesController#index as HTML
  Parameters: {"page" => "2", "user_id" => "#<Note::ActiveRecord_Relation:0x000000013d03dac0>"}
  [1m[36mSession Load (0.1ms)[0m  [1m[34mSELECT "sessions".* FROM "sessions" WHERE "sessions"."id" = 3 LIMIT 1 /*action='index',application='Web',controller='notes'*/[0m
  ↳ app/controllers/application_controller.rb:15:in 'ApplicationController#authenticate'
  [1m[36mUser Load (0.0ms)[0m  [1m[34mSELECT "users".* FROM "users" WHERE "users"."id" = 1 LIMIT 1 /*action='index',application='Web',controller='notes'*/[0m
  ↳ app/controllers/application_controller.rb:17:in 'ApplicationController#authenticate'
Error checking database connection: undefined local variable or method 'connection_config' for class Note
  [1m[36mNote Count (0.0ms)[0m  [1m[34mSELECT COUNT(*) FROM "notes" /*action='index',application='Web',controller='notes'*/[0m
  ↳ app/controllers/notes_controller.rb:5:in 'NotesController#index'
  Rendering layout /Users/Matt/.local/share/rbenv/versions/3.4.2/lib/ruby/gems/3.4.0/gems/turbo-rails-2.0.13/app/views/layouts/turbo_rails/frame.html.erb
  Rendering notes/index.html.erb within layouts/turbo_rails/frame
  [1m[36mNote Load (0.0ms)[0m  [1m[34mSELECT "notes".* FROM "notes" ORDER BY "notes"."created_at" DESC LIMIT 8 OFFSET 8 /*action='index',application='Web',controller='notes'*/[0m
  ↳ app/views/notes/index.html.erb:10
  Rendered notes/index.html.erb within layouts/turbo_rails/frame (Duration: 8.4ms | GC: 0.0ms)
  Rendered layout /Users/Matt/.local/share/rbenv/versions/3.4.2/lib/ruby/gems/3.4.0/gems/turbo-rails-2.0.13/app/views/layouts/turbo_rails/frame.html.erb (Duration: 8.5ms | GC: 0.0ms)
Completed 200 OK in 36ms (Views: 8.6ms | ActiveRecord: 0.4ms (4 queries, 0 cached) | GC: 0.0ms)


[ActionCable] Broadcasting to hotwire_spark: {action: :reload_html, path: "/notes/index.html.erb"}
Hotwire::Spark::Channel transmitting {"action" => "reload_html", "path" => "/notes/index.html.erb"} (via streamed from hotwire_spark)
Started GET "/1/notes?hotwire_spark=true&reload=1742210744917" for ::1 at 2025-03-17 11:25:44 +0000
Processing by NotesController#index as HTML
  Parameters: {"hotwire_spark" => "true", "reload" => "1742210744917", "user_id" => "1"}
  [1m[36mSession Load (0.2ms)[0m  [1m[34mSELECT "sessions".* FROM "sessions" WHERE "sessions"."id" = 3 LIMIT 1 /*action='index',application='Web',controller='notes'*/[0m
  ↳ app/controllers/application_controller.rb:15:in 'ApplicationController#authenticate'
  [1m[36mUser Load (0.0ms)[0m  [1m[34mSELECT "users".* FROM "users" WHERE "users"."id" = 1 LIMIT 1 /*action='index',application='Web',controller='notes'*/[0m
  ↳ app/controllers/application_controller.rb:17:in 'ApplicationController#authenticate'
Error checking database connection: undefined local variable or method 'connection_config' for class Note
  [1m[36mNote Count (0.0ms)[0m  [1m[34mSELECT COUNT(*) FROM "notes" /*action='index',application='Web',controller='notes'*/[0m
  ↳ app/controllers/notes_controller.rb:5:in 'NotesController#index'
  Rendering layout layouts/application.html.erb
  Rendering notes/index.html.erb within layouts/application
  [1m[36mNote Load (0.1ms)[0m  [1m[34mSELECT "notes".* FROM "notes" ORDER BY "notes"."created_at" DESC LIMIT 8 OFFSET 0 /*action='index',application='Web',controller='notes'*/[0m
  ↳ app/views/notes/index.html.erb:10
  Rendered notes/index.html.erb within layouts/application (Duration: 7.4ms | GC: 0.0ms)
  Rendered shared/_header.html.erb (Duration: 1.6ms | GC: 0.0ms)
  Rendered layout layouts/application.html.erb (Duration: 13.8ms | GC: 0.0ms)
Completed 200 OK in 91ms (Views: 20.0ms | ActiveRecord: 2.0ms (4 queries, 0 cached) | GC: 0.0ms)


Started GET "/%23%3CNote::ActiveRecord_Relation:0x000000013c591220%3E/notes?page=2" for ::1 at 2025-03-17 11:25:45 +0000
Processing by NotesController#index as HTML
  Parameters: {"page" => "2", "user_id" => "#<Note::ActiveRecord_Relation:0x000000013c591220>"}
  [1m[36mSession Load (0.1ms)[0m  [1m[34mSELECT "sessions".* FROM "sessions" WHERE "sessions"."id" = 3 LIMIT 1 /*action='index',application='Web',controller='notes'*/[0m
  ↳ app/controllers/application_controller.rb:15:in 'ApplicationController#authenticate'
  [1m[36mUser Load (0.0ms)[0m  [1m[34mSELECT "users".* FROM "users" WHERE "users"."id" = 1 LIMIT 1 /*action='index',application='Web',controller='notes'*/[0m
  ↳ app/controllers/application_controller.rb:17:in 'ApplicationController#authenticate'
Error checking database connection: undefined local variable or method 'connection_config' for class Note
  [1m[36mNote Count (0.0ms)[0m  [1m[34mSELECT COUNT(*) FROM "notes" /*action='index',application='Web',controller='notes'*/[0m
  ↳ app/controllers/notes_controller.rb:5:in 'NotesController#index'
  Rendering layout /Users/Matt/.local/share/rbenv/versions/3.4.2/lib/ruby/gems/3.4.0/gems/turbo-rails-2.0.13/app/views/layouts/turbo_rails/frame.html.erb
  Rendering notes/index.html.erb within layouts/turbo_rails/frame
  [1m[36mNote Load (0.1ms)[0m  [1m[34mSELECT "notes".* FROM "notes" ORDER BY "notes"."created_at" DESC LIMIT 8 OFFSET 8 /*action='index',application='Web',controller='notes'*/[0m
  ↳ app/views/notes/index.html.erb:10
  Rendered notes/index.html.erb within layouts/turbo_rails/frame (Duration: 0.9ms | GC: 0.0ms)
  Rendered layout /Users/Matt/.local/share/rbenv/versions/3.4.2/lib/ruby/gems/3.4.0/gems/turbo-rails-2.0.13/app/views/layouts/turbo_rails/frame.html.erb (Duration: 1.2ms | GC: 0.0ms)
Completed 200 OK in 35ms (Views: 2.6ms | ActiveRecord: 0.4ms (4 queries, 0 cached) | GC: 0.0ms)


Started GET "/1/notes" for ::1 at 2025-03-17 11:25:49 +0000
Processing by NotesController#index as HTML
  Parameters: {"user_id" => "1"}
  [1m[36mSession Load (0.3ms)[0m  [1m[34mSELECT "sessions".* FROM "sessions" WHERE "sessions"."id" = 3 LIMIT 1 /*action='index',application='Web',controller='notes'*/[0m
  ↳ app/controllers/application_controller.rb:15:in 'ApplicationController#authenticate'
  [1m[36mUser Load (0.0ms)[0m  [1m[34mSELECT "users".* FROM "users" WHERE "users"."id" = 1 LIMIT 1 /*action='index',application='Web',controller='notes'*/[0m
  ↳ app/controllers/application_controller.rb:17:in 'ApplicationController#authenticate'
Error checking database connection: undefined local variable or method 'connection_config' for class Note
  [1m[36mNote Count (0.0ms)[0m  [1m[34mSELECT COUNT(*) FROM "notes" /*action='index',application='Web',controller='notes'*/[0m
  ↳ app/controllers/notes_controller.rb:5:in 'NotesController#index'
  Rendering layout layouts/application.html.erb
  Rendering notes/index.html.erb within layouts/application
  [1m[36mNote Load (0.1ms)[0m  [1m[34mSELECT "notes".* FROM "notes" ORDER BY "notes"."created_at" DESC LIMIT 8 OFFSET 0 /*action='index',application='Web',controller='notes'*/[0m
  ↳ app/views/notes/index.html.erb:10
  Rendered notes/index.html.erb within layouts/application (Duration: 1.2ms | GC: 0.0ms)
  Rendered shared/_header.html.erb (Duration: 0.2ms | GC: 0.0ms)
  Rendered layout layouts/application.html.erb (Duration: 3.2ms | GC: 0.0ms)
Completed 200 OK in 63ms (Views: 3.3ms | ActiveRecord: 0.8ms (4 queries, 0 cached) | GC: 0.0ms)


Finished "/hotwire-spark" [WebSocket] for ::1 at 2025-03-17 11:25:49 +0000
Hotwire::Spark::Channel stopped streaming from hotwire_spark
Started GET "/hotwire-spark" for ::1 at 2025-03-17 11:25:49 +0000
Started GET "/%23%3CNote::ActiveRecord_Relation:0x000000013c1f86e0%3E/notes?page=2" for ::1 at 2025-03-17 11:25:49 +0000
Started GET "/hotwire-spark" [WebSocket] for ::1 at 2025-03-17 11:25:50 +0000
Successfully upgraded to WebSocket (REQUEST_METHOD: GET, HTTP_CONNECTION: Upgrade, HTTP_UPGRADE: websocket)
Hotwire::Spark::Channel is transmitting the subscription confirmation
Hotwire::Spark::Channel is streaming from hotwire_spark
Processing by NotesController#index as HTML
  Parameters: {"page" => "2", "user_id" => "#<Note::ActiveRecord_Relation:0x000000013c1f86e0>"}
  [1m[36mSession Load (0.1ms)[0m  [1m[34mSELECT "sessions".* FROM "sessions" WHERE "sessions"."id" = 3 LIMIT 1 /*action='index',application='Web',controller='notes'*/[0m
  ↳ app/controllers/application_controller.rb:15:in 'ApplicationController#authenticate'
  [1m[36mUser Load (0.1ms)[0m  [1m[34mSELECT "users".* FROM "users" WHERE "users"."id" = 1 LIMIT 1 /*action='index',application='Web',controller='notes'*/[0m
  ↳ app/controllers/application_controller.rb:17:in 'ApplicationController#authenticate'
Error checking database connection: undefined local variable or method 'connection_config' for class Note
  [1m[36mNote Count (0.0ms)[0m  [1m[34mSELECT COUNT(*) FROM "notes" /*action='index',application='Web',controller='notes'*/[0m
  ↳ app/controllers/notes_controller.rb:5:in 'NotesController#index'
  Rendering layout /Users/Matt/.local/share/rbenv/versions/3.4.2/lib/ruby/gems/3.4.0/gems/turbo-rails-2.0.13/app/views/layouts/turbo_rails/frame.html.erb
  Rendering notes/index.html.erb within layouts/turbo_rails/frame
  [1m[36mNote Load (0.1ms)[0m  [1m[34mSELECT "notes".* FROM "notes" ORDER BY "notes"."created_at" DESC LIMIT 8 OFFSET 8 /*action='index',application='Web',controller='notes'*/[0m
  ↳ app/views/notes/index.html.erb:10
  Rendered notes/index.html.erb within layouts/turbo_rails/frame (Duration: 2.7ms | GC: 0.0ms)
  Rendered layout /Users/Matt/.local/share/rbenv/versions/3.4.2/lib/ruby/gems/3.4.0/gems/turbo-rails-2.0.13/app/views/layouts/turbo_rails/frame.html.erb (Duration: 2.8ms | GC: 0.0ms)
Completed 200 OK in 36ms (Views: 2.9ms | ActiveRecord: 0.5ms (4 queries, 0 cached) | GC: 4.4ms)


Started GET "/1/notes" for ::1 at 2025-03-17 11:25:50 +0000
Processing by NotesController#index as HTML
  Parameters: {"user_id" => "1"}
  [1m[36mSession Load (0.1ms)[0m  [1m[34mSELECT "sessions".* FROM "sessions" WHERE "sessions"."id" = 3 LIMIT 1 /*action='index',application='Web',controller='notes'*/[0m
  ↳ app/controllers/application_controller.rb:15:in 'ApplicationController#authenticate'
  [1m[36mUser Load (0.0ms)[0m  [1m[34mSELECT "users".* FROM "users" WHERE "users"."id" = 1 LIMIT 1 /*action='index',application='Web',controller='notes'*/[0m
  ↳ app/controllers/application_controller.rb:17:in 'ApplicationController#authenticate'
Error checking database connection: undefined local variable or method 'connection_config' for class Note
  [1m[36mNote Count (0.0ms)[0m  [1m[34mSELECT COUNT(*) FROM "notes" /*action='index',application='Web',controller='notes'*/[0m
  ↳ app/controllers/notes_controller.rb:5:in 'NotesController#index'
  Rendering layout layouts/application.html.erb
  Rendering notes/index.html.erb within layouts/application
  [1m[36mNote Load (0.0ms)[0m  [1m[34mSELECT "notes".* FROM "notes" ORDER BY "notes"."created_at" DESC LIMIT 8 OFFSET 0 /*action='index',application='Web',controller='notes'*/[0m
  ↳ app/views/notes/index.html.erb:10
  Rendered notes/index.html.erb within layouts/application (Duration: 0.6ms | GC: 0.0ms)
  Rendered shared/_header.html.erb (Duration: 0.1ms | GC: 0.0ms)
  Rendered layout layouts/application.html.erb (Duration: 1.0ms | GC: 0.0ms)
Completed 200 OK in 29ms (Views: 1.1ms | ActiveRecord: 0.4ms (4 queries, 0 cached) | GC: 0.0ms)


Finished "/hotwire-spark" [WebSocket] for ::1 at 2025-03-17 11:25:50 +0000
Hotwire::Spark::Channel stopped streaming from hotwire_spark
Started GET "/hotwire-spark" for ::1 at 2025-03-17 11:25:50 +0000
Started GET "/%23%3CNote::ActiveRecord_Relation:0x000000013a3f76f0%3E/notes?page=2" for ::1 at 2025-03-17 11:25:50 +0000
Started GET "/hotwire-spark" [WebSocket] for ::1 at 2025-03-17 11:25:50 +0000
Successfully upgraded to WebSocket (REQUEST_METHOD: GET, HTTP_CONNECTION: Upgrade, HTTP_UPGRADE: websocket)
Hotwire::Spark::Channel is transmitting the subscription confirmation
Hotwire::Spark::Channel is streaming from hotwire_spark
Processing by NotesController#index as HTML
  Parameters: {"page" => "2", "user_id" => "#<Note::ActiveRecord_Relation:0x000000013a3f76f0>"}
  [1m[36mSession Load (0.1ms)[0m  [1m[34mSELECT "sessions".* FROM "sessions" WHERE "sessions"."id" = 3 LIMIT 1 /*action='index',application='Web',controller='notes'*/[0m
  ↳ app/controllers/application_controller.rb:15:in 'ApplicationController#authenticate'
  [1m[36mUser Load (0.0ms)[0m  [1m[34mSELECT "users".* FROM "users" WHERE "users"."id" = 1 LIMIT 1 /*action='index',application='Web',controller='notes'*/[0m
  ↳ app/controllers/application_controller.rb:17:in 'ApplicationController#authenticate'
Error checking database connection: undefined local variable or method 'connection_config' for class Note
  [1m[36mNote Count (0.0ms)[0m  [1m[34mSELECT COUNT(*) FROM "notes" /*action='index',application='Web',controller='notes'*/[0m
  ↳ app/controllers/notes_controller.rb:5:in 'NotesController#index'
  Rendering layout /Users/Matt/.local/share/rbenv/versions/3.4.2/lib/ruby/gems/3.4.0/gems/turbo-rails-2.0.13/app/views/layouts/turbo_rails/frame.html.erb
  Rendering notes/index.html.erb within layouts/turbo_rails/frame
  [1m[36mNote Load (0.0ms)[0m  [1m[34mSELECT "notes".* FROM "notes" ORDER BY "notes"."created_at" DESC LIMIT 8 OFFSET 8 /*action='index',application='Web',controller='notes'*/[0m
  ↳ app/views/notes/index.html.erb:10
  Rendered notes/index.html.erb within layouts/turbo_rails/frame (Duration: 0.6ms | GC: 0.0ms)
  Rendered layout /Users/Matt/.local/share/rbenv/versions/3.4.2/lib/ruby/gems/3.4.0/gems/turbo-rails-2.0.13/app/views/layouts/turbo_rails/frame.html.erb (Duration: 0.7ms | GC: 0.0ms)
Completed 200 OK in 29ms (Views: 0.7ms | ActiveRecord: 0.4ms (4 queries, 0 cached) | GC: 0.2ms)


Started GET "/1/notes" for ::1 at 2025-03-17 11:25:50 +0000
Processing by NotesController#index as HTML
  Parameters: {"user_id" => "1"}
  [1m[36mSession Load (0.1ms)[0m  [1m[34mSELECT "sessions".* FROM "sessions" WHERE "sessions"."id" = 3 LIMIT 1 /*action='index',application='Web',controller='notes'*/[0m
  ↳ app/controllers/application_controller.rb:15:in 'ApplicationController#authenticate'
  [1m[36mUser Load (0.0ms)[0m  [1m[34mSELECT "users".* FROM "users" WHERE "users"."id" = 1 LIMIT 1 /*action='index',application='Web',controller='notes'*/[0m
  ↳ app/controllers/application_controller.rb:17:in 'ApplicationController#authenticate'
Error checking database connection: undefined local variable or method 'connection_config' for class Note
  [1m[36mNote Count (0.0ms)[0m  [1m[34mSELECT COUNT(*) FROM "notes" /*action='index',application='Web',controller='notes'*/[0m
  ↳ app/controllers/notes_controller.rb:5:in 'NotesController#index'
  Rendering layout layouts/application.html.erb
  Rendering notes/index.html.erb within layouts/application
  [1m[36mNote Load (0.0ms)[0m  [1m[34mSELECT "notes".* FROM "notes" ORDER BY "notes"."created_at" DESC LIMIT 8 OFFSET 0 /*action='index',application='Web',controller='notes'*/[0m
  ↳ app/views/notes/index.html.erb:10
  Rendered notes/index.html.erb within layouts/application (Duration: 0.6ms | GC: 0.0ms)
  Rendered shared/_header.html.erb (Duration: 0.2ms | GC: 0.0ms)
  Rendered layout layouts/application.html.erb (Duration: 1.3ms | GC: 0.1ms)
Completed 200 OK in 38ms (Views: 1.4ms | ActiveRecord: 0.4ms (4 queries, 0 cached) | GC: 0.1ms)


Finished "/hotwire-spark" [WebSocket] for ::1 at 2025-03-17 11:25:50 +0000
Hotwire::Spark::Channel stopped streaming from hotwire_spark
Started GET "/hotwire-spark" for ::1 at 2025-03-17 11:25:50 +0000
Started GET "/hotwire-spark" [WebSocket] for ::1 at 2025-03-17 11:25:50 +0000
Successfully upgraded to WebSocket (REQUEST_METHOD: GET, HTTP_CONNECTION: Upgrade, HTTP_UPGRADE: websocket)
Hotwire::Spark::Channel is transmitting the subscription confirmation
Hotwire::Spark::Channel is streaming from hotwire_spark
Started GET "/%23%3CNote::ActiveRecord_Relation:0x000000013a571850%3E/notes?page=2" for ::1 at 2025-03-17 11:25:50 +0000
Processing by NotesController#index as HTML
  Parameters: {"page" => "2", "user_id" => "#<Note::ActiveRecord_Relation:0x000000013a571850>"}
  [1m[36mSession Load (0.1ms)[0m  [1m[34mSELECT "sessions".* FROM "sessions" WHERE "sessions"."id" = 3 LIMIT 1 /*action='index',application='Web',controller='notes'*/[0m
  ↳ app/controllers/application_controller.rb:15:in 'ApplicationController#authenticate'
  [1m[36mUser Load (0.0ms)[0m  [1m[34mSELECT "users".* FROM "users" WHERE "users"."id" = 1 LIMIT 1 /*action='index',application='Web',controller='notes'*/[0m
  ↳ app/controllers/application_controller.rb:17:in 'ApplicationController#authenticate'
Error checking database connection: undefined local variable or method 'connection_config' for class Note
  [1m[36mNote Count (0.0ms)[0m  [1m[34mSELECT COUNT(*) FROM "notes" /*action='index',application='Web',controller='notes'*/[0m
  ↳ app/controllers/notes_controller.rb:5:in 'NotesController#index'
  Rendering layout /Users/Matt/.local/share/rbenv/versions/3.4.2/lib/ruby/gems/3.4.0/gems/turbo-rails-2.0.13/app/views/layouts/turbo_rails/frame.html.erb
  Rendering notes/index.html.erb within layouts/turbo_rails/frame
  [1m[36mNote Load (0.0ms)[0m  [1m[34mSELECT "notes".* FROM "notes" ORDER BY "notes"."created_at" DESC LIMIT 8 OFFSET 8 /*action='index',application='Web',controller='notes'*/[0m
  ↳ app/views/notes/index.html.erb:10
  Rendered notes/index.html.erb within layouts/turbo_rails/frame (Duration: 0.8ms | GC: 0.2ms)
  Rendered layout /Users/Matt/.local/share/rbenv/versions/3.4.2/lib/ruby/gems/3.4.0/gems/turbo-rails-2.0.13/app/views/layouts/turbo_rails/frame.html.erb (Duration: 0.9ms | GC: 0.2ms)
Completed 200 OK in 31ms (Views: 1.0ms | ActiveRecord: 0.4ms (4 queries, 0 cached) | GC: 0.2ms)


Started GET "/1/notes/new" for ::1 at 2025-03-17 11:28:08 +0000
Processing by NotesController#new as HTML
  Parameters: {"user_id" => "1"}
  [1m[36mSession Load (0.1ms)[0m  [1m[34mSELECT "sessions".* FROM "sessions" WHERE "sessions"."id" = 3 LIMIT 1 /*action='new',application='Web',controller='notes'*/[0m
  ↳ app/controllers/application_controller.rb:15:in 'ApplicationController#authenticate'
  [1m[36mUser Load (0.0ms)[0m  [1m[34mSELECT "users".* FROM "users" WHERE "users"."id" = 1 LIMIT 1 /*action='new',application='Web',controller='notes'*/[0m
  ↳ app/controllers/application_controller.rb:17:in 'ApplicationController#authenticate'
Error checking database connection: undefined local variable or method 'connection_config' for class Note
  Rendering layout layouts/application.html.erb
  Rendering notes/new.html.erb within layouts/application
  Rendered notes/_form.html.erb (Duration: 2.3ms | GC: 0.2ms)
  Rendered notes/new.html.erb within layouts/application (Duration: 2.7ms | GC: 0.2ms)
  Rendered shared/_header.html.erb (Duration: 0.1ms | GC: 0.0ms)
  Rendered layout layouts/application.html.erb (Duration: 3.6ms | GC: 0.2ms)
Completed 200 OK in 61ms (Views: 4.5ms | ActiveRecord: 0.6ms (2 queries, 0 cached) | GC: 0.2ms)


Started POST "/1/notes" for ::1 at 2025-03-17 11:28:17 +0000
Processing by NotesController#create as HTML
  Parameters: {"authenticity_token" => "[FILTERED]", "note" => {"title" => "", "content" => "fe fi fo fum"}, "commit" => "Create Note", "user_id" => "1"}
  [1m[36mSession Load (0.1ms)[0m  [1m[34mSELECT "sessions".* FROM "sessions" WHERE "sessions"."id" = 3 LIMIT 1 /*action='create',application='Web',controller='notes'*/[0m
  ↳ app/controllers/application_controller.rb:15:in 'ApplicationController#authenticate'
  [1m[36mUser Load (0.0ms)[0m  [1m[34mSELECT "users".* FROM "users" WHERE "users"."id" = 1 LIMIT 1 /*action='create',application='Web',controller='notes'*/[0m
  ↳ app/controllers/application_controller.rb:17:in 'ApplicationController#authenticate'
Error checking database connection: undefined local variable or method 'connection_config' for class Note
  [1m[36mTRANSACTION (0.0ms)[0m  [1m[35mBEGIN immediate TRANSACTION /*action='create',application='Web',controller='notes'*/[0m
  ↳ app/controllers/notes_controller.rb:21:in 'NotesController#create'
  [1m[36mNote Create (0.4ms)[0m  [1m[32mINSERT INTO "notes" ("title", "content", "created_at", "updated_at") VALUES ('', 'fe fi fo fum', '2025-03-17 11:28:17.881968', '2025-03-17 11:28:17.881968') RETURNING "id" /*action='create',application='Web',controller='notes'*/[0m
  ↳ app/controllers/notes_controller.rb:21:in 'NotesController#create'
  [1m[36mTRANSACTION (0.4ms)[0m  [1m[35mCOMMIT TRANSACTION /*action='create',application='Web',controller='notes'*/[0m
  ↳ app/controllers/notes_controller.rb:21:in 'NotesController#create'
Redirected to http://localhost:3000/1/notes
Completed 302 Found in 76ms (ActiveRecord: 1.3ms (3 queries, 0 cached) | GC: 0.3ms)


Started GET "/1/notes" for ::1 at 2025-03-17 11:28:17 +0000
Processing by NotesController#index as HTML
  Parameters: {"user_id" => "1"}
  [1m[36mSession Load (0.1ms)[0m  [1m[34mSELECT "sessions".* FROM "sessions" WHERE "sessions"."id" = 3 LIMIT 1 /*action='index',application='Web',controller='notes'*/[0m
  ↳ app/controllers/application_controller.rb:15:in 'ApplicationController#authenticate'
  [1m[36mUser Load (0.0ms)[0m  [1m[34mSELECT "users".* FROM "users" WHERE "users"."id" = 1 LIMIT 1 /*action='index',application='Web',controller='notes'*/[0m
  ↳ app/controllers/application_controller.rb:17:in 'ApplicationController#authenticate'
Error checking database connection: undefined local variable or method 'connection_config' for class Note
  [1m[36mNote Count (0.0ms)[0m  [1m[34mSELECT COUNT(*) FROM "notes" /*action='index',application='Web',controller='notes'*/[0m
  ↳ app/controllers/notes_controller.rb:5:in 'NotesController#index'
  Rendering layout layouts/application.html.erb
  Rendering notes/index.html.erb within layouts/application
  [1m[36mNote Load (0.0ms)[0m  [1m[34mSELECT "notes".* FROM "notes" ORDER BY "notes"."created_at" DESC LIMIT 8 OFFSET 0 /*action='index',application='Web',controller='notes'*/[0m
  ↳ app/views/notes/index.html.erb:10
  Rendered notes/index.html.erb within layouts/application (Duration: 0.7ms | GC: 0.0ms)
  Rendered shared/_header.html.erb (Duration: 0.1ms | GC: 0.0ms)
  Rendered layout layouts/application.html.erb (Duration: 1.3ms | GC: 0.2ms)
Completed 200 OK in 30ms (Views: 1.3ms | ActiveRecord: 0.4ms (4 queries, 0 cached) | GC: 0.4ms)


Finished "/hotwire-spark" [WebSocket] for ::1 at 2025-03-17 11:28:17 +0000
Hotwire::Spark::Channel stopped streaming from hotwire_spark
Started GET "/hotwire-spark" for ::1 at 2025-03-17 11:28:17 +0000
Started GET "/%23%3CNote::ActiveRecord_Relation:0x000000013b0f1c20%3E/notes?page=2" for ::1 at 2025-03-17 11:28:17 +0000
Started GET "/hotwire-spark" [WebSocket] for ::1 at 2025-03-17 11:28:17 +0000
Successfully upgraded to WebSocket (REQUEST_METHOD: GET, HTTP_CONNECTION: Upgrade, HTTP_UPGRADE: websocket)
Processing by NotesController#index as HTML
  Parameters: {"page" => "2", "user_id" => "#<Note::ActiveRecord_Relation:0x000000013b0f1c20>"}
Hotwire::Spark::Channel is transmitting the subscription confirmation
Hotwire::Spark::Channel is streaming from hotwire_spark
  [1m[36mSession Load (0.1ms)[0m  [1m[34mSELECT "sessions".* FROM "sessions" WHERE "sessions"."id" = 3 LIMIT 1 /*action='index',application='Web',controller='notes'*/[0m
  ↳ app/controllers/application_controller.rb:15:in 'ApplicationController#authenticate'
  [1m[36mUser Load (0.0ms)[0m  [1m[34mSELECT "users".* FROM "users" WHERE "users"."id" = 1 LIMIT 1 /*action='index',application='Web',controller='notes'*/[0m
  ↳ app/controllers/application_controller.rb:17:in 'ApplicationController#authenticate'
Error checking database connection: undefined local variable or method 'connection_config' for class Note
  [1m[36mNote Count (0.0ms)[0m  [1m[34mSELECT COUNT(*) FROM "notes" /*action='index',application='Web',controller='notes'*/[0m
  ↳ app/controllers/notes_controller.rb:5:in 'NotesController#index'
  Rendering layout /Users/Matt/.local/share/rbenv/versions/3.4.2/lib/ruby/gems/3.4.0/gems/turbo-rails-2.0.13/app/views/layouts/turbo_rails/frame.html.erb
  Rendering notes/index.html.erb within layouts/turbo_rails/frame
  [1m[36mNote Load (0.0ms)[0m  [1m[34mSELECT "notes".* FROM "notes" ORDER BY "notes"."created_at" DESC LIMIT 8 OFFSET 8 /*action='index',application='Web',controller='notes'*/[0m
  ↳ app/views/notes/index.html.erb:10
  Rendered notes/index.html.erb within layouts/turbo_rails/frame (Duration: 0.6ms | GC: 0.0ms)
  Rendered layout /Users/Matt/.local/share/rbenv/versions/3.4.2/lib/ruby/gems/3.4.0/gems/turbo-rails-2.0.13/app/views/layouts/turbo_rails/frame.html.erb (Duration: 0.7ms | GC: 0.0ms)
Completed 200 OK in 29ms (Views: 0.7ms | ActiveRecord: 0.4ms (4 queries, 0 cached) | GC: 0.3ms)


Started GET "/1/notes" for ::1 at 2025-03-17 14:01:15 +0000
Processing by NotesController#index as HTML
  Parameters: {"user_id" => "1"}
  [1m[36mSession Load (1.5ms)[0m  [1m[34mSELECT "sessions".* FROM "sessions" WHERE "sessions"."id" = 3 LIMIT 1 /*action='index',application='Web',controller='notes'*/[0m
  ↳ app/controllers/application_controller.rb:15:in 'ApplicationController#authenticate'
  [1m[36mUser Load (0.1ms)[0m  [1m[34mSELECT "users".* FROM "users" WHERE "users"."id" = 1 LIMIT 1 /*action='index',application='Web',controller='notes'*/[0m
  ↳ app/controllers/application_controller.rb:17:in 'ApplicationController#authenticate'
Error checking database connection: undefined local variable or method 'connection_config' for class Note
  [1m[36mNote Count (0.2ms)[0m  [1m[34mSELECT COUNT(*) FROM "notes" /*action='index',application='Web',controller='notes'*/[0m
  ↳ app/controllers/notes_controller.rb:5:in 'NotesController#index'
  Rendering layout layouts/application.html.erb
  Rendering notes/index.html.erb within layouts/application
  [1m[36mNote Load (0.1ms)[0m  [1m[34mSELECT "notes".* FROM "notes" ORDER BY "notes"."created_at" DESC LIMIT 8 OFFSET 0 /*action='index',application='Web',controller='notes'*/[0m
  ↳ app/views/notes/index.html.erb:10
  Rendered notes/index.html.erb within layouts/application (Duration: 2.3ms | GC: 0.0ms)
  Rendered shared/_header.html.erb (Duration: 0.2ms | GC: 0.0ms)
  Rendered layout layouts/application.html.erb (Duration: 3.4ms | GC: 0.0ms)
Completed 200 OK in 59ms (Views: 3.7ms | ActiveRecord: 2.2ms (4 queries, 0 cached) | GC: 0.0ms)


Finished "/hotwire-spark" [WebSocket] for ::1 at 2025-03-17 14:01:15 +0000
Hotwire::Spark::Channel stopped streaming from hotwire_spark
Started GET "/hotwire-spark" for ::1 at 2025-03-17 14:01:15 +0000
Started GET "/%23%3CNote::ActiveRecord_Relation:0x000000013a83d3e0%3E/notes?page=2" for ::1 at 2025-03-17 14:01:15 +0000
Started GET "/hotwire-spark" [WebSocket] for ::1 at 2025-03-17 14:01:15 +0000
Successfully upgraded to WebSocket (REQUEST_METHOD: GET, HTTP_CONNECTION: Upgrade, HTTP_UPGRADE: websocket)
Hotwire::Spark::Channel is transmitting the subscription confirmation
Hotwire::Spark::Channel is streaming from hotwire_spark
Processing by NotesController#index as HTML
  Parameters: {"page" => "2", "user_id" => "#<Note::ActiveRecord_Relation:0x000000013a83d3e0>"}
Started GET "/1/notes" for ::1 at 2025-03-17 14:01:15 +0000
Processing by NotesController#index as HTML
  Parameters: {"user_id" => "1"}
  [1m[36mSession Load (0.1ms)[0m  [1m[34mSELECT "sessions".* FROM "sessions" WHERE "sessions"."id" = 3 LIMIT 1 /*action='index',application='Web',controller='notes'*/[0m
  ↳ app/controllers/application_controller.rb:15:in 'ApplicationController#authenticate'
  [1m[36mUser Load (0.0ms)[0m  [1m[34mSELECT "users".* FROM "users" WHERE "users"."id" = 1 LIMIT 1 /*action='index',application='Web',controller='notes'*/[0m
  ↳ app/controllers/application_controller.rb:17:in 'ApplicationController#authenticate'
Error checking database connection: undefined local variable or method 'connection_config' for class Note
  [1m[36mNote Count (0.0ms)[0m  [1m[34mSELECT COUNT(*) FROM "notes" /*action='index',application='Web',controller='notes'*/[0m
  ↳ app/controllers/notes_controller.rb:5:in 'NotesController#index'
  Rendering layout /Users/Matt/.local/share/rbenv/versions/3.4.2/lib/ruby/gems/3.4.0/gems/turbo-rails-2.0.13/app/views/layouts/turbo_rails/frame.html.erb
  Rendering notes/index.html.erb within layouts/turbo_rails/frame
  [1m[36mNote Load (0.1ms)[0m  [1m[34mSELECT "notes".* FROM "notes" ORDER BY "notes"."created_at" DESC LIMIT 8 OFFSET 8 /*action='index',application='Web',controller='notes'*/[0m
  ↳ app/views/notes/index.html.erb:10
  Rendered notes/index.html.erb within layouts/turbo_rails/frame (Duration: 10.9ms | GC: 9.6ms)
  Rendered layout /Users/Matt/.local/share/rbenv/versions/3.4.2/lib/ruby/gems/3.4.0/gems/turbo-rails-2.0.13/app/views/layouts/turbo_rails/frame.html.erb (Duration: 11.0ms | GC: 9.6ms)
Completed 200 OK in 49ms (Views: 11.1ms | ActiveRecord: 0.5ms (4 queries, 0 cached) | GC: 9.6ms)


  [1m[36mSession Load (0.1ms)[0m  [1m[34mSELECT "sessions".* FROM "sessions" WHERE "sessions"."id" = 3 LIMIT 1 /*action='index',application='Web',controller='notes'*/[0m
  ↳ app/controllers/application_controller.rb:15:in 'ApplicationController#authenticate'
  [1m[36mUser Load (0.0ms)[0m  [1m[34mSELECT "users".* FROM "users" WHERE "users"."id" = 1 LIMIT 1 /*action='index',application='Web',controller='notes'*/[0m
  ↳ app/controllers/application_controller.rb:17:in 'ApplicationController#authenticate'
Error checking database connection: undefined local variable or method 'connection_config' for class Note
  [1m[36mNote Count (0.0ms)[0m  [1m[34mSELECT COUNT(*) FROM "notes" /*action='index',application='Web',controller='notes'*/[0m
  ↳ app/controllers/notes_controller.rb:5:in 'NotesController#index'
  Rendering layout layouts/application.html.erb
  Rendering notes/index.html.erb within layouts/application
  [1m[36mNote Load (0.1ms)[0m  [1m[34mSELECT "notes".* FROM "notes" ORDER BY "notes"."created_at" DESC LIMIT 8 OFFSET 0 /*action='index',application='Web',controller='notes'*/[0m
  ↳ app/views/notes/index.html.erb:10
  Rendered notes/index.html.erb within layouts/application (Duration: 0.7ms | GC: 0.0ms)
  Rendered shared/_header.html.erb (Duration: 0.1ms | GC: 0.0ms)
  Rendered layout layouts/application.html.erb (Duration: 1.2ms | GC: 0.0ms)
Completed 200 OK in 43ms (Views: 1.2ms | ActiveRecord: 0.5ms (4 queries, 0 cached) | GC: 10.0ms)


Finished "/hotwire-spark" [WebSocket] for ::1 at 2025-03-17 14:01:15 +0000
Hotwire::Spark::Channel stopped streaming from hotwire_spark
Started GET "/hotwire-spark" for ::1 at 2025-03-17 14:01:15 +0000
Started GET "/%23%3CNote::ActiveRecord_Relation:0x000000013a65c300%3E/notes?page=2" for ::1 at 2025-03-17 14:01:15 +0000
Started GET "/hotwire-spark" [WebSocket] for ::1 at 2025-03-17 14:01:15 +0000
Successfully upgraded to WebSocket (REQUEST_METHOD: GET, HTTP_CONNECTION: Upgrade, HTTP_UPGRADE: websocket)
Hotwire::Spark::Channel is transmitting the subscription confirmation
Hotwire::Spark::Channel is streaming from hotwire_spark
Processing by NotesController#index as HTML
  Parameters: {"page" => "2", "user_id" => "#<Note::ActiveRecord_Relation:0x000000013a65c300>"}
  [1m[36mSession Load (0.1ms)[0m  [1m[34mSELECT "sessions".* FROM "sessions" WHERE "sessions"."id" = 3 LIMIT 1 /*action='index',application='Web',controller='notes'*/[0m
  ↳ app/controllers/application_controller.rb:15:in 'ApplicationController#authenticate'
  [1m[36mUser Load (0.0ms)[0m  [1m[34mSELECT "users".* FROM "users" WHERE "users"."id" = 1 LIMIT 1 /*action='index',application='Web',controller='notes'*/[0m
  ↳ app/controllers/application_controller.rb:17:in 'ApplicationController#authenticate'
Error checking database connection: undefined local variable or method 'connection_config' for class Note
  [1m[36mNote Count (0.0ms)[0m  [1m[34mSELECT COUNT(*) FROM "notes" /*action='index',application='Web',controller='notes'*/[0m
  ↳ app/controllers/notes_controller.rb:5:in 'NotesController#index'
  Rendering layout /Users/Matt/.local/share/rbenv/versions/3.4.2/lib/ruby/gems/3.4.0/gems/turbo-rails-2.0.13/app/views/layouts/turbo_rails/frame.html.erb
  Rendering notes/index.html.erb within layouts/turbo_rails/frame
  [1m[36mNote Load (0.0ms)[0m  [1m[34mSELECT "notes".* FROM "notes" ORDER BY "notes"."created_at" DESC LIMIT 8 OFFSET 8 /*action='index',application='Web',controller='notes'*/[0m
  ↳ app/views/notes/index.html.erb:10
  Rendered notes/index.html.erb within layouts/turbo_rails/frame (Duration: 0.6ms | GC: 0.0ms)
  Rendered layout /Users/Matt/.local/share/rbenv/versions/3.4.2/lib/ruby/gems/3.4.0/gems/turbo-rails-2.0.13/app/views/layouts/turbo_rails/frame.html.erb (Duration: 0.7ms | GC: 0.0ms)
Completed 200 OK in 28ms (Views: 0.8ms | ActiveRecord: 0.5ms (4 queries, 0 cached) | GC: 0.0ms)


Started GET "/1/notes" for ::1 at 2025-03-17 14:01:15 +0000
Processing by NotesController#index as HTML
  Parameters: {"user_id" => "1"}
  [1m[36mSession Load (0.1ms)[0m  [1m[34mSELECT "sessions".* FROM "sessions" WHERE "sessions"."id" = 3 LIMIT 1 /*action='index',application='Web',controller='notes'*/[0m
  ↳ app/controllers/application_controller.rb:15:in 'ApplicationController#authenticate'
  [1m[36mUser Load (0.0ms)[0m  [1m[34mSELECT "users".* FROM "users" WHERE "users"."id" = 1 LIMIT 1 /*action='index',application='Web',controller='notes'*/[0m
  ↳ app/controllers/application_controller.rb:17:in 'ApplicationController#authenticate'
Error checking database connection: undefined local variable or method 'connection_config' for class Note
  [1m[36mNote Count (0.0ms)[0m  [1m[34mSELECT COUNT(*) FROM "notes" /*action='index',application='Web',controller='notes'*/[0m
  ↳ app/controllers/notes_controller.rb:5:in 'NotesController#index'
  Rendering layout layouts/application.html.erb
  Rendering notes/index.html.erb within layouts/application
  [1m[36mNote Load (0.0ms)[0m  [1m[34mSELECT "notes".* FROM "notes" ORDER BY "notes"."created_at" DESC LIMIT 8 OFFSET 0 /*action='index',application='Web',controller='notes'*/[0m
  ↳ app/views/notes/index.html.erb:10
  Rendered notes/index.html.erb within layouts/application (Duration: 0.6ms | GC: 0.0ms)
  Rendered shared/_header.html.erb (Duration: 0.1ms | GC: 0.0ms)
  Rendered layout layouts/application.html.erb (Duration: 1.0ms | GC: 0.0ms)
Completed 200 OK in 28ms (Views: 1.1ms | ActiveRecord: 0.4ms (4 queries, 0 cached) | GC: 0.0ms)


Finished "/hotwire-spark" [WebSocket] for ::1 at 2025-03-17 14:01:15 +0000
Hotwire::Spark::Channel stopped streaming from hotwire_spark
Started GET "/hotwire-spark" for ::1 at 2025-03-17 14:01:15 +0000
Started GET "/%23%3CNote::ActiveRecord_Relation:0x000000013abbc778%3E/notes?page=2" for ::1 at 2025-03-17 14:01:15 +0000
Processing by NotesController#index as HTML
  Parameters: {"page" => "2", "user_id" => "#<Note::ActiveRecord_Relation:0x000000013abbc778>"}
Started GET "/hotwire-spark" [WebSocket] for ::1 at 2025-03-17 14:01:15 +0000
Successfully upgraded to WebSocket (REQUEST_METHOD: GET, HTTP_CONNECTION: Upgrade, HTTP_UPGRADE: websocket)
Hotwire::Spark::Channel is transmitting the subscription confirmation
Hotwire::Spark::Channel is streaming from hotwire_spark
  [1m[36mSession Load (0.1ms)[0m  [1m[34mSELECT "sessions".* FROM "sessions" WHERE "sessions"."id" = 3 LIMIT 1 /*action='index',application='Web',controller='notes'*/[0m
  ↳ app/controllers/application_controller.rb:15:in 'ApplicationController#authenticate'
  [1m[36mUser Load (0.0ms)[0m  [1m[34mSELECT "users".* FROM "users" WHERE "users"."id" = 1 LIMIT 1 /*action='index',application='Web',controller='notes'*/[0m
  ↳ app/controllers/application_controller.rb:17:in 'ApplicationController#authenticate'
Error checking database connection: undefined local variable or method 'connection_config' for class Note
  [1m[36mNote Count (0.0ms)[0m  [1m[34mSELECT COUNT(*) FROM "notes" /*action='index',application='Web',controller='notes'*/[0m
  ↳ app/controllers/notes_controller.rb:5:in 'NotesController#index'
  Rendering layout /Users/Matt/.local/share/rbenv/versions/3.4.2/lib/ruby/gems/3.4.0/gems/turbo-rails-2.0.13/app/views/layouts/turbo_rails/frame.html.erb
  Rendering notes/index.html.erb within layouts/turbo_rails/frame
  [1m[36mNote Load (0.0ms)[0m  [1m[34mSELECT "notes".* FROM "notes" ORDER BY "notes"."created_at" DESC LIMIT 8 OFFSET 8 /*action='index',application='Web',controller='notes'*/[0m
  ↳ app/views/notes/index.html.erb:10
  Rendered notes/index.html.erb within layouts/turbo_rails/frame (Duration: 0.6ms | GC: 0.0ms)
  Rendered layout /Users/Matt/.local/share/rbenv/versions/3.4.2/lib/ruby/gems/3.4.0/gems/turbo-rails-2.0.13/app/views/layouts/turbo_rails/frame.html.erb (Duration: 0.7ms | GC: 0.0ms)
Completed 200 OK in 29ms (Views: 0.8ms | ActiveRecord: 0.4ms (4 queries, 0 cached) | GC: 0.2ms)


Started DELETE "/sessions/3" for ::1 at 2025-03-17 14:01:24 +0000
Processing by SessionsController#destroy as TURBO_STREAM
  Parameters: {"authenticity_token" => "[FILTERED]", "id" => "3"}
  [1m[36mSession Load (0.1ms)[0m  [1m[34mSELECT "sessions".* FROM "sessions" WHERE "sessions"."id" = 3 LIMIT 1 /*action='destroy',application='Web',controller='sessions'*/[0m
  ↳ app/controllers/application_controller.rb:15:in 'ApplicationController#authenticate'
  [1m[36mUser Load (0.0ms)[0m  [1m[34mSELECT "users".* FROM "users" WHERE "users"."id" = 1 LIMIT 1 /*action='destroy',application='Web',controller='sessions'*/[0m
  ↳ app/controllers/application_controller.rb:17:in 'ApplicationController#authenticate'
Error checking database connection: undefined local variable or method 'connection_config' for class Note
  [1m[36mSession Load (0.1ms)[0m  [1m[34mSELECT "sessions".* FROM "sessions" WHERE "sessions"."user_id" = 1 AND "sessions"."id" = 3 LIMIT 1 /*action='destroy',application='Web',controller='sessions'*/[0m
  ↳ app/controllers/sessions_controller.rb:44:in 'SessionsController#set_session'
  [1m[36mTRANSACTION (0.0ms)[0m  [1m[35mBEGIN immediate TRANSACTION /*action='destroy',application='Web',controller='sessions'*/[0m
  ↳ app/controllers/sessions_controller.rb:37:in 'SessionsController#destroy'
  [1m[36mSession Destroy (0.5ms)[0m  [1m[31mDELETE FROM "sessions" WHERE "sessions"."id" = 3 /*action='destroy',application='Web',controller='sessions'*/[0m
  ↳ app/controllers/sessions_controller.rb:37:in 'SessionsController#destroy'
  [1m[36mTRANSACTION (0.2ms)[0m  [1m[35mCOMMIT TRANSACTION /*action='destroy',application='Web',controller='sessions'*/[0m
  ↳ app/controllers/sessions_controller.rb:37:in 'SessionsController#destroy'
Redirected to http://localhost:3000/sessions
Completed 302 Found in 78ms (ActiveRecord: 1.2ms (4 queries, 0 cached) | GC: 0.4ms)


Started GET "/sessions" for ::1 at 2025-03-17 14:01:24 +0000
Processing by SessionsController#index as TURBO_STREAM
  [1m[36mSession Load (0.1ms)[0m  [1m[34mSELECT "sessions".* FROM "sessions" WHERE "sessions"."id" = 3 LIMIT 1 /*action='index',application='Web',controller='sessions'*/[0m
  ↳ app/controllers/application_controller.rb:15:in 'ApplicationController#authenticate'
Redirected to http://localhost:3000/sign_in
Filter chain halted as :authenticate rendered or redirected
Completed 302 Found in 28ms (ActiveRecord: 0.1ms (1 query, 0 cached) | GC: 0.0ms)


Started GET "/sign_in" for ::1 at 2025-03-17 14:01:24 +0000
Processing by SessionsController#new as TURBO_STREAM
  Rendering layout layouts/application.html.erb
  Rendering sessions/new.html.erb within layouts/application
  Rendered sessions/new.html.erb within layouts/application (Duration: 8.3ms | GC: 0.0ms)
  Rendered shared/_header.html.erb (Duration: 0.1ms | GC: 0.0ms)
  Rendered layout layouts/application.html.erb (Duration: 9.8ms | GC: 0.0ms)
Completed 200 OK in 39ms (Views: 12.9ms | ActiveRecord: 0.0ms (0 queries, 0 cached) | GC: 0.0ms)


Started POST "/sign_in" for ::1 at 2025-03-17 14:01:35 +0000
Processing by SessionsController#create as TURBO_STREAM
  Parameters: {"authenticity_token" => "[FILTERED]", "email" => "[FILTERED]", "password" => "[FILTERED]", "commit" => "Sign in"}
  [1m[36mUser Load (0.1ms)[0m  [1m[34mSELECT "users".* FROM "users" WHERE "users"."email" = 'admin@example.com' LIMIT 1 /*action='create',application='Web',controller='sessions'*/[0m
  ↳ app/controllers/sessions_controller.rb:14:in 'SessionsController#create'
  [1m[36mTRANSACTION (0.0ms)[0m  [1m[35mBEGIN immediate TRANSACTION /*action='create',application='Web',controller='sessions'*/[0m
  ↳ app/controllers/sessions_controller.rb:21:in 'SessionsController#create'
  [1m[36mSession Create (0.5ms)[0m  [1m[32mINSERT INTO "sessions" ("user_id", "user_agent", "ip_address", "created_at", "updated_at") VALUES (1, 'Mozilla/5.0 (Macintosh; Intel Mac OS X 10_15_7) AppleWebKit/537.36 (KHTML, like Gecko) Chrome/134.0.0.0 Safari/537.36', '::1', '2025-03-17 14:01:35.634962', '2025-03-17 14:01:35.634962') RETURNING "id" /*action='create',application='Web',controller='sessions'*/[0m
  ↳ app/controllers/sessions_controller.rb:21:in 'SessionsController#create'
  [1m[36mTRANSACTION (0.1ms)[0m  [1m[35mCOMMIT TRANSACTION /*action='create',application='Web',controller='sessions'*/[0m
  ↳ app/controllers/sessions_controller.rb:21:in 'SessionsController#create'
Error checking database connection: undefined local variable or method 'connection_config' for class Note
Redirected to http://localhost:3000/1/notes
Completed 302 Found in 304ms (ActiveRecord: 1.0ms (2 queries, 0 cached) | GC: 0.2ms)


Started GET "/1/notes" for ::1 at 2025-03-17 14:01:35 +0000
Processing by NotesController#index as TURBO_STREAM
  Parameters: {"user_id" => "1"}
  [1m[36mSession Load (0.1ms)[0m  [1m[34mSELECT "sessions".* FROM "sessions" WHERE "sessions"."id" = 4 LIMIT 1 /*action='index',application='Web',controller='notes'*/[0m
  ↳ app/controllers/application_controller.rb:15:in 'ApplicationController#authenticate'
  [1m[36mUser Load (0.0ms)[0m  [1m[34mSELECT "users".* FROM "users" WHERE "users"."id" = 1 LIMIT 1 /*action='index',application='Web',controller='notes'*/[0m
  ↳ app/controllers/application_controller.rb:17:in 'ApplicationController#authenticate'
Error checking database connection: undefined local variable or method 'connection_config' for class Note
  [1m[36mNote Count (0.0ms)[0m  [1m[34mSELECT COUNT(*) FROM "notes" /*action='index',application='Web',controller='notes'*/[0m
  ↳ app/controllers/notes_controller.rb:5:in 'NotesController#index'
  Rendering layout layouts/application.html.erb
  Rendering notes/index.html.erb within layouts/application
  [1m[36mNote Load (0.0ms)[0m  [1m[34mSELECT "notes".* FROM "notes" ORDER BY "notes"."created_at" DESC LIMIT 8 OFFSET 0 /*action='index',application='Web',controller='notes'*/[0m
  ↳ app/views/notes/index.html.erb:10
  Rendered notes/index.html.erb within layouts/application (Duration: 1.8ms | GC: 0.0ms)
  Rendered shared/_header.html.erb (Duration: 0.1ms | GC: 0.0ms)
  Rendered layout layouts/application.html.erb (Duration: 2.3ms | GC: 0.0ms)
Completed 200 OK in 31ms (Views: 2.3ms | ActiveRecord: 0.4ms (4 queries, 0 cached) | GC: 0.2ms)


Started GET "/%23%3CNote::ActiveRecord_Relation:0x000000013cab4e28%3E/notes?page=2" for ::1 at 2025-03-17 14:01:35 +0000
Processing by NotesController#index as HTML
  Parameters: {"page" => "2", "user_id" => "#<Note::ActiveRecord_Relation:0x000000013cab4e28>"}
  [1m[36mSession Load (0.1ms)[0m  [1m[34mSELECT "sessions".* FROM "sessions" WHERE "sessions"."id" = 4 LIMIT 1 /*action='index',application='Web',controller='notes'*/[0m
  ↳ app/controllers/application_controller.rb:15:in 'ApplicationController#authenticate'
  [1m[36mUser Load (0.0ms)[0m  [1m[34mSELECT "users".* FROM "users" WHERE "users"."id" = 1 LIMIT 1 /*action='index',application='Web',controller='notes'*/[0m
  ↳ app/controllers/application_controller.rb:17:in 'ApplicationController#authenticate'
Error checking database connection: undefined local variable or method 'connection_config' for class Note
  [1m[36mNote Count (0.0ms)[0m  [1m[34mSELECT COUNT(*) FROM "notes" /*action='index',application='Web',controller='notes'*/[0m
  ↳ app/controllers/notes_controller.rb:5:in 'NotesController#index'
  Rendering layout /Users/Matt/.local/share/rbenv/versions/3.4.2/lib/ruby/gems/3.4.0/gems/turbo-rails-2.0.13/app/views/layouts/turbo_rails/frame.html.erb
  Rendering notes/index.html.erb within layouts/turbo_rails/frame
  [1m[36mNote Load (0.0ms)[0m  [1m[34mSELECT "notes".* FROM "notes" ORDER BY "notes"."created_at" DESC LIMIT 8 OFFSET 8 /*action='index',application='Web',controller='notes'*/[0m
  ↳ app/views/notes/index.html.erb:10
  Rendered notes/index.html.erb within layouts/turbo_rails/frame (Duration: 3.7ms | GC: 2.8ms)
  Rendered layout /Users/Matt/.local/share/rbenv/versions/3.4.2/lib/ruby/gems/3.4.0/gems/turbo-rails-2.0.13/app/views/layouts/turbo_rails/frame.html.erb (Duration: 3.8ms | GC: 2.8ms)
Completed 200 OK in 34ms (Views: 3.8ms | ActiveRecord: 0.4ms (4 queries, 0 cached) | GC: 2.9ms)


[ActionCable] Broadcasting to hotwire_spark: {action: :reload_html, path: "/notes/index.html.erb"}
Hotwire::Spark::Channel transmitting {"action" => "reload_html", "path" => "/notes/index.html.erb"} (via streamed from hotwire_spark)
Started GET "/1/notes?hotwire_spark=true&reload=1742220294861" for ::1 at 2025-03-17 14:04:54 +0000
Processing by NotesController#index as HTML
  Parameters: {"hotwire_spark" => "true", "reload" => "1742220294861", "user_id" => "1"}
  [1m[36mSession Load (0.2ms)[0m  [1m[34mSELECT "sessions".* FROM "sessions" WHERE "sessions"."id" = 4 LIMIT 1 /*action='index',application='Web',controller='notes'*/[0m
  ↳ app/controllers/application_controller.rb:15:in 'ApplicationController#authenticate'
  [1m[36mUser Load (0.0ms)[0m  [1m[34mSELECT "users".* FROM "users" WHERE "users"."id" = 1 LIMIT 1 /*action='index',application='Web',controller='notes'*/[0m
  ↳ app/controllers/application_controller.rb:17:in 'ApplicationController#authenticate'
Error checking database connection: undefined local variable or method 'connection_config' for class Note
  [1m[36mNote Count (0.0ms)[0m  [1m[34mSELECT COUNT(*) FROM "notes" /*action='index',application='Web',controller='notes'*/[0m
  ↳ app/controllers/notes_controller.rb:5:in 'NotesController#index'
  Rendering layout layouts/application.html.erb
  Rendering notes/index.html.erb within layouts/application
  Rendered notes/index.html.erb within layouts/application (Duration: 1.7ms | GC: 0.0ms)
  Rendered layout layouts/application.html.erb (Duration: 1.7ms | GC: 0.0ms)
Completed 500 Internal Server Error in 80ms (ActiveRecord: 2.1ms (3 queries, 0 cached) | GC: 0.0ms)


  
ActionView::Template::Error (undefined local variable or method 'path' for an instance of #<Class:0x000000013ba95d30>)
Caused by: NameError (undefined local variable or method 'path' for an instance of #<Class:0x000000013ba95d30>)

Information for: ActionView::Template::Error (undefined local variable or method 'path' for an instance of #<Class:0x000000013ba95d30>):
     6:   </div>
     7: 
     8: 
     9:   <%= link_to "First", path + "?page=1", role: "button" %>
    10:   <% if pagy.page > 1 %>
    11:     <%= link_to "Previous", path + "?page=" + (pagy.page - 1).to_s, role: "button"  %>
    12:   <% else %>
  
app/views/notes/index.html.erb:9

Information for cause: NameError (undefined local variable or method 'path' for an instance of #<Class:0x000000013ba95d30>):
  
app/views/notes/index.html.erb:9
Started GET "/1/notes" for ::1 at 2025-03-17 14:04:57 +0000
Processing by NotesController#index as HTML
  Parameters: {"user_id" => "1"}
  [1m[36mSession Load (0.2ms)[0m  [1m[34mSELECT "sessions".* FROM "sessions" WHERE "sessions"."id" = 4 LIMIT 1 /*action='index',application='Web',controller='notes'*/[0m
  ↳ app/controllers/application_controller.rb:15:in 'ApplicationController#authenticate'
  [1m[36mUser Load (0.0ms)[0m  [1m[34mSELECT "users".* FROM "users" WHERE "users"."id" = 1 LIMIT 1 /*action='index',application='Web',controller='notes'*/[0m
  ↳ app/controllers/application_controller.rb:17:in 'ApplicationController#authenticate'
Error checking database connection: undefined local variable or method 'connection_config' for class Note
  [1m[36mNote Count (0.0ms)[0m  [1m[34mSELECT COUNT(*) FROM "notes" /*action='index',application='Web',controller='notes'*/[0m
  ↳ app/controllers/notes_controller.rb:5:in 'NotesController#index'
  Rendering layout layouts/application.html.erb
  Rendering notes/index.html.erb within layouts/application
  Rendered notes/index.html.erb within layouts/application (Duration: 0.6ms | GC: 0.0ms)
  Rendered layout layouts/application.html.erb (Duration: 0.7ms | GC: 0.0ms)
Completed 500 Internal Server Error in 62ms (ActiveRecord: 0.7ms (3 queries, 0 cached) | GC: 0.1ms)


  
ActionView::Template::Error (undefined local variable or method 'path' for an instance of #<Class:0x000000013ba95d30>)
Caused by: NameError (undefined local variable or method 'path' for an instance of #<Class:0x000000013ba95d30>)

Information for: ActionView::Template::Error (undefined local variable or method 'path' for an instance of #<Class:0x000000013ba95d30>):
     6:   </div>
     7: 
     8: 
     9:   <%= link_to "First", path + "?page=1", role: "button" %>
    10:   <% if pagy.page > 1 %>
    11:     <%= link_to "Previous", path + "?page=" + (pagy.page - 1).to_s, role: "button"  %>
    12:   <% else %>
  
app/views/notes/index.html.erb:9

Information for cause: NameError (undefined local variable or method 'path' for an instance of #<Class:0x000000013ba95d30>):
  
app/views/notes/index.html.erb:9
Finished "/hotwire-spark" [WebSocket] for ::1 at 2025-03-17 14:04:57 +0000
Hotwire::Spark::Channel stopped streaming from hotwire_spark
[ActionCable] Broadcasting to hotwire_spark: {action: :reload_html, path: "/notes/index.html.erb"}
[ActionCable] Broadcasting to hotwire_spark: {action: :reload_html, path: "/notes/index.html.erb"}
[ActionCable] Broadcasting to hotwire_spark: {action: :reload_html, path: "/notes/index.html.erb"}
Started GET "/1/notes" for ::1 at 2025-03-17 14:06:04 +0000
Processing by NotesController#index as HTML
  Parameters: {"user_id" => "1"}
  [1m[36mSession Load (0.2ms)[0m  [1m[34mSELECT "sessions".* FROM "sessions" WHERE "sessions"."id" = 4 LIMIT 1 /*action='index',application='Web',controller='notes'*/[0m
  ↳ app/controllers/application_controller.rb:15:in 'ApplicationController#authenticate'
  [1m[36mUser Load (0.0ms)[0m  [1m[34mSELECT "users".* FROM "users" WHERE "users"."id" = 1 LIMIT 1 /*action='index',application='Web',controller='notes'*/[0m
  ↳ app/controllers/application_controller.rb:17:in 'ApplicationController#authenticate'
Error checking database connection: undefined local variable or method 'connection_config' for class Note
  [1m[36mNote Count (0.0ms)[0m  [1m[34mSELECT COUNT(*) FROM "notes" /*action='index',application='Web',controller='notes'*/[0m
  ↳ app/controllers/notes_controller.rb:5:in 'NotesController#index'
  Rendering layout layouts/application.html.erb
  Rendering notes/index.html.erb within layouts/application
  Rendered notes/index.html.erb within layouts/application (Duration: 2.3ms | GC: 0.0ms)
  Rendered layout layouts/application.html.erb (Duration: 2.4ms | GC: 0.0ms)
Completed 500 Internal Server Error in 72ms (ActiveRecord: 2.0ms (3 queries, 0 cached) | GC: 0.0ms)


  
ActionView::Template::Error (undefined local variable or method 'pagy' for an instance of #<Class:0x000000013b37b900>)
Caused by: NameError (undefined local variable or method 'pagy' for an instance of #<Class:0x000000013b37b900>)

Information for: ActionView::Template::Error (undefined local variable or method 'pagy' for an instance of #<Class:0x000000013b37b900>):
     7: 
     8: 
     9:   <%= link_to "First", user_notes_path + "?page=1", role: "button" %>
    10:   <% if pagy.page > 1 %>
    11:     <%= link_to "Previous", user_notes_path + "?page=" + (pagy.page - 1).to_s, role: "button"  %>
    12:   <% else %>
    13:     <a href="#" role="button">Previous</a>
  
app/views/notes/index.html.erb:10

Information for cause: NameError (undefined local variable or method 'pagy' for an instance of #<Class:0x000000013b37b900>):
  
app/views/notes/index.html.erb:10
[ActionCable] Broadcasting to hotwire_spark: {action: :reload_html, path: "/notes/index.html.erb"}
[ActionCable] Broadcasting to hotwire_spark: {action: :reload_html, path: "/notes/index.html.erb"}
Started GET "/1/notes" for ::1 at 2025-03-17 14:07:05 +0000
Processing by NotesController#index as HTML
  Parameters: {"user_id" => "1"}
  [1m[36mSession Load (0.2ms)[0m  [1m[34mSELECT "sessions".* FROM "sessions" WHERE "sessions"."id" = 4 LIMIT 1 /*action='index',application='Web',controller='notes'*/[0m
  ↳ app/controllers/application_controller.rb:15:in 'ApplicationController#authenticate'
  [1m[36mUser Load (0.0ms)[0m  [1m[34mSELECT "users".* FROM "users" WHERE "users"."id" = 1 LIMIT 1 /*action='index',application='Web',controller='notes'*/[0m
  ↳ app/controllers/application_controller.rb:17:in 'ApplicationController#authenticate'
Error checking database connection: undefined local variable or method 'connection_config' for class Note
  [1m[36mNote Count (0.0ms)[0m  [1m[34mSELECT COUNT(*) FROM "notes" /*action='index',application='Web',controller='notes'*/[0m
  ↳ app/controllers/notes_controller.rb:5:in 'NotesController#index'
  Rendering layout layouts/application.html.erb
  Rendering notes/index.html.erb within layouts/application
  [1m[36mNote Load (0.1ms)[0m  [1m[34mSELECT "notes".* FROM "notes" ORDER BY "notes"."created_at" DESC LIMIT 8 OFFSET 0 /*action='index',application='Web',controller='notes'*/[0m
  ↳ app/views/notes/index.html.erb:24
  Rendered notes/index.html.erb within layouts/application (Duration: 7.9ms | GC: 0.0ms)
  Rendered shared/_header.html.erb (Duration: 1.5ms | GC: 0.0ms)
  Rendered layout layouts/application.html.erb (Duration: 14.1ms | GC: 0.0ms)
Completed 200 OK in 90ms (Views: 23.7ms | ActiveRecord: 2.2ms (4 queries, 0 cached) | GC: 0.0ms)


Started GET "/hotwire-spark" for ::1 at 2025-03-17 14:07:05 +0000
Started GET "/%23%3CNote::ActiveRecord_Relation:0x000000013b4f19b0%3E/notes?page=2" for ::1 at 2025-03-17 14:07:05 +0000
Started GET "/hotwire-spark" [WebSocket] for ::1 at 2025-03-17 14:07:05 +0000
Successfully upgraded to WebSocket (REQUEST_METHOD: GET, HTTP_CONNECTION: Upgrade, HTTP_UPGRADE: websocket)
Hotwire::Spark::Channel is transmitting the subscription confirmation
Hotwire::Spark::Channel is streaming from hotwire_spark
Processing by NotesController#index as HTML
  Parameters: {"page" => "2", "user_id" => "#<Note::ActiveRecord_Relation:0x000000013b4f19b0>"}
  [1m[36mSession Load (0.1ms)[0m  [1m[34mSELECT "sessions".* FROM "sessions" WHERE "sessions"."id" = 4 LIMIT 1 /*action='index',application='Web',controller='notes'*/[0m
  ↳ app/controllers/application_controller.rb:15:in 'ApplicationController#authenticate'
  [1m[36mUser Load (0.0ms)[0m  [1m[34mSELECT "users".* FROM "users" WHERE "users"."id" = 1 LIMIT 1 /*action='index',application='Web',controller='notes'*/[0m
  ↳ app/controllers/application_controller.rb:17:in 'ApplicationController#authenticate'
Error checking database connection: undefined local variable or method 'connection_config' for class Note
  [1m[36mNote Count (0.0ms)[0m  [1m[34mSELECT COUNT(*) FROM "notes" /*action='index',application='Web',controller='notes'*/[0m
  ↳ app/controllers/notes_controller.rb:5:in 'NotesController#index'
  Rendering layout /Users/Matt/.local/share/rbenv/versions/3.4.2/lib/ruby/gems/3.4.0/gems/turbo-rails-2.0.13/app/views/layouts/turbo_rails/frame.html.erb
  Rendering notes/index.html.erb within layouts/turbo_rails/frame
  [1m[36mNote Load (0.1ms)[0m  [1m[34mSELECT "notes".* FROM "notes" ORDER BY "notes"."created_at" DESC LIMIT 8 OFFSET 8 /*action='index',application='Web',controller='notes'*/[0m
  ↳ app/views/notes/index.html.erb:24
  Rendered notes/index.html.erb within layouts/turbo_rails/frame (Duration: 1.9ms | GC: 0.4ms)
  Rendered layout /Users/Matt/.local/share/rbenv/versions/3.4.2/lib/ruby/gems/3.4.0/gems/turbo-rails-2.0.13/app/views/layouts/turbo_rails/frame.html.erb (Duration: 2.3ms | GC: 0.4ms)
Completed 200 OK in 32ms (Views: 3.6ms | ActiveRecord: 0.5ms (4 queries, 0 cached) | GC: 0.4ms)


Started GET "/1/notes?page=2" for ::1 at 2025-03-17 14:07:09 +0000
Processing by NotesController#index as HTML
  Parameters: {"page" => "2", "user_id" => "1"}
  [1m[36mSession Load (0.3ms)[0m  [1m[34mSELECT "sessions".* FROM "sessions" WHERE "sessions"."id" = 4 LIMIT 1 /*action='index',application='Web',controller='notes'*/[0m
  ↳ app/controllers/application_controller.rb:15:in 'ApplicationController#authenticate'
  [1m[36mUser Load (0.0ms)[0m  [1m[34mSELECT "users".* FROM "users" WHERE "users"."id" = 1 LIMIT 1 /*action='index',application='Web',controller='notes'*/[0m
  ↳ app/controllers/application_controller.rb:17:in 'ApplicationController#authenticate'
Error checking database connection: undefined local variable or method 'connection_config' for class Note
  [1m[36mNote Count (0.0ms)[0m  [1m[34mSELECT COUNT(*) FROM "notes" /*action='index',application='Web',controller='notes'*/[0m
  ↳ app/controllers/notes_controller.rb:5:in 'NotesController#index'
  Rendering layout layouts/application.html.erb
  Rendering notes/index.html.erb within layouts/application
  [1m[36mNote Load (0.1ms)[0m  [1m[34mSELECT "notes".* FROM "notes" ORDER BY "notes"."created_at" DESC LIMIT 8 OFFSET 8 /*action='index',application='Web',controller='notes'*/[0m
  ↳ app/views/notes/index.html.erb:24
  Rendered notes/index.html.erb within layouts/application (Duration: 1.3ms | GC: 0.0ms)
  Rendered shared/_header.html.erb (Duration: 0.1ms | GC: 0.0ms)
  Rendered layout layouts/application.html.erb (Duration: 3.5ms | GC: 0.0ms)
Completed 200 OK in 60ms (Views: 3.6ms | ActiveRecord: 0.8ms (4 queries, 0 cached) | GC: 0.6ms)


Started GET "/%23%3CNote::ActiveRecord_Relation:0x000000013a4ffa20%3E/notes?page=3" for ::1 at 2025-03-17 14:07:10 +0000
Processing by NotesController#index as HTML
  Parameters: {"page" => "3", "user_id" => "#<Note::ActiveRecord_Relation:0x000000013a4ffa20>"}
  [1m[36mSession Load (0.1ms)[0m  [1m[34mSELECT "sessions".* FROM "sessions" WHERE "sessions"."id" = 4 LIMIT 1 /*action='index',application='Web',controller='notes'*/[0m
  ↳ app/controllers/application_controller.rb:15:in 'ApplicationController#authenticate'
  [1m[36mUser Load (0.0ms)[0m  [1m[34mSELECT "users".* FROM "users" WHERE "users"."id" = 1 LIMIT 1 /*action='index',application='Web',controller='notes'*/[0m
  ↳ app/controllers/application_controller.rb:17:in 'ApplicationController#authenticate'
Error checking database connection: undefined local variable or method 'connection_config' for class Note
  [1m[36mNote Count (0.0ms)[0m  [1m[34mSELECT COUNT(*) FROM "notes" /*action='index',application='Web',controller='notes'*/[0m
  ↳ app/controllers/notes_controller.rb:5:in 'NotesController#index'
  Rendering layout /Users/Matt/.local/share/rbenv/versions/3.4.2/lib/ruby/gems/3.4.0/gems/turbo-rails-2.0.13/app/views/layouts/turbo_rails/frame.html.erb
  Rendering notes/index.html.erb within layouts/turbo_rails/frame
  [1m[36mNote Load (0.4ms)[0m  [1m[34mSELECT "notes".* FROM "notes" ORDER BY "notes"."created_at" DESC LIMIT 8 OFFSET 16 /*action='index',application='Web',controller='notes'*/[0m
  ↳ app/views/notes/index.html.erb:24
  Rendered notes/index.html.erb within layouts/turbo_rails/frame (Duration: 3.3ms | GC: 0.0ms)
  Rendered layout /Users/Matt/.local/share/rbenv/versions/3.4.2/lib/ruby/gems/3.4.0/gems/turbo-rails-2.0.13/app/views/layouts/turbo_rails/frame.html.erb (Duration: 3.3ms | GC: 0.0ms)
Completed 200 OK in 42ms (Views: 3.1ms | ActiveRecord: 0.8ms (4 queries, 0 cached) | GC: 0.4ms)


Started GET "/1/notes?page=3" for ::1 at 2025-03-17 14:07:10 +0000
Processing by NotesController#index as HTML
  Parameters: {"page" => "3", "user_id" => "1"}
  [1m[36mSession Load (0.1ms)[0m  [1m[34mSELECT "sessions".* FROM "sessions" WHERE "sessions"."id" = 4 LIMIT 1 /*action='index',application='Web',controller='notes'*/[0m
  ↳ app/controllers/application_controller.rb:15:in 'ApplicationController#authenticate'
  [1m[36mUser Load (0.0ms)[0m  [1m[34mSELECT "users".* FROM "users" WHERE "users"."id" = 1 LIMIT 1 /*action='index',application='Web',controller='notes'*/[0m
  ↳ app/controllers/application_controller.rb:17:in 'ApplicationController#authenticate'
Error checking database connection: undefined local variable or method 'connection_config' for class Note
  [1m[36mNote Count (0.0ms)[0m  [1m[34mSELECT COUNT(*) FROM "notes" /*action='index',application='Web',controller='notes'*/[0m
  ↳ app/controllers/notes_controller.rb:5:in 'NotesController#index'
  Rendering layout layouts/application.html.erb
  Rendering notes/index.html.erb within layouts/application
  [1m[36mNote Load (0.0ms)[0m  [1m[34mSELECT "notes".* FROM "notes" ORDER BY "notes"."created_at" DESC LIMIT 8 OFFSET 16 /*action='index',application='Web',controller='notes'*/[0m
  ↳ app/views/notes/index.html.erb:24
  Rendered notes/index.html.erb within layouts/application (Duration: 0.7ms | GC: 0.0ms)
  Rendered shared/_header.html.erb (Duration: 0.3ms | GC: 0.0ms)
  Rendered layout layouts/application.html.erb (Duration: 1.3ms | GC: 0.0ms)
Completed 200 OK in 29ms (Views: 1.4ms | ActiveRecord: 0.5ms (4 queries, 0 cached) | GC: 0.5ms)


Started GET "/%23%3CNote::ActiveRecord_Relation:0x000000013a738300%3E/notes?page=4" for ::1 at 2025-03-17 14:07:11 +0000
Processing by NotesController#index as HTML
  Parameters: {"page" => "4", "user_id" => "#<Note::ActiveRecord_Relation:0x000000013a738300>"}
  [1m[36mSession Load (0.1ms)[0m  [1m[34mSELECT "sessions".* FROM "sessions" WHERE "sessions"."id" = 4 LIMIT 1 /*action='index',application='Web',controller='notes'*/[0m
  ↳ app/controllers/application_controller.rb:15:in 'ApplicationController#authenticate'
  [1m[36mUser Load (0.0ms)[0m  [1m[34mSELECT "users".* FROM "users" WHERE "users"."id" = 1 LIMIT 1 /*action='index',application='Web',controller='notes'*/[0m
  ↳ app/controllers/application_controller.rb:17:in 'ApplicationController#authenticate'
Error checking database connection: undefined local variable or method 'connection_config' for class Note
  [1m[36mNote Count (0.0ms)[0m  [1m[34mSELECT COUNT(*) FROM "notes" /*action='index',application='Web',controller='notes'*/[0m
  ↳ app/controllers/notes_controller.rb:5:in 'NotesController#index'
  Rendering layout /Users/Matt/.local/share/rbenv/versions/3.4.2/lib/ruby/gems/3.4.0/gems/turbo-rails-2.0.13/app/views/layouts/turbo_rails/frame.html.erb
  Rendering notes/index.html.erb within layouts/turbo_rails/frame
  [1m[36mNote Load (0.1ms)[0m  [1m[34mSELECT "notes".* FROM "notes" ORDER BY "notes"."created_at" DESC LIMIT 8 OFFSET 24 /*action='index',application='Web',controller='notes'*/[0m
  ↳ app/views/notes/index.html.erb:24
  Rendered notes/index.html.erb within layouts/turbo_rails/frame (Duration: 1.2ms | GC: 0.5ms)
  Rendered layout /Users/Matt/.local/share/rbenv/versions/3.4.2/lib/ruby/gems/3.4.0/gems/turbo-rails-2.0.13/app/views/layouts/turbo_rails/frame.html.erb (Duration: 1.3ms | GC: 0.5ms)
Completed 200 OK in 63ms (Views: 1.4ms | ActiveRecord: 0.6ms (4 queries, 0 cached) | GC: 0.5ms)


Started GET "/1/notes?page=4" for ::1 at 2025-03-17 14:07:11 +0000
Processing by NotesController#index as HTML
  Parameters: {"page" => "4", "user_id" => "1"}
  [1m[36mSession Load (0.1ms)[0m  [1m[34mSELECT "sessions".* FROM "sessions" WHERE "sessions"."id" = 4 LIMIT 1 /*action='index',application='Web',controller='notes'*/[0m
  ↳ app/controllers/application_controller.rb:15:in 'ApplicationController#authenticate'
  [1m[36mUser Load (0.0ms)[0m  [1m[34mSELECT "users".* FROM "users" WHERE "users"."id" = 1 LIMIT 1 /*action='index',application='Web',controller='notes'*/[0m
  ↳ app/controllers/application_controller.rb:17:in 'ApplicationController#authenticate'
Error checking database connection: undefined local variable or method 'connection_config' for class Note
  [1m[36mNote Count (0.0ms)[0m  [1m[34mSELECT COUNT(*) FROM "notes" /*action='index',application='Web',controller='notes'*/[0m
  ↳ app/controllers/notes_controller.rb:5:in 'NotesController#index'
  Rendering layout layouts/application.html.erb
  Rendering notes/index.html.erb within layouts/application
  [1m[36mNote Load (0.0ms)[0m  [1m[34mSELECT "notes".* FROM "notes" ORDER BY "notes"."created_at" DESC LIMIT 8 OFFSET 24 /*action='index',application='Web',controller='notes'*/[0m
  ↳ app/views/notes/index.html.erb:24
  Rendered notes/index.html.erb within layouts/application (Duration: 0.6ms | GC: 0.0ms)
  Rendered shared/_header.html.erb (Duration: 0.1ms | GC: 0.0ms)
  Rendered layout layouts/application.html.erb (Duration: 1.0ms | GC: 0.0ms)
Completed 200 OK in 36ms (Views: 1.1ms | ActiveRecord: 0.4ms (4 queries, 0 cached) | GC: 0.0ms)


Started GET "/1/notes?page=4" for ::1 at 2025-03-17 14:07:15 +0000
Processing by NotesController#index as HTML
  Parameters: {"page" => "4", "user_id" => "1"}
  [1m[36mSession Load (0.1ms)[0m  [1m[34mSELECT "sessions".* FROM "sessions" WHERE "sessions"."id" = 4 LIMIT 1 /*action='index',application='Web',controller='notes'*/[0m
  ↳ app/controllers/application_controller.rb:15:in 'ApplicationController#authenticate'
  [1m[36mUser Load (0.0ms)[0m  [1m[34mSELECT "users".* FROM "users" WHERE "users"."id" = 1 LIMIT 1 /*action='index',application='Web',controller='notes'*/[0m
  ↳ app/controllers/application_controller.rb:17:in 'ApplicationController#authenticate'
Error checking database connection: undefined local variable or method 'connection_config' for class Note
  [1m[36mNote Count (0.0ms)[0m  [1m[34mSELECT COUNT(*) FROM "notes" /*action='index',application='Web',controller='notes'*/[0m
  ↳ app/controllers/notes_controller.rb:5:in 'NotesController#index'
  Rendering layout layouts/application.html.erb
  Rendering notes/index.html.erb within layouts/application
  [1m[36mNote Load (0.0ms)[0m  [1m[34mSELECT "notes".* FROM "notes" ORDER BY "notes"."created_at" DESC LIMIT 8 OFFSET 24 /*action='index',application='Web',controller='notes'*/[0m
  ↳ app/views/notes/index.html.erb:24
  Rendered notes/index.html.erb within layouts/application (Duration: 0.6ms | GC: 0.0ms)
  Rendered shared/_header.html.erb (Duration: 0.1ms | GC: 0.0ms)
  Rendered layout layouts/application.html.erb (Duration: 1.2ms | GC: 0.2ms)
Completed 200 OK in 41ms (Views: 1.2ms | ActiveRecord: 0.5ms (4 queries, 0 cached) | GC: 0.2ms)


Started GET "/1/notes?page=1" for ::1 at 2025-03-17 14:07:16 +0000
Processing by NotesController#index as HTML
  Parameters: {"page" => "1", "user_id" => "1"}
  [1m[36mSession Load (0.1ms)[0m  [1m[34mSELECT "sessions".* FROM "sessions" WHERE "sessions"."id" = 4 LIMIT 1 /*action='index',application='Web',controller='notes'*/[0m
  ↳ app/controllers/application_controller.rb:15:in 'ApplicationController#authenticate'
  [1m[36mUser Load (0.0ms)[0m  [1m[34mSELECT "users".* FROM "users" WHERE "users"."id" = 1 LIMIT 1 /*action='index',application='Web',controller='notes'*/[0m
  ↳ app/controllers/application_controller.rb:17:in 'ApplicationController#authenticate'
Error checking database connection: undefined local variable or method 'connection_config' for class Note
  [1m[36mNote Count (0.0ms)[0m  [1m[34mSELECT COUNT(*) FROM "notes" /*action='index',application='Web',controller='notes'*/[0m
  ↳ app/controllers/notes_controller.rb:5:in 'NotesController#index'
  Rendering layout layouts/application.html.erb
  Rendering notes/index.html.erb within layouts/application
  [1m[36mNote Load (0.1ms)[0m  [1m[34mSELECT "notes".* FROM "notes" ORDER BY "notes"."created_at" DESC LIMIT 8 OFFSET 0 /*action='index',application='Web',controller='notes'*/[0m
  ↳ app/views/notes/index.html.erb:24
  Rendered notes/index.html.erb within layouts/application (Duration: 1.4ms | GC: 0.5ms)
  Rendered shared/_header.html.erb (Duration: 0.1ms | GC: 0.0ms)
  Rendered layout layouts/application.html.erb (Duration: 1.9ms | GC: 0.5ms)
Completed 200 OK in 59ms (Views: 2.0ms | ActiveRecord: 0.6ms (4 queries, 0 cached) | GC: 0.5ms)


Started GET "/%23%3CNote::ActiveRecord_Relation:0x000000013ae373e0%3E/notes?page=2" for ::1 at 2025-03-17 14:07:16 +0000
Processing by NotesController#index as HTML
  Parameters: {"page" => "2", "user_id" => "#<Note::ActiveRecord_Relation:0x000000013ae373e0>"}
  [1m[36mSession Load (0.1ms)[0m  [1m[34mSELECT "sessions".* FROM "sessions" WHERE "sessions"."id" = 4 LIMIT 1 /*action='index',application='Web',controller='notes'*/[0m
  ↳ app/controllers/application_controller.rb:15:in 'ApplicationController#authenticate'
  [1m[36mUser Load (0.0ms)[0m  [1m[34mSELECT "users".* FROM "users" WHERE "users"."id" = 1 LIMIT 1 /*action='index',application='Web',controller='notes'*/[0m
  ↳ app/controllers/application_controller.rb:17:in 'ApplicationController#authenticate'
Error checking database connection: undefined local variable or method 'connection_config' for class Note
  [1m[36mNote Count (0.0ms)[0m  [1m[34mSELECT COUNT(*) FROM "notes" /*action='index',application='Web',controller='notes'*/[0m
  ↳ app/controllers/notes_controller.rb:5:in 'NotesController#index'
  Rendering layout /Users/Matt/.local/share/rbenv/versions/3.4.2/lib/ruby/gems/3.4.0/gems/turbo-rails-2.0.13/app/views/layouts/turbo_rails/frame.html.erb
  Rendering notes/index.html.erb within layouts/turbo_rails/frame
  [1m[36mNote Load (0.1ms)[0m  [1m[34mSELECT "notes".* FROM "notes" ORDER BY "notes"."created_at" DESC LIMIT 8 OFFSET 8 /*action='index',application='Web',controller='notes'*/[0m
  ↳ app/views/notes/index.html.erb:24
  Rendered notes/index.html.erb within layouts/turbo_rails/frame (Duration: 0.9ms | GC: 0.0ms)
  Rendered layout /Users/Matt/.local/share/rbenv/versions/3.4.2/lib/ruby/gems/3.4.0/gems/turbo-rails-2.0.13/app/views/layouts/turbo_rails/frame.html.erb (Duration: 1.0ms | GC: 0.0ms)
Completed 200 OK in 63ms (Views: 1.1ms | ActiveRecord: 0.6ms (4 queries, 0 cached) | GC: 0.7ms)


Started GET "/1/notes?page=1" for ::1 at 2025-03-17 14:07:19 +0000
Processing by NotesController#index as HTML
  Parameters: {"page" => "1", "user_id" => "1"}
  [1m[36mSession Load (0.1ms)[0m  [1m[34mSELECT "sessions".* FROM "sessions" WHERE "sessions"."id" = 4 LIMIT 1 /*action='index',application='Web',controller='notes'*/[0m
  ↳ app/controllers/application_controller.rb:15:in 'ApplicationController#authenticate'
  [1m[36mUser Load (0.0ms)[0m  [1m[34mSELECT "users".* FROM "users" WHERE "users"."id" = 1 LIMIT 1 /*action='index',application='Web',controller='notes'*/[0m
  ↳ app/controllers/application_controller.rb:17:in 'ApplicationController#authenticate'
Error checking database connection: undefined local variable or method 'connection_config' for class Note
  [1m[36mNote Count (0.0ms)[0m  [1m[34mSELECT COUNT(*) FROM "notes" /*action='index',application='Web',controller='notes'*/[0m
  ↳ app/controllers/notes_controller.rb:5:in 'NotesController#index'
  Rendering layout layouts/application.html.erb
  Rendering notes/index.html.erb within layouts/application
  [1m[36mNote Load (0.1ms)[0m  [1m[34mSELECT "notes".* FROM "notes" ORDER BY "notes"."created_at" DESC LIMIT 8 OFFSET 0 /*action='index',application='Web',controller='notes'*/[0m
  ↳ app/views/notes/index.html.erb:24
  Rendered notes/index.html.erb within layouts/application (Duration: 1.1ms | GC: 0.2ms)
  Rendered shared/_header.html.erb (Duration: 0.1ms | GC: 0.0ms)
  Rendered layout layouts/application.html.erb (Duration: 1.6ms | GC: 0.2ms)
Completed 200 OK in 60ms (Views: 1.7ms | ActiveRecord: 0.6ms (4 queries, 0 cached) | GC: 0.2ms)


Started GET "/%23%3CNote::ActiveRecord_Relation:0x000000013b0b9b18%3E/notes?page=2" for ::1 at 2025-03-17 14:07:19 +0000
Processing by NotesController#index as HTML
  Parameters: {"page" => "2", "user_id" => "#<Note::ActiveRecord_Relation:0x000000013b0b9b18>"}
  [1m[36mSession Load (0.1ms)[0m  [1m[34mSELECT "sessions".* FROM "sessions" WHERE "sessions"."id" = 4 LIMIT 1 /*action='index',application='Web',controller='notes'*/[0m
  ↳ app/controllers/application_controller.rb:15:in 'ApplicationController#authenticate'
  [1m[36mUser Load (0.0ms)[0m  [1m[34mSELECT "users".* FROM "users" WHERE "users"."id" = 1 LIMIT 1 /*action='index',application='Web',controller='notes'*/[0m
  ↳ app/controllers/application_controller.rb:17:in 'ApplicationController#authenticate'
Error checking database connection: undefined local variable or method 'connection_config' for class Note
  [1m[36mNote Count (0.0ms)[0m  [1m[34mSELECT COUNT(*) FROM "notes" /*action='index',application='Web',controller='notes'*/[0m
  ↳ app/controllers/notes_controller.rb:5:in 'NotesController#index'
  Rendering layout /Users/Matt/.local/share/rbenv/versions/3.4.2/lib/ruby/gems/3.4.0/gems/turbo-rails-2.0.13/app/views/layouts/turbo_rails/frame.html.erb
  Rendering notes/index.html.erb within layouts/turbo_rails/frame
  [1m[36mNote Load (0.1ms)[0m  [1m[34mSELECT "notes".* FROM "notes" ORDER BY "notes"."created_at" DESC LIMIT 8 OFFSET 8 /*action='index',application='Web',controller='notes'*/[0m
  ↳ app/views/notes/index.html.erb:24
  Rendered notes/index.html.erb within layouts/turbo_rails/frame (Duration: 2.5ms | GC: 1.4ms)
  Rendered layout /Users/Matt/.local/share/rbenv/versions/3.4.2/lib/ruby/gems/3.4.0/gems/turbo-rails-2.0.13/app/views/layouts/turbo_rails/frame.html.erb (Duration: 2.7ms | GC: 1.4ms)
Completed 200 OK in 36ms (Views: 2.8ms | ActiveRecord: 0.5ms (4 queries, 0 cached) | GC: 3.5ms)


Started GET "/1/notes?page=1" for ::1 at 2025-03-17 14:07:20 +0000
Processing by NotesController#index as HTML
  Parameters: {"page" => "1", "user_id" => "1"}
  [1m[36mSession Load (0.1ms)[0m  [1m[34mSELECT "sessions".* FROM "sessions" WHERE "sessions"."id" = 4 LIMIT 1 /*action='index',application='Web',controller='notes'*/[0m
  ↳ app/controllers/application_controller.rb:15:in 'ApplicationController#authenticate'
  [1m[36mUser Load (0.0ms)[0m  [1m[34mSELECT "users".* FROM "users" WHERE "users"."id" = 1 LIMIT 1 /*action='index',application='Web',controller='notes'*/[0m
  ↳ app/controllers/application_controller.rb:17:in 'ApplicationController#authenticate'
Error checking database connection: undefined local variable or method 'connection_config' for class Note
  [1m[36mNote Count (0.0ms)[0m  [1m[34mSELECT COUNT(*) FROM "notes" /*action='index',application='Web',controller='notes'*/[0m
  ↳ app/controllers/notes_controller.rb:5:in 'NotesController#index'
  Rendering layout layouts/application.html.erb
  Rendering notes/index.html.erb within layouts/application
  [1m[36mNote Load (0.1ms)[0m  [1m[34mSELECT "notes".* FROM "notes" ORDER BY "notes"."created_at" DESC LIMIT 8 OFFSET 0 /*action='index',application='Web',controller='notes'*/[0m
  ↳ app/views/notes/index.html.erb:24
  Rendered notes/index.html.erb within layouts/application (Duration: 1.2ms | GC: 0.2ms)
  Rendered shared/_header.html.erb (Duration: 0.2ms | GC: 0.0ms)
  Rendered layout layouts/application.html.erb (Duration: 2.9ms | GC: 1.2ms)
Completed 200 OK in 62ms (Views: 3.0ms | ActiveRecord: 0.6ms (4 queries, 0 cached) | GC: 2.2ms)


Started GET "/%23%3CNote::ActiveRecord_Relation:0x000000013d2116f8%3E/notes?page=2" for ::1 at 2025-03-17 14:07:21 +0000
Processing by NotesController#index as HTML
  Parameters: {"page" => "2", "user_id" => "#<Note::ActiveRecord_Relation:0x000000013d2116f8>"}
  [1m[36mSession Load (0.1ms)[0m  [1m[34mSELECT "sessions".* FROM "sessions" WHERE "sessions"."id" = 4 LIMIT 1 /*action='index',application='Web',controller='notes'*/[0m
  ↳ app/controllers/application_controller.rb:15:in 'ApplicationController#authenticate'
  [1m[36mUser Load (0.0ms)[0m  [1m[34mSELECT "users".* FROM "users" WHERE "users"."id" = 1 LIMIT 1 /*action='index',application='Web',controller='notes'*/[0m
  ↳ app/controllers/application_controller.rb:17:in 'ApplicationController#authenticate'
Error checking database connection: undefined local variable or method 'connection_config' for class Note
  [1m[36mNote Count (0.0ms)[0m  [1m[34mSELECT COUNT(*) FROM "notes" /*action='index',application='Web',controller='notes'*/[0m
  ↳ app/controllers/notes_controller.rb:5:in 'NotesController#index'
  Rendering layout /Users/Matt/.local/share/rbenv/versions/3.4.2/lib/ruby/gems/3.4.0/gems/turbo-rails-2.0.13/app/views/layouts/turbo_rails/frame.html.erb
  Rendering notes/index.html.erb within layouts/turbo_rails/frame
  [1m[36mNote Load (0.0ms)[0m  [1m[34mSELECT "notes".* FROM "notes" ORDER BY "notes"."created_at" DESC LIMIT 8 OFFSET 8 /*action='index',application='Web',controller='notes'*/[0m
  ↳ app/views/notes/index.html.erb:24
  Rendered notes/index.html.erb within layouts/turbo_rails/frame (Duration: 1.0ms | GC: 0.3ms)
  Rendered layout /Users/Matt/.local/share/rbenv/versions/3.4.2/lib/ruby/gems/3.4.0/gems/turbo-rails-2.0.13/app/views/layouts/turbo_rails/frame.html.erb (Duration: 1.1ms | GC: 0.3ms)
Completed 200 OK in 30ms (Views: 1.3ms | ActiveRecord: 0.4ms (4 queries, 0 cached) | GC: 0.7ms)


Started GET "/1/notes?page=2" for ::1 at 2025-03-17 14:07:21 +0000
Processing by NotesController#index as HTML
  Parameters: {"page" => "2", "user_id" => "1"}
  [1m[36mSession Load (0.1ms)[0m  [1m[34mSELECT "sessions".* FROM "sessions" WHERE "sessions"."id" = 4 LIMIT 1 /*action='index',application='Web',controller='notes'*/[0m
  ↳ app/controllers/application_controller.rb:15:in 'ApplicationController#authenticate'
  [1m[36mUser Load (0.0ms)[0m  [1m[34mSELECT "users".* FROM "users" WHERE "users"."id" = 1 LIMIT 1 /*action='index',application='Web',controller='notes'*/[0m
  ↳ app/controllers/application_controller.rb:17:in 'ApplicationController#authenticate'
Error checking database connection: undefined local variable or method 'connection_config' for class Note
  [1m[36mNote Count (0.0ms)[0m  [1m[34mSELECT COUNT(*) FROM "notes" /*action='index',application='Web',controller='notes'*/[0m
  ↳ app/controllers/notes_controller.rb:5:in 'NotesController#index'
  Rendering layout layouts/application.html.erb
  Rendering notes/index.html.erb within layouts/application
  [1m[36mNote Load (0.1ms)[0m  [1m[34mSELECT "notes".* FROM "notes" ORDER BY "notes"."created_at" DESC LIMIT 8 OFFSET 8 /*action='index',application='Web',controller='notes'*/[0m
  ↳ app/views/notes/index.html.erb:24
  Rendered notes/index.html.erb within layouts/application (Duration: 1.1ms | GC: 0.2ms)
  Rendered shared/_header.html.erb (Duration: 0.1ms | GC: 0.0ms)
  Rendered layout layouts/application.html.erb (Duration: 1.8ms | GC: 0.4ms)
Completed 200 OK in 60ms (Views: 2.0ms | ActiveRecord: 0.6ms (4 queries, 0 cached) | GC: 1.2ms)


Started GET "/%23%3CNote::ActiveRecord_Relation:0x000000013ced02a0%3E/notes?page=3" for ::1 at 2025-03-17 14:07:21 +0000
Processing by NotesController#index as HTML
  Parameters: {"page" => "3", "user_id" => "#<Note::ActiveRecord_Relation:0x000000013ced02a0>"}
  [1m[36mSession Load (0.1ms)[0m  [1m[34mSELECT "sessions".* FROM "sessions" WHERE "sessions"."id" = 4 LIMIT 1 /*action='index',application='Web',controller='notes'*/[0m
  ↳ app/controllers/application_controller.rb:15:in 'ApplicationController#authenticate'
  [1m[36mUser Load (0.0ms)[0m  [1m[34mSELECT "users".* FROM "users" WHERE "users"."id" = 1 LIMIT 1 /*action='index',application='Web',controller='notes'*/[0m
  ↳ app/controllers/application_controller.rb:17:in 'ApplicationController#authenticate'
Error checking database connection: undefined local variable or method 'connection_config' for class Note
  [1m[36mNote Count (0.0ms)[0m  [1m[34mSELECT COUNT(*) FROM "notes" /*action='index',application='Web',controller='notes'*/[0m
  ↳ app/controllers/notes_controller.rb:5:in 'NotesController#index'
  Rendering layout /Users/Matt/.local/share/rbenv/versions/3.4.2/lib/ruby/gems/3.4.0/gems/turbo-rails-2.0.13/app/views/layouts/turbo_rails/frame.html.erb
  Rendering notes/index.html.erb within layouts/turbo_rails/frame
  [1m[36mNote Load (0.6ms)[0m  [1m[34mSELECT "notes".* FROM "notes" ORDER BY "notes"."created_at" DESC LIMIT 8 OFFSET 16 /*action='index',application='Web',controller='notes'*/[0m
  ↳ app/views/notes/index.html.erb:24
  Rendered notes/index.html.erb within layouts/turbo_rails/frame (Duration: 2.9ms | GC: 1.8ms)
  Rendered layout /Users/Matt/.local/share/rbenv/versions/3.4.2/lib/ruby/gems/3.4.0/gems/turbo-rails-2.0.13/app/views/layouts/turbo_rails/frame.html.erb (Duration: 3.0ms | GC: 1.8ms)
Completed 200 OK in 68ms (Views: 3.2ms | ActiveRecord: 1.2ms (4 queries, 0 cached) | GC: 4.3ms)


Started GET "/1/notes?page=3" for ::1 at 2025-03-17 14:07:21 +0000
Processing by NotesController#index as HTML
  Parameters: {"page" => "3", "user_id" => "1"}
  [1m[36mSession Load (0.1ms)[0m  [1m[34mSELECT "sessions".* FROM "sessions" WHERE "sessions"."id" = 4 LIMIT 1 /*action='index',application='Web',controller='notes'*/[0m
  ↳ app/controllers/application_controller.rb:15:in 'ApplicationController#authenticate'
  [1m[36mUser Load (0.0ms)[0m  [1m[34mSELECT "users".* FROM "users" WHERE "users"."id" = 1 LIMIT 1 /*action='index',application='Web',controller='notes'*/[0m
  ↳ app/controllers/application_controller.rb:17:in 'ApplicationController#authenticate'
Error checking database connection: undefined local variable or method 'connection_config' for class Note
  [1m[36mNote Count (0.0ms)[0m  [1m[34mSELECT COUNT(*) FROM "notes" /*action='index',application='Web',controller='notes'*/[0m
  ↳ app/controllers/notes_controller.rb:5:in 'NotesController#index'
  Rendering layout layouts/application.html.erb
  Rendering notes/index.html.erb within layouts/application
  [1m[36mNote Load (0.1ms)[0m  [1m[34mSELECT "notes".* FROM "notes" ORDER BY "notes"."created_at" DESC LIMIT 8 OFFSET 16 /*action='index',application='Web',controller='notes'*/[0m
  ↳ app/views/notes/index.html.erb:24
  Rendered notes/index.html.erb within layouts/application (Duration: 2.3ms | GC: 1.0ms)
  Rendered shared/_header.html.erb (Duration: 0.1ms | GC: 0.0ms)
  Rendered layout layouts/application.html.erb (Duration: 3.1ms | GC: 1.3ms)
Completed 200 OK in 40ms (Views: 3.5ms | ActiveRecord: 0.5ms (4 queries, 0 cached) | GC: 5.4ms)


Started GET "/%23%3CNote::ActiveRecord_Relation:0x000000013b47eed8%3E/notes?page=4" for ::1 at 2025-03-17 14:07:22 +0000
Processing by NotesController#index as HTML
  Parameters: {"page" => "4", "user_id" => "#<Note::ActiveRecord_Relation:0x000000013b47eed8>"}
  [1m[36mSession Load (0.1ms)[0m  [1m[34mSELECT "sessions".* FROM "sessions" WHERE "sessions"."id" = 4 LIMIT 1 /*action='index',application='Web',controller='notes'*/[0m
  ↳ app/controllers/application_controller.rb:15:in 'ApplicationController#authenticate'
  [1m[36mUser Load (0.0ms)[0m  [1m[34mSELECT "users".* FROM "users" WHERE "users"."id" = 1 LIMIT 1 /*action='index',application='Web',controller='notes'*/[0m
  ↳ app/controllers/application_controller.rb:17:in 'ApplicationController#authenticate'
Error checking database connection: undefined local variable or method 'connection_config' for class Note
  [1m[36mNote Count (0.0ms)[0m  [1m[34mSELECT COUNT(*) FROM "notes" /*action='index',application='Web',controller='notes'*/[0m
  ↳ app/controllers/notes_controller.rb:5:in 'NotesController#index'
  Rendering layout /Users/Matt/.local/share/rbenv/versions/3.4.2/lib/ruby/gems/3.4.0/gems/turbo-rails-2.0.13/app/views/layouts/turbo_rails/frame.html.erb
  Rendering notes/index.html.erb within layouts/turbo_rails/frame
  [1m[36mNote Load (0.1ms)[0m  [1m[34mSELECT "notes".* FROM "notes" ORDER BY "notes"."created_at" DESC LIMIT 8 OFFSET 24 /*action='index',application='Web',controller='notes'*/[0m
  ↳ app/views/notes/index.html.erb:24
  Rendered notes/index.html.erb within layouts/turbo_rails/frame (Duration: 2.3ms | GC: 1.2ms)
  Rendered layout /Users/Matt/.local/share/rbenv/versions/3.4.2/lib/ruby/gems/3.4.0/gems/turbo-rails-2.0.13/app/views/layouts/turbo_rails/frame.html.erb (Duration: 2.4ms | GC: 1.2ms)
Completed 200 OK in 64ms (Views: 2.9ms | ActiveRecord: 0.6ms (4 queries, 0 cached) | GC: 4.3ms)


Started GET "/1/notes?page=4" for ::1 at 2025-03-17 14:07:22 +0000
Processing by NotesController#index as HTML
  Parameters: {"page" => "4", "user_id" => "1"}
  [1m[36mSession Load (0.1ms)[0m  [1m[34mSELECT "sessions".* FROM "sessions" WHERE "sessions"."id" = 4 LIMIT 1 /*action='index',application='Web',controller='notes'*/[0m
  ↳ app/controllers/application_controller.rb:15:in 'ApplicationController#authenticate'
  [1m[36mUser Load (0.1ms)[0m  [1m[34mSELECT "users".* FROM "users" WHERE "users"."id" = 1 LIMIT 1 /*action='index',application='Web',controller='notes'*/[0m
  ↳ app/controllers/application_controller.rb:17:in 'ApplicationController#authenticate'
Error checking database connection: undefined local variable or method 'connection_config' for class Note
  [1m[36mNote Count (0.0ms)[0m  [1m[34mSELECT COUNT(*) FROM "notes" /*action='index',application='Web',controller='notes'*/[0m
  ↳ app/controllers/notes_controller.rb:5:in 'NotesController#index'
  Rendering layout layouts/application.html.erb
  Rendering notes/index.html.erb within layouts/application
  [1m[36mNote Load (0.0ms)[0m  [1m[34mSELECT "notes".* FROM "notes" ORDER BY "notes"."created_at" DESC LIMIT 8 OFFSET 24 /*action='index',application='Web',controller='notes'*/[0m
  ↳ app/views/notes/index.html.erb:24
  Rendered notes/index.html.erb within layouts/application (Duration: 0.5ms | GC: 0.0ms)
  Rendered shared/_header.html.erb (Duration: 0.1ms | GC: 0.0ms)
  Rendered layout layouts/application.html.erb (Duration: 0.9ms | GC: 0.0ms)
Completed 200 OK in 41ms (Views: 1.0ms | ActiveRecord: 0.5ms (4 queries, 0 cached) | GC: 9.0ms)


Started GET "/1/notes?page=4" for ::1 at 2025-03-17 14:28:06 +0000
Processing by NotesController#index as HTML
  Parameters: {"page" => "4", "user_id" => "1"}
  [1m[36mSession Load (1.9ms)[0m  [1m[34mSELECT "sessions".* FROM "sessions" WHERE "sessions"."id" = 4 LIMIT 1 /*action='index',application='Web',controller='notes'*/[0m
  ↳ app/controllers/application_controller.rb:15:in 'ApplicationController#authenticate'
  [1m[36mUser Load (0.3ms)[0m  [1m[34mSELECT "users".* FROM "users" WHERE "users"."id" = 1 LIMIT 1 /*action='index',application='Web',controller='notes'*/[0m
  ↳ app/controllers/application_controller.rb:17:in 'ApplicationController#authenticate'
Error checking database connection: undefined local variable or method 'connection_config' for class Note
  [1m[36mNote Count (0.2ms)[0m  [1m[34mSELECT COUNT(*) FROM "notes" /*action='index',application='Web',controller='notes'*/[0m
  ↳ app/controllers/notes_controller.rb:5:in 'NotesController#index'
  Rendering layout layouts/application.html.erb
  Rendering notes/index.html.erb within layouts/application
  [1m[36mNote Load (0.1ms)[0m  [1m[34mSELECT "notes".* FROM "notes" ORDER BY "notes"."created_at" DESC LIMIT 8 OFFSET 24 /*action='index',application='Web',controller='notes'*/[0m
  ↳ app/views/notes/index.html.erb:24
  Rendered notes/index.html.erb within layouts/application (Duration: 0.9ms | GC: 0.0ms)
  Rendered shared/_header.html.erb (Duration: 0.1ms | GC: 0.0ms)
  Rendered layout layouts/application.html.erb (Duration: 1.4ms | GC: 0.0ms)
Completed 200 OK in 65ms (Views: 1.5ms | ActiveRecord: 2.8ms (4 queries, 0 cached) | GC: 0.0ms)


Started GET "/1/notes?page=3" for ::1 at 2025-03-17 14:28:07 +0000
Processing by NotesController#index as HTML
  Parameters: {"page" => "3", "user_id" => "1"}
  [1m[36mSession Load (0.2ms)[0m  [1m[34mSELECT "sessions".* FROM "sessions" WHERE "sessions"."id" = 4 LIMIT 1 /*action='index',application='Web',controller='notes'*/[0m
  ↳ app/controllers/application_controller.rb:15:in 'ApplicationController#authenticate'
  [1m[36mUser Load (0.0ms)[0m  [1m[34mSELECT "users".* FROM "users" WHERE "users"."id" = 1 LIMIT 1 /*action='index',application='Web',controller='notes'*/[0m
  ↳ app/controllers/application_controller.rb:17:in 'ApplicationController#authenticate'
Error checking database connection: undefined local variable or method 'connection_config' for class Note
  [1m[36mNote Count (0.0ms)[0m  [1m[34mSELECT COUNT(*) FROM "notes" /*action='index',application='Web',controller='notes'*/[0m
  ↳ app/controllers/notes_controller.rb:5:in 'NotesController#index'
  Rendering layout layouts/application.html.erb
  Rendering notes/index.html.erb within layouts/application
  [1m[36mNote Load (0.1ms)[0m  [1m[34mSELECT "notes".* FROM "notes" ORDER BY "notes"."created_at" DESC LIMIT 8 OFFSET 16 /*action='index',application='Web',controller='notes'*/[0m
  ↳ app/views/notes/index.html.erb:24
  Rendered notes/index.html.erb within layouts/application (Duration: 1.5ms | GC: 0.5ms)
  Rendered shared/_header.html.erb (Duration: 0.1ms | GC: 0.0ms)
  Rendered layout layouts/application.html.erb (Duration: 2.0ms | GC: 0.5ms)
Completed 200 OK in 62ms (Views: 2.1ms | ActiveRecord: 0.6ms (4 queries, 0 cached) | GC: 0.5ms)


Started GET "/1/notes?page=1" for ::1 at 2025-03-17 14:28:07 +0000
Processing by NotesController#index as HTML
  Parameters: {"page" => "1", "user_id" => "1"}
  [1m[36mSession Load (0.1ms)[0m  [1m[34mSELECT "sessions".* FROM "sessions" WHERE "sessions"."id" = 4 LIMIT 1 /*action='index',application='Web',controller='notes'*/[0m
  ↳ app/controllers/application_controller.rb:15:in 'ApplicationController#authenticate'
  [1m[36mUser Load (0.0ms)[0m  [1m[34mSELECT "users".* FROM "users" WHERE "users"."id" = 1 LIMIT 1 /*action='index',application='Web',controller='notes'*/[0m
  ↳ app/controllers/application_controller.rb:17:in 'ApplicationController#authenticate'
Error checking database connection: undefined local variable or method 'connection_config' for class Note
  [1m[36mNote Count (0.0ms)[0m  [1m[34mSELECT COUNT(*) FROM "notes" /*action='index',application='Web',controller='notes'*/[0m
  ↳ app/controllers/notes_controller.rb:5:in 'NotesController#index'
  Rendering layout layouts/application.html.erb
  Rendering notes/index.html.erb within layouts/application
  [1m[36mNote Load (0.1ms)[0m  [1m[34mSELECT "notes".* FROM "notes" ORDER BY "notes"."created_at" DESC LIMIT 8 OFFSET 0 /*action='index',application='Web',controller='notes'*/[0m
  ↳ app/views/notes/index.html.erb:24
  Rendered notes/index.html.erb within layouts/application (Duration: 0.9ms | GC: 0.0ms)
  Rendered shared/_header.html.erb (Duration: 0.1ms | GC: 0.0ms)
  Rendered layout layouts/application.html.erb (Duration: 1.4ms | GC: 0.0ms)
Completed 200 OK in 56ms (Views: 1.5ms | ActiveRecord: 0.6ms (4 queries, 0 cached) | GC: 0.0ms)


Started GET "/%23%3CNote::ActiveRecord_Relation:0x000000013ca53c18%3E/notes?page=2" for ::1 at 2025-03-17 14:28:07 +0000
Processing by NotesController#index as HTML
  Parameters: {"page" => "2", "user_id" => "#<Note::ActiveRecord_Relation:0x000000013ca53c18>"}
  [1m[36mSession Load (0.1ms)[0m  [1m[34mSELECT "sessions".* FROM "sessions" WHERE "sessions"."id" = 4 LIMIT 1 /*action='index',application='Web',controller='notes'*/[0m
  ↳ app/controllers/application_controller.rb:15:in 'ApplicationController#authenticate'
  [1m[36mUser Load (0.0ms)[0m  [1m[34mSELECT "users".* FROM "users" WHERE "users"."id" = 1 LIMIT 1 /*action='index',application='Web',controller='notes'*/[0m
  ↳ app/controllers/application_controller.rb:17:in 'ApplicationController#authenticate'
Error checking database connection: undefined local variable or method 'connection_config' for class Note
  [1m[36mNote Count (0.0ms)[0m  [1m[34mSELECT COUNT(*) FROM "notes" /*action='index',application='Web',controller='notes'*/[0m
  ↳ app/controllers/notes_controller.rb:5:in 'NotesController#index'
  Rendering layout /Users/Matt/.local/share/rbenv/versions/3.4.2/lib/ruby/gems/3.4.0/gems/turbo-rails-2.0.13/app/views/layouts/turbo_rails/frame.html.erb
  Rendering notes/index.html.erb within layouts/turbo_rails/frame
  [1m[36mNote Load (0.1ms)[0m  [1m[34mSELECT "notes".* FROM "notes" ORDER BY "notes"."created_at" DESC LIMIT 8 OFFSET 8 /*action='index',application='Web',controller='notes'*/[0m
  ↳ app/views/notes/index.html.erb:24
  Rendered notes/index.html.erb within layouts/turbo_rails/frame (Duration: 1.0ms | GC: 0.0ms)
  Rendered layout /Users/Matt/.local/share/rbenv/versions/3.4.2/lib/ruby/gems/3.4.0/gems/turbo-rails-2.0.13/app/views/layouts/turbo_rails/frame.html.erb (Duration: 1.1ms | GC: 0.0ms)
Completed 200 OK in 58ms (Views: 1.2ms | ActiveRecord: 0.6ms (4 queries, 0 cached) | GC: 0.1ms)


Started GET "/1/notes?page=2" for ::1 at 2025-03-17 14:28:09 +0000
Processing by NotesController#index as HTML
  Parameters: {"page" => "2", "user_id" => "1"}
  [1m[36mSession Load (0.2ms)[0m  [1m[34mSELECT "sessions".* FROM "sessions" WHERE "sessions"."id" = 4 LIMIT 1 /*action='index',application='Web',controller='notes'*/[0m
  ↳ app/controllers/application_controller.rb:15:in 'ApplicationController#authenticate'
  [1m[36mUser Load (0.1ms)[0m  [1m[34mSELECT "users".* FROM "users" WHERE "users"."id" = 1 LIMIT 1 /*action='index',application='Web',controller='notes'*/[0m
  ↳ app/controllers/application_controller.rb:17:in 'ApplicationController#authenticate'
Error checking database connection: undefined local variable or method 'connection_config' for class Note
  [1m[36mNote Count (0.0ms)[0m  [1m[34mSELECT COUNT(*) FROM "notes" /*action='index',application='Web',controller='notes'*/[0m
  ↳ app/controllers/notes_controller.rb:5:in 'NotesController#index'
  Rendering layout layouts/application.html.erb
  Rendering notes/index.html.erb within layouts/application
  [1m[36mNote Load (0.1ms)[0m  [1m[34mSELECT "notes".* FROM "notes" ORDER BY "notes"."created_at" DESC LIMIT 8 OFFSET 8 /*action='index',application='Web',controller='notes'*/[0m
  ↳ app/views/notes/index.html.erb:24
  Rendered notes/index.html.erb within layouts/application (Duration: 0.9ms | GC: 0.1ms)
  Rendered shared/_header.html.erb (Duration: 0.1ms | GC: 0.0ms)
  Rendered layout layouts/application.html.erb (Duration: 1.4ms | GC: 0.1ms)
Completed 200 OK in 47ms (Views: 1.5ms | ActiveRecord: 0.8ms (4 queries, 0 cached) | GC: 0.1ms)


Started GET "/%23%3CNote::ActiveRecord_Relation:0x000000013c57a0c0%3E/notes?page=3" for ::1 at 2025-03-17 14:28:09 +0000
Processing by NotesController#index as HTML
  Parameters: {"page" => "3", "user_id" => "#<Note::ActiveRecord_Relation:0x000000013c57a0c0>"}
  [1m[36mSession Load (0.1ms)[0m  [1m[34mSELECT "sessions".* FROM "sessions" WHERE "sessions"."id" = 4 LIMIT 1 /*action='index',application='Web',controller='notes'*/[0m
  ↳ app/controllers/application_controller.rb:15:in 'ApplicationController#authenticate'
  [1m[36mUser Load (0.0ms)[0m  [1m[34mSELECT "users".* FROM "users" WHERE "users"."id" = 1 LIMIT 1 /*action='index',application='Web',controller='notes'*/[0m
  ↳ app/controllers/application_controller.rb:17:in 'ApplicationController#authenticate'
Error checking database connection: undefined local variable or method 'connection_config' for class Note
  [1m[36mNote Count (0.0ms)[0m  [1m[34mSELECT COUNT(*) FROM "notes" /*action='index',application='Web',controller='notes'*/[0m
  ↳ app/controllers/notes_controller.rb:5:in 'NotesController#index'
  Rendering layout /Users/Matt/.local/share/rbenv/versions/3.4.2/lib/ruby/gems/3.4.0/gems/turbo-rails-2.0.13/app/views/layouts/turbo_rails/frame.html.erb
  Rendering notes/index.html.erb within layouts/turbo_rails/frame
  [1m[36mNote Load (0.1ms)[0m  [1m[34mSELECT "notes".* FROM "notes" ORDER BY "notes"."created_at" DESC LIMIT 8 OFFSET 16 /*action='index',application='Web',controller='notes'*/[0m
  ↳ app/views/notes/index.html.erb:24
  Rendered notes/index.html.erb within layouts/turbo_rails/frame (Duration: 1.0ms | GC: 0.0ms)
  Rendered layout /Users/Matt/.local/share/rbenv/versions/3.4.2/lib/ruby/gems/3.4.0/gems/turbo-rails-2.0.13/app/views/layouts/turbo_rails/frame.html.erb (Duration: 1.1ms | GC: 0.0ms)
Completed 200 OK in 47ms (Views: 1.2ms | ActiveRecord: 0.5ms (4 queries, 0 cached) | GC: 0.0ms)


Started GET "/1/notes?page=3" for ::1 at 2025-03-17 14:28:09 +0000
Processing by NotesController#index as HTML
  Parameters: {"page" => "3", "user_id" => "1"}
  [1m[36mSession Load (0.1ms)[0m  [1m[34mSELECT "sessions".* FROM "sessions" WHERE "sessions"."id" = 4 LIMIT 1 /*action='index',application='Web',controller='notes'*/[0m
  ↳ app/controllers/application_controller.rb:15:in 'ApplicationController#authenticate'
  [1m[36mUser Load (0.0ms)[0m  [1m[34mSELECT "users".* FROM "users" WHERE "users"."id" = 1 LIMIT 1 /*action='index',application='Web',controller='notes'*/[0m
  ↳ app/controllers/application_controller.rb:17:in 'ApplicationController#authenticate'
Error checking database connection: undefined local variable or method 'connection_config' for class Note
  [1m[36mNote Count (0.0ms)[0m  [1m[34mSELECT COUNT(*) FROM "notes" /*action='index',application='Web',controller='notes'*/[0m
  ↳ app/controllers/notes_controller.rb:5:in 'NotesController#index'
  Rendering layout layouts/application.html.erb
  Rendering notes/index.html.erb within layouts/application
  [1m[36mNote Load (0.1ms)[0m  [1m[34mSELECT "notes".* FROM "notes" ORDER BY "notes"."created_at" DESC LIMIT 8 OFFSET 16 /*action='index',application='Web',controller='notes'*/[0m
  ↳ app/views/notes/index.html.erb:24
  Rendered notes/index.html.erb within layouts/application (Duration: 0.8ms | GC: 0.0ms)
  Rendered shared/_header.html.erb (Duration: 0.1ms | GC: 0.0ms)
  Rendered layout layouts/application.html.erb (Duration: 1.3ms | GC: 0.0ms)
Completed 200 OK in 52ms (Views: 1.4ms | ActiveRecord: 0.5ms (4 queries, 0 cached) | GC: 0.1ms)


Started GET "/%23%3CNote::ActiveRecord_Relation:0x000000013bdbdd50%3E/notes?page=4" for ::1 at 2025-03-17 14:28:09 +0000
Processing by NotesController#index as HTML
  Parameters: {"page" => "4", "user_id" => "#<Note::ActiveRecord_Relation:0x000000013bdbdd50>"}
  [1m[36mSession Load (0.1ms)[0m  [1m[34mSELECT "sessions".* FROM "sessions" WHERE "sessions"."id" = 4 LIMIT 1 /*action='index',application='Web',controller='notes'*/[0m
  ↳ app/controllers/application_controller.rb:15:in 'ApplicationController#authenticate'
  [1m[36mUser Load (0.0ms)[0m  [1m[34mSELECT "users".* FROM "users" WHERE "users"."id" = 1 LIMIT 1 /*action='index',application='Web',controller='notes'*/[0m
  ↳ app/controllers/application_controller.rb:17:in 'ApplicationController#authenticate'
Error checking database connection: undefined local variable or method 'connection_config' for class Note
  [1m[36mNote Count (0.0ms)[0m  [1m[34mSELECT COUNT(*) FROM "notes" /*action='index',application='Web',controller='notes'*/[0m
  ↳ app/controllers/notes_controller.rb:5:in 'NotesController#index'
  Rendering layout /Users/Matt/.local/share/rbenv/versions/3.4.2/lib/ruby/gems/3.4.0/gems/turbo-rails-2.0.13/app/views/layouts/turbo_rails/frame.html.erb
  Rendering notes/index.html.erb within layouts/turbo_rails/frame
  [1m[36mNote Load (0.1ms)[0m  [1m[34mSELECT "notes".* FROM "notes" ORDER BY "notes"."created_at" DESC LIMIT 8 OFFSET 24 /*action='index',application='Web',controller='notes'*/[0m
  ↳ app/views/notes/index.html.erb:24
  Rendered notes/index.html.erb within layouts/turbo_rails/frame (Duration: 1.1ms | GC: 0.0ms)
  Rendered layout /Users/Matt/.local/share/rbenv/versions/3.4.2/lib/ruby/gems/3.4.0/gems/turbo-rails-2.0.13/app/views/layouts/turbo_rails/frame.html.erb (Duration: 1.1ms | GC: 0.0ms)
Completed 200 OK in 48ms (Views: 1.3ms | ActiveRecord: 0.5ms (4 queries, 0 cached) | GC: 0.1ms)


Started GET "/1/notes?page=4" for ::1 at 2025-03-17 14:28:10 +0000
Processing by NotesController#index as HTML
  Parameters: {"page" => "4", "user_id" => "1"}
  [1m[36mSession Load (0.1ms)[0m  [1m[34mSELECT "sessions".* FROM "sessions" WHERE "sessions"."id" = 4 LIMIT 1 /*action='index',application='Web',controller='notes'*/[0m
  ↳ app/controllers/application_controller.rb:15:in 'ApplicationController#authenticate'
  [1m[36mUser Load (0.0ms)[0m  [1m[34mSELECT "users".* FROM "users" WHERE "users"."id" = 1 LIMIT 1 /*action='index',application='Web',controller='notes'*/[0m
  ↳ app/controllers/application_controller.rb:17:in 'ApplicationController#authenticate'
Error checking database connection: undefined local variable or method 'connection_config' for class Note
  [1m[36mNote Count (0.1ms)[0m  [1m[34mSELECT COUNT(*) FROM "notes" /*action='index',application='Web',controller='notes'*/[0m
  ↳ app/controllers/notes_controller.rb:5:in 'NotesController#index'
  Rendering layout layouts/application.html.erb
  Rendering notes/index.html.erb within layouts/application
  [1m[36mNote Load (0.1ms)[0m  [1m[34mSELECT "notes".* FROM "notes" ORDER BY "notes"."created_at" DESC LIMIT 8 OFFSET 24 /*action='index',application='Web',controller='notes'*/[0m
  ↳ app/views/notes/index.html.erb:24
  Rendered notes/index.html.erb within layouts/application (Duration: 0.8ms | GC: 0.0ms)
  Rendered shared/_header.html.erb (Duration: 0.1ms | GC: 0.0ms)
  Rendered layout layouts/application.html.erb (Duration: 1.3ms | GC: 0.0ms)
Completed 200 OK in 48ms (Views: 1.4ms | ActiveRecord: 0.8ms (4 queries, 0 cached) | GC: 2.3ms)


Started GET "/1/notes/new" for ::1 at 2025-03-17 14:28:11 +0000
Processing by NotesController#new as HTML
  Parameters: {"user_id" => "1"}
  [1m[36mSession Load (0.1ms)[0m  [1m[34mSELECT "sessions".* FROM "sessions" WHERE "sessions"."id" = 4 LIMIT 1 /*action='new',application='Web',controller='notes'*/[0m
  ↳ app/controllers/application_controller.rb:15:in 'ApplicationController#authenticate'
  [1m[36mUser Load (0.0ms)[0m  [1m[34mSELECT "users".* FROM "users" WHERE "users"."id" = 1 LIMIT 1 /*action='new',application='Web',controller='notes'*/[0m
  ↳ app/controllers/application_controller.rb:17:in 'ApplicationController#authenticate'
Error checking database connection: undefined local variable or method 'connection_config' for class Note
  Rendering layout layouts/application.html.erb
  Rendering notes/new.html.erb within layouts/application
  Rendered notes/_form.html.erb (Duration: 7.2ms | GC: 0.0ms)
  Rendered notes/new.html.erb within layouts/application (Duration: 7.9ms | GC: 0.0ms)
  Rendered shared/_header.html.erb (Duration: 0.1ms | GC: 0.0ms)
  Rendered layout layouts/application.html.erb (Duration: 9.0ms | GC: 0.0ms)
Completed 200 OK in 64ms (Views: 10.5ms | ActiveRecord: 0.4ms (2 queries, 0 cached) | GC: 0.0ms)


Started GET "/1/notes?page=1" for ::1 at 2025-03-17 14:28:11 +0000
Processing by NotesController#index as HTML
  Parameters: {"page" => "1", "user_id" => "1"}
  [1m[36mSession Load (0.1ms)[0m  [1m[34mSELECT "sessions".* FROM "sessions" WHERE "sessions"."id" = 4 LIMIT 1 /*action='index',application='Web',controller='notes'*/[0m
  ↳ app/controllers/application_controller.rb:15:in 'ApplicationController#authenticate'
  [1m[36mUser Load (0.0ms)[0m  [1m[34mSELECT "users".* FROM "users" WHERE "users"."id" = 1 LIMIT 1 /*action='index',application='Web',controller='notes'*/[0m
  ↳ app/controllers/application_controller.rb:17:in 'ApplicationController#authenticate'
Error checking database connection: undefined local variable or method 'connection_config' for class Note
  [1m[36mNote Count (0.0ms)[0m  [1m[34mSELECT COUNT(*) FROM "notes" /*action='index',application='Web',controller='notes'*/[0m
  ↳ app/controllers/notes_controller.rb:5:in 'NotesController#index'
  Rendering layout layouts/application.html.erb
  Rendering notes/index.html.erb within layouts/application
  [1m[36mNote Load (0.1ms)[0m  [1m[34mSELECT "notes".* FROM "notes" ORDER BY "notes"."created_at" DESC LIMIT 8 OFFSET 0 /*action='index',application='Web',controller='notes'*/[0m
  ↳ app/views/notes/index.html.erb:24
  Rendered notes/index.html.erb within layouts/application (Duration: 0.9ms | GC: 0.0ms)
  Rendered shared/_header.html.erb (Duration: 0.1ms | GC: 0.0ms)
  Rendered layout layouts/application.html.erb (Duration: 1.4ms | GC: 0.0ms)
Completed 200 OK in 68ms (Views: 2.8ms | ActiveRecord: 0.6ms (4 queries, 0 cached) | GC: 0.0ms)


Started GET "/%23%3CNote::ActiveRecord_Relation:0x000000013b19f6e0%3E/notes?page=2" for ::1 at 2025-03-17 14:28:12 +0000
Processing by NotesController#index as HTML
  Parameters: {"page" => "2", "user_id" => "#<Note::ActiveRecord_Relation:0x000000013b19f6e0>"}
  [1m[36mSession Load (0.1ms)[0m  [1m[34mSELECT "sessions".* FROM "sessions" WHERE "sessions"."id" = 4 LIMIT 1 /*action='index',application='Web',controller='notes'*/[0m
  ↳ app/controllers/application_controller.rb:15:in 'ApplicationController#authenticate'
  [1m[36mUser Load (0.0ms)[0m  [1m[34mSELECT "users".* FROM "users" WHERE "users"."id" = 1 LIMIT 1 /*action='index',application='Web',controller='notes'*/[0m
  ↳ app/controllers/application_controller.rb:17:in 'ApplicationController#authenticate'
Error checking database connection: undefined local variable or method 'connection_config' for class Note
  [1m[36mNote Count (0.0ms)[0m  [1m[34mSELECT COUNT(*) FROM "notes" /*action='index',application='Web',controller='notes'*/[0m
  ↳ app/controllers/notes_controller.rb:5:in 'NotesController#index'
  Rendering layout /Users/Matt/.local/share/rbenv/versions/3.4.2/lib/ruby/gems/3.4.0/gems/turbo-rails-2.0.13/app/views/layouts/turbo_rails/frame.html.erb
  Rendering notes/index.html.erb within layouts/turbo_rails/frame
  [1m[36mNote Load (0.1ms)[0m  [1m[34mSELECT "notes".* FROM "notes" ORDER BY "notes"."created_at" DESC LIMIT 8 OFFSET 8 /*action='index',application='Web',controller='notes'*/[0m
  ↳ app/views/notes/index.html.erb:24
  Rendered notes/index.html.erb within layouts/turbo_rails/frame (Duration: 3.7ms | GC: 0.0ms)
  Rendered layout /Users/Matt/.local/share/rbenv/versions/3.4.2/lib/ruby/gems/3.4.0/gems/turbo-rails-2.0.13/app/views/layouts/turbo_rails/frame.html.erb (Duration: 3.8ms | GC: 0.0ms)
Completed 200 OK in 46ms (Views: 4.0ms | ActiveRecord: 0.5ms (4 queries, 0 cached) | GC: 0.0ms)


Started GET "/1/notes?page=4" for ::1 at 2025-03-17 14:28:12 +0000
Processing by NotesController#index as HTML
  Parameters: {"page" => "4", "user_id" => "1"}
  [1m[36mSession Load (0.1ms)[0m  [1m[34mSELECT "sessions".* FROM "sessions" WHERE "sessions"."id" = 4 LIMIT 1 /*action='index',application='Web',controller='notes'*/[0m
  ↳ app/controllers/application_controller.rb:15:in 'ApplicationController#authenticate'
  [1m[36mUser Load (0.0ms)[0m  [1m[34mSELECT "users".* FROM "users" WHERE "users"."id" = 1 LIMIT 1 /*action='index',application='Web',controller='notes'*/[0m
  ↳ app/controllers/application_controller.rb:17:in 'ApplicationController#authenticate'
Error checking database connection: undefined local variable or method 'connection_config' for class Note
  [1m[36mNote Count (0.0ms)[0m  [1m[34mSELECT COUNT(*) FROM "notes" /*action='index',application='Web',controller='notes'*/[0m
  ↳ app/controllers/notes_controller.rb:5:in 'NotesController#index'
  Rendering layout layouts/application.html.erb
  Rendering notes/index.html.erb within layouts/application
  [1m[36mNote Load (0.1ms)[0m  [1m[34mSELECT "notes".* FROM "notes" ORDER BY "notes"."created_at" DESC LIMIT 8 OFFSET 24 /*action='index',application='Web',controller='notes'*/[0m
  ↳ app/views/notes/index.html.erb:24
  Rendered notes/index.html.erb within layouts/application (Duration: 0.7ms | GC: 0.0ms)
  Rendered shared/_header.html.erb (Duration: 0.1ms | GC: 0.0ms)
  Rendered layout layouts/application.html.erb (Duration: 1.2ms | GC: 0.0ms)
Completed 200 OK in 52ms (Views: 1.3ms | ActiveRecord: 0.5ms (4 queries, 0 cached) | GC: 0.0ms)


Started GET "/1/notes?page=1" for ::1 at 2025-03-17 14:28:13 +0000
Processing by NotesController#index as HTML
  Parameters: {"page" => "1", "user_id" => "1"}
  [1m[36mSession Load (0.1ms)[0m  [1m[34mSELECT "sessions".* FROM "sessions" WHERE "sessions"."id" = 4 LIMIT 1 /*action='index',application='Web',controller='notes'*/[0m
  ↳ app/controllers/application_controller.rb:15:in 'ApplicationController#authenticate'
  [1m[36mUser Load (0.0ms)[0m  [1m[34mSELECT "users".* FROM "users" WHERE "users"."id" = 1 LIMIT 1 /*action='index',application='Web',controller='notes'*/[0m
  ↳ app/controllers/application_controller.rb:17:in 'ApplicationController#authenticate'
Error checking database connection: undefined local variable or method 'connection_config' for class Note
  [1m[36mNote Count (0.0ms)[0m  [1m[34mSELECT COUNT(*) FROM "notes" /*action='index',application='Web',controller='notes'*/[0m
  ↳ app/controllers/notes_controller.rb:5:in 'NotesController#index'
  Rendering layout layouts/application.html.erb
  Rendering notes/index.html.erb within layouts/application
  [1m[36mNote Load (0.1ms)[0m  [1m[34mSELECT "notes".* FROM "notes" ORDER BY "notes"."created_at" DESC LIMIT 8 OFFSET 0 /*action='index',application='Web',controller='notes'*/[0m
  ↳ app/views/notes/index.html.erb:24
  Rendered notes/index.html.erb within layouts/application (Duration: 0.8ms | GC: 0.0ms)
  Rendered shared/_header.html.erb (Duration: 0.1ms | GC: 0.0ms)
  Rendered layout layouts/application.html.erb (Duration: 1.3ms | GC: 0.0ms)
Completed 200 OK in 56ms (Views: 1.4ms | ActiveRecord: 0.6ms (4 queries, 0 cached) | GC: 0.0ms)


Started GET "/%23%3CNote::ActiveRecord_Relation:0x000000013a878ad0%3E/notes?page=2" for ::1 at 2025-03-17 14:28:13 +0000
Processing by NotesController#index as HTML
  Parameters: {"page" => "2", "user_id" => "#<Note::ActiveRecord_Relation:0x000000013a878ad0>"}
  [1m[36mSession Load (0.1ms)[0m  [1m[34mSELECT "sessions".* FROM "sessions" WHERE "sessions"."id" = 4 LIMIT 1 /*action='index',application='Web',controller='notes'*/[0m
  ↳ app/controllers/application_controller.rb:15:in 'ApplicationController#authenticate'
  [1m[36mUser Load (0.0ms)[0m  [1m[34mSELECT "users".* FROM "users" WHERE "users"."id" = 1 LIMIT 1 /*action='index',application='Web',controller='notes'*/[0m
  ↳ app/controllers/application_controller.rb:17:in 'ApplicationController#authenticate'
Error checking database connection: undefined local variable or method 'connection_config' for class Note
  [1m[36mNote Count (0.0ms)[0m  [1m[34mSELECT COUNT(*) FROM "notes" /*action='index',application='Web',controller='notes'*/[0m
  ↳ app/controllers/notes_controller.rb:5:in 'NotesController#index'
  Rendering layout /Users/Matt/.local/share/rbenv/versions/3.4.2/lib/ruby/gems/3.4.0/gems/turbo-rails-2.0.13/app/views/layouts/turbo_rails/frame.html.erb
  Rendering notes/index.html.erb within layouts/turbo_rails/frame
  [1m[36mNote Load (0.1ms)[0m  [1m[34mSELECT "notes".* FROM "notes" ORDER BY "notes"."created_at" DESC LIMIT 8 OFFSET 8 /*action='index',application='Web',controller='notes'*/[0m
  ↳ app/views/notes/index.html.erb:24
  Rendered notes/index.html.erb within layouts/turbo_rails/frame (Duration: 0.9ms | GC: 0.0ms)
  Rendered layout /Users/Matt/.local/share/rbenv/versions/3.4.2/lib/ruby/gems/3.4.0/gems/turbo-rails-2.0.13/app/views/layouts/turbo_rails/frame.html.erb (Duration: 0.9ms | GC: 0.0ms)
Completed 200 OK in 64ms (Views: 1.0ms | ActiveRecord: 0.6ms (4 queries, 0 cached) | GC: 0.0ms)


Started GET "/1/notes?page=2" for ::1 at 2025-03-17 14:28:15 +0000
Processing by NotesController#index as HTML
  Parameters: {"page" => "2", "user_id" => "1"}
  [1m[36mSession Load (0.1ms)[0m  [1m[34mSELECT "sessions".* FROM "sessions" WHERE "sessions"."id" = 4 LIMIT 1 /*action='index',application='Web',controller='notes'*/[0m
  ↳ app/controllers/application_controller.rb:15:in 'ApplicationController#authenticate'
  [1m[36mUser Load (0.0ms)[0m  [1m[34mSELECT "users".* FROM "users" WHERE "users"."id" = 1 LIMIT 1 /*action='index',application='Web',controller='notes'*/[0m
  ↳ app/controllers/application_controller.rb:17:in 'ApplicationController#authenticate'
Error checking database connection: undefined local variable or method 'connection_config' for class Note
  [1m[36mNote Count (0.0ms)[0m  [1m[34mSELECT COUNT(*) FROM "notes" /*action='index',application='Web',controller='notes'*/[0m
  ↳ app/controllers/notes_controller.rb:5:in 'NotesController#index'
  Rendering layout layouts/application.html.erb
  Rendering notes/index.html.erb within layouts/application
  [1m[36mNote Load (0.1ms)[0m  [1m[34mSELECT "notes".* FROM "notes" ORDER BY "notes"."created_at" DESC LIMIT 8 OFFSET 8 /*action='index',application='Web',controller='notes'*/[0m
  ↳ app/views/notes/index.html.erb:24
  Rendered notes/index.html.erb within layouts/application (Duration: 6.3ms | GC: 5.3ms)
  Rendered shared/_header.html.erb (Duration: 0.1ms | GC: 0.0ms)
  Rendered layout layouts/application.html.erb (Duration: 6.8ms | GC: 5.3ms)
Completed 200 OK in 63ms (Views: 6.9ms | ActiveRecord: 0.6ms (4 queries, 0 cached) | GC: 5.3ms)


Started GET "/%23%3CNote::ActiveRecord_Relation:0x000000012499da20%3E/notes?page=3" for ::1 at 2025-03-17 14:28:15 +0000
Processing by NotesController#index as HTML
  Parameters: {"page" => "3", "user_id" => "#<Note::ActiveRecord_Relation:0x000000012499da20>"}
  [1m[36mSession Load (0.1ms)[0m  [1m[34mSELECT "sessions".* FROM "sessions" WHERE "sessions"."id" = 4 LIMIT 1 /*action='index',application='Web',controller='notes'*/[0m
  ↳ app/controllers/application_controller.rb:15:in 'ApplicationController#authenticate'
  [1m[36mUser Load (0.0ms)[0m  [1m[34mSELECT "users".* FROM "users" WHERE "users"."id" = 1 LIMIT 1 /*action='index',application='Web',controller='notes'*/[0m
  ↳ app/controllers/application_controller.rb:17:in 'ApplicationController#authenticate'
Error checking database connection: undefined local variable or method 'connection_config' for class Note
  [1m[36mNote Count (0.0ms)[0m  [1m[34mSELECT COUNT(*) FROM "notes" /*action='index',application='Web',controller='notes'*/[0m
  ↳ app/controllers/notes_controller.rb:5:in 'NotesController#index'
  Rendering layout /Users/Matt/.local/share/rbenv/versions/3.4.2/lib/ruby/gems/3.4.0/gems/turbo-rails-2.0.13/app/views/layouts/turbo_rails/frame.html.erb
  Rendering notes/index.html.erb within layouts/turbo_rails/frame
  [1m[36mNote Load (0.1ms)[0m  [1m[34mSELECT "notes".* FROM "notes" ORDER BY "notes"."created_at" DESC LIMIT 8 OFFSET 16 /*action='index',application='Web',controller='notes'*/[0m
  ↳ app/views/notes/index.html.erb:24
  Rendered notes/index.html.erb within layouts/turbo_rails/frame (Duration: 0.8ms | GC: 0.0ms)
  Rendered layout /Users/Matt/.local/share/rbenv/versions/3.4.2/lib/ruby/gems/3.4.0/gems/turbo-rails-2.0.13/app/views/layouts/turbo_rails/frame.html.erb (Duration: 0.8ms | GC: 0.0ms)
Completed 200 OK in 35ms (Views: 0.9ms | ActiveRecord: 0.4ms (4 queries, 0 cached) | GC: 0.3ms)


Started GET "/1/notes?page=3" for ::1 at 2025-03-17 14:28:15 +0000
Processing by NotesController#index as HTML
  Parameters: {"page" => "3", "user_id" => "1"}
  [1m[36mSession Load (0.1ms)[0m  [1m[34mSELECT "sessions".* FROM "sessions" WHERE "sessions"."id" = 4 LIMIT 1 /*action='index',application='Web',controller='notes'*/[0m
  ↳ app/controllers/application_controller.rb:15:in 'ApplicationController#authenticate'
  [1m[36mUser Load (0.0ms)[0m  [1m[34mSELECT "users".* FROM "users" WHERE "users"."id" = 1 LIMIT 1 /*action='index',application='Web',controller='notes'*/[0m
  ↳ app/controllers/application_controller.rb:17:in 'ApplicationController#authenticate'
Error checking database connection: undefined local variable or method 'connection_config' for class Note
  [1m[36mNote Count (0.0ms)[0m  [1m[34mSELECT COUNT(*) FROM "notes" /*action='index',application='Web',controller='notes'*/[0m
  ↳ app/controllers/notes_controller.rb:5:in 'NotesController#index'
  Rendering layout layouts/application.html.erb
  Rendering notes/index.html.erb within layouts/application
  [1m[36mNote Load (0.1ms)[0m  [1m[34mSELECT "notes".* FROM "notes" ORDER BY "notes"."created_at" DESC LIMIT 8 OFFSET 16 /*action='index',application='Web',controller='notes'*/[0m
  ↳ app/views/notes/index.html.erb:24
  Rendered notes/index.html.erb within layouts/application (Duration: 0.7ms | GC: 0.0ms)
  Rendered shared/_header.html.erb (Duration: 0.1ms | GC: 0.0ms)
  Rendered layout layouts/application.html.erb (Duration: 1.1ms | GC: 0.0ms)
Completed 200 OK in 32ms (Views: 1.2ms | ActiveRecord: 0.5ms (4 queries, 0 cached) | GC: 0.2ms)


Started GET "/%23%3CNote::ActiveRecord_Relation:0x000000013a9967c8%3E/notes?page=4" for ::1 at 2025-03-17 14:28:16 +0000
Processing by NotesController#index as HTML
  Parameters: {"page" => "4", "user_id" => "#<Note::ActiveRecord_Relation:0x000000013a9967c8>"}
  [1m[36mSession Load (0.1ms)[0m  [1m[34mSELECT "sessions".* FROM "sessions" WHERE "sessions"."id" = 4 LIMIT 1 /*action='index',application='Web',controller='notes'*/[0m
  ↳ app/controllers/application_controller.rb:15:in 'ApplicationController#authenticate'
  [1m[36mUser Load (0.0ms)[0m  [1m[34mSELECT "users".* FROM "users" WHERE "users"."id" = 1 LIMIT 1 /*action='index',application='Web',controller='notes'*/[0m
  ↳ app/controllers/application_controller.rb:17:in 'ApplicationController#authenticate'
Error checking database connection: undefined local variable or method 'connection_config' for class Note
  [1m[36mNote Count (0.0ms)[0m  [1m[34mSELECT COUNT(*) FROM "notes" /*action='index',application='Web',controller='notes'*/[0m
  ↳ app/controllers/notes_controller.rb:5:in 'NotesController#index'
  Rendering layout /Users/Matt/.local/share/rbenv/versions/3.4.2/lib/ruby/gems/3.4.0/gems/turbo-rails-2.0.13/app/views/layouts/turbo_rails/frame.html.erb
  Rendering notes/index.html.erb within layouts/turbo_rails/frame
  [1m[36mNote Load (0.1ms)[0m  [1m[34mSELECT "notes".* FROM "notes" ORDER BY "notes"."created_at" DESC LIMIT 8 OFFSET 24 /*action='index',application='Web',controller='notes'*/[0m
  ↳ app/views/notes/index.html.erb:24
  Rendered notes/index.html.erb within layouts/turbo_rails/frame (Duration: 0.6ms | GC: 0.0ms)
  Rendered layout /Users/Matt/.local/share/rbenv/versions/3.4.2/lib/ruby/gems/3.4.0/gems/turbo-rails-2.0.13/app/views/layouts/turbo_rails/frame.html.erb (Duration: 0.7ms | GC: 0.0ms)
Completed 200 OK in 41ms (Views: 0.7ms | ActiveRecord: 0.5ms (4 queries, 0 cached) | GC: 0.0ms)


Started GET "/1/notes?page=4" for ::1 at 2025-03-17 14:28:16 +0000
Processing by NotesController#index as HTML
  Parameters: {"page" => "4", "user_id" => "1"}
  [1m[36mSession Load (0.1ms)[0m  [1m[34mSELECT "sessions".* FROM "sessions" WHERE "sessions"."id" = 4 LIMIT 1 /*action='index',application='Web',controller='notes'*/[0m
  ↳ app/controllers/application_controller.rb:15:in 'ApplicationController#authenticate'
  [1m[36mUser Load (0.0ms)[0m  [1m[34mSELECT "users".* FROM "users" WHERE "users"."id" = 1 LIMIT 1 /*action='index',application='Web',controller='notes'*/[0m
  ↳ app/controllers/application_controller.rb:17:in 'ApplicationController#authenticate'
Error checking database connection: undefined local variable or method 'connection_config' for class Note
  [1m[36mNote Count (0.0ms)[0m  [1m[34mSELECT COUNT(*) FROM "notes" /*action='index',application='Web',controller='notes'*/[0m
  ↳ app/controllers/notes_controller.rb:5:in 'NotesController#index'
  Rendering layout layouts/application.html.erb
  Rendering notes/index.html.erb within layouts/application
  [1m[36mNote Load (0.0ms)[0m  [1m[34mSELECT "notes".* FROM "notes" ORDER BY "notes"."created_at" DESC LIMIT 8 OFFSET 24 /*action='index',application='Web',controller='notes'*/[0m
  ↳ app/views/notes/index.html.erb:24
  Rendered notes/index.html.erb within layouts/application (Duration: 0.5ms | GC: 0.0ms)
  Rendered shared/_header.html.erb (Duration: 0.2ms | GC: 0.2ms)
  Rendered layout layouts/application.html.erb (Duration: 1.0ms | GC: 0.2ms)
Completed 200 OK in 33ms (Views: 1.1ms | ActiveRecord: 0.4ms (4 queries, 0 cached) | GC: 0.2ms)


Started GET "/1/notes?page=2" for ::1 at 2025-03-17 14:28:17 +0000
Processing by NotesController#index as HTML
  Parameters: {"page" => "2", "user_id" => "1"}
  [1m[36mSession Load (0.1ms)[0m  [1m[34mSELECT "sessions".* FROM "sessions" WHERE "sessions"."id" = 4 LIMIT 1 /*action='index',application='Web',controller='notes'*/[0m
  ↳ app/controllers/application_controller.rb:15:in 'ApplicationController#authenticate'
  [1m[36mUser Load (0.0ms)[0m  [1m[34mSELECT "users".* FROM "users" WHERE "users"."id" = 1 LIMIT 1 /*action='index',application='Web',controller='notes'*/[0m
  ↳ app/controllers/application_controller.rb:17:in 'ApplicationController#authenticate'
Error checking database connection: undefined local variable or method 'connection_config' for class Note
  [1m[36mNote Count (0.0ms)[0m  [1m[34mSELECT COUNT(*) FROM "notes" /*action='index',application='Web',controller='notes'*/[0m
  ↳ app/controllers/notes_controller.rb:5:in 'NotesController#index'
  Rendering layout layouts/application.html.erb
  Rendering notes/index.html.erb within layouts/application
  [1m[36mNote Load (0.1ms)[0m  [1m[34mSELECT "notes".* FROM "notes" ORDER BY "notes"."created_at" DESC LIMIT 8 OFFSET 8 /*action='index',application='Web',controller='notes'*/[0m
  ↳ app/views/notes/index.html.erb:24
  Rendered notes/index.html.erb within layouts/application (Duration: 1.1ms | GC: 0.2ms)
  Rendered shared/_header.html.erb (Duration: 0.1ms | GC: 0.0ms)
  Rendered layout layouts/application.html.erb (Duration: 1.6ms | GC: 0.2ms)
Completed 200 OK in 61ms (Views: 1.7ms | ActiveRecord: 0.6ms (4 queries, 0 cached) | GC: 0.2ms)


Started GET "/%23%3CNote::ActiveRecord_Relation:0x000000013b5d6a60%3E/notes?page=3" for ::1 at 2025-03-17 14:28:17 +0000
Processing by NotesController#index as HTML
  Parameters: {"page" => "3", "user_id" => "#<Note::ActiveRecord_Relation:0x000000013b5d6a60>"}
  [1m[36mSession Load (0.1ms)[0m  [1m[34mSELECT "sessions".* FROM "sessions" WHERE "sessions"."id" = 4 LIMIT 1 /*action='index',application='Web',controller='notes'*/[0m
  ↳ app/controllers/application_controller.rb:15:in 'ApplicationController#authenticate'
  [1m[36mUser Load (0.0ms)[0m  [1m[34mSELECT "users".* FROM "users" WHERE "users"."id" = 1 LIMIT 1 /*action='index',application='Web',controller='notes'*/[0m
  ↳ app/controllers/application_controller.rb:17:in 'ApplicationController#authenticate'
Error checking database connection: undefined local variable or method 'connection_config' for class Note
  [1m[36mNote Count (0.0ms)[0m  [1m[34mSELECT COUNT(*) FROM "notes" /*action='index',application='Web',controller='notes'*/[0m
  ↳ app/controllers/notes_controller.rb:5:in 'NotesController#index'
  Rendering layout /Users/Matt/.local/share/rbenv/versions/3.4.2/lib/ruby/gems/3.4.0/gems/turbo-rails-2.0.13/app/views/layouts/turbo_rails/frame.html.erb
  Rendering notes/index.html.erb within layouts/turbo_rails/frame
  [1m[36mNote Load (0.1ms)[0m  [1m[34mSELECT "notes".* FROM "notes" ORDER BY "notes"."created_at" DESC LIMIT 8 OFFSET 16 /*action='index',application='Web',controller='notes'*/[0m
  ↳ app/views/notes/index.html.erb:24
  Rendered notes/index.html.erb within layouts/turbo_rails/frame (Duration: 1.3ms | GC: 0.3ms)
  Rendered layout /Users/Matt/.local/share/rbenv/versions/3.4.2/lib/ruby/gems/3.4.0/gems/turbo-rails-2.0.13/app/views/layouts/turbo_rails/frame.html.erb (Duration: 1.4ms | GC: 0.3ms)
Completed 200 OK in 64ms (Views: 1.5ms | ActiveRecord: 0.7ms (4 queries, 0 cached) | GC: 0.3ms)


Started GET "/1/notes?page=1" for ::1 at 2025-03-17 14:28:17 +0000
Processing by NotesController#index as HTML
  Parameters: {"page" => "1", "user_id" => "1"}
  [1m[36mSession Load (0.1ms)[0m  [1m[34mSELECT "sessions".* FROM "sessions" WHERE "sessions"."id" = 4 LIMIT 1 /*action='index',application='Web',controller='notes'*/[0m
  ↳ app/controllers/application_controller.rb:15:in 'ApplicationController#authenticate'
  [1m[36mUser Load (0.0ms)[0m  [1m[34mSELECT "users".* FROM "users" WHERE "users"."id" = 1 LIMIT 1 /*action='index',application='Web',controller='notes'*/[0m
  ↳ app/controllers/application_controller.rb:17:in 'ApplicationController#authenticate'
Error checking database connection: undefined local variable or method 'connection_config' for class Note
  [1m[36mNote Count (0.2ms)[0m  [1m[34mSELECT COUNT(*) FROM "notes" /*action='index',application='Web',controller='notes'*/[0m
  ↳ app/controllers/notes_controller.rb:5:in 'NotesController#index'
  Rendering layout layouts/application.html.erb
  Rendering notes/index.html.erb within layouts/application
  [1m[36mNote Load (0.0ms)[0m  [1m[34mSELECT "notes".* FROM "notes" ORDER BY "notes"."created_at" DESC LIMIT 8 OFFSET 0 /*action='index',application='Web',controller='notes'*/[0m
  ↳ app/views/notes/index.html.erb:24
  Rendered notes/index.html.erb within layouts/application (Duration: 1.0ms | GC: 0.0ms)
  Rendered shared/_header.html.erb (Duration: 0.1ms | GC: 0.0ms)
  Rendered layout layouts/application.html.erb (Duration: 1.4ms | GC: 0.0ms)
Completed 200 OK in 29ms (Views: 1.5ms | ActiveRecord: 0.6ms (4 queries, 0 cached) | GC: 0.2ms)


Started GET "/1/notes?page=1" for ::1 at 2025-03-17 14:28:17 +0000
Processing by NotesController#index as HTML
  Parameters: {"page" => "1", "user_id" => "1"}
  [1m[36mSession Load (0.1ms)[0m  [1m[34mSELECT "sessions".* FROM "sessions" WHERE "sessions"."id" = 4 LIMIT 1 /*action='index',application='Web',controller='notes'*/[0m
  ↳ app/controllers/application_controller.rb:15:in 'ApplicationController#authenticate'
  [1m[36mUser Load (0.0ms)[0m  [1m[34mSELECT "users".* FROM "users" WHERE "users"."id" = 1 LIMIT 1 /*action='index',application='Web',controller='notes'*/[0m
  ↳ app/controllers/application_controller.rb:17:in 'ApplicationController#authenticate'
Error checking database connection: undefined local variable or method 'connection_config' for class Note
  [1m[36mNote Count (0.0ms)[0m  [1m[34mSELECT COUNT(*) FROM "notes" /*action='index',application='Web',controller='notes'*/[0m
  ↳ app/controllers/notes_controller.rb:5:in 'NotesController#index'
  Rendering layout layouts/application.html.erb
  Rendering notes/index.html.erb within layouts/application
  [1m[36mNote Load (0.1ms)[0m  [1m[34mSELECT "notes".* FROM "notes" ORDER BY "notes"."created_at" DESC LIMIT 8 OFFSET 0 /*action='index',application='Web',controller='notes'*/[0m
  ↳ app/views/notes/index.html.erb:24
  Rendered notes/index.html.erb within layouts/application (Duration: 0.9ms | GC: 0.0ms)
  Rendered shared/_header.html.erb (Duration: 0.1ms | GC: 0.0ms)
  Rendered layout layouts/application.html.erb (Duration: 1.4ms | GC: 0.0ms)
Completed 200 OK in 59ms (Views: 1.4ms | ActiveRecord: 0.6ms (4 queries, 0 cached) | GC: 0.3ms)


Started GET "/%23%3CNote::ActiveRecord_Relation:0x000000013c699258%3E/notes?page=2" for ::1 at 2025-03-17 14:28:18 +0000
Processing by NotesController#index as HTML
  Parameters: {"page" => "2", "user_id" => "#<Note::ActiveRecord_Relation:0x000000013c699258>"}
  [1m[36mSession Load (0.1ms)[0m  [1m[34mSELECT "sessions".* FROM "sessions" WHERE "sessions"."id" = 4 LIMIT 1 /*action='index',application='Web',controller='notes'*/[0m
  ↳ app/controllers/application_controller.rb:15:in 'ApplicationController#authenticate'
  [1m[36mUser Load (0.0ms)[0m  [1m[34mSELECT "users".* FROM "users" WHERE "users"."id" = 1 LIMIT 1 /*action='index',application='Web',controller='notes'*/[0m
  ↳ app/controllers/application_controller.rb:17:in 'ApplicationController#authenticate'
Error checking database connection: undefined local variable or method 'connection_config' for class Note
  [1m[36mNote Count (0.0ms)[0m  [1m[34mSELECT COUNT(*) FROM "notes" /*action='index',application='Web',controller='notes'*/[0m
  ↳ app/controllers/notes_controller.rb:5:in 'NotesController#index'
  Rendering layout /Users/Matt/.local/share/rbenv/versions/3.4.2/lib/ruby/gems/3.4.0/gems/turbo-rails-2.0.13/app/views/layouts/turbo_rails/frame.html.erb
  Rendering notes/index.html.erb within layouts/turbo_rails/frame
  [1m[36mNote Load (0.0ms)[0m  [1m[34mSELECT "notes".* FROM "notes" ORDER BY "notes"."created_at" DESC LIMIT 8 OFFSET 8 /*action='index',application='Web',controller='notes'*/[0m
  ↳ app/views/notes/index.html.erb:24
  Rendered notes/index.html.erb within layouts/turbo_rails/frame (Duration: 1.0ms | GC: 0.2ms)
  Rendered layout /Users/Matt/.local/share/rbenv/versions/3.4.2/lib/ruby/gems/3.4.0/gems/turbo-rails-2.0.13/app/views/layouts/turbo_rails/frame.html.erb (Duration: 1.1ms | GC: 0.2ms)
Completed 200 OK in 49ms (Views: 1.2ms | ActiveRecord: 0.5ms (4 queries, 0 cached) | GC: 0.2ms)


Started GET "/1/notes?page=1" for ::1 at 2025-03-17 14:28:21 +0000
Processing by NotesController#index as HTML
  Parameters: {"page" => "1", "user_id" => "1"}
  [1m[36mSession Load (0.1ms)[0m  [1m[34mSELECT "sessions".* FROM "sessions" WHERE "sessions"."id" = 4 LIMIT 1 /*action='index',application='Web',controller='notes'*/[0m
  ↳ app/controllers/application_controller.rb:15:in 'ApplicationController#authenticate'
  [1m[36mUser Load (0.0ms)[0m  [1m[34mSELECT "users".* FROM "users" WHERE "users"."id" = 1 LIMIT 1 /*action='index',application='Web',controller='notes'*/[0m
  ↳ app/controllers/application_controller.rb:17:in 'ApplicationController#authenticate'
Error checking database connection: undefined local variable or method 'connection_config' for class Note
  [1m[36mNote Count (0.0ms)[0m  [1m[34mSELECT COUNT(*) FROM "notes" /*action='index',application='Web',controller='notes'*/[0m
  ↳ app/controllers/notes_controller.rb:5:in 'NotesController#index'
  Rendering layout layouts/application.html.erb
  Rendering notes/index.html.erb within layouts/application
  [1m[36mNote Load (0.1ms)[0m  [1m[34mSELECT "notes".* FROM "notes" ORDER BY "notes"."created_at" DESC LIMIT 8 OFFSET 0 /*action='index',application='Web',controller='notes'*/[0m
  ↳ app/views/notes/index.html.erb:24
  Rendered notes/index.html.erb within layouts/application (Duration: 1.0ms | GC: 0.0ms)
  Rendered shared/_header.html.erb (Duration: 0.1ms | GC: 0.0ms)
  Rendered layout layouts/application.html.erb (Duration: 1.4ms | GC: 0.0ms)
Completed 200 OK in 61ms (Views: 1.5ms | ActiveRecord: 0.6ms (4 queries, 0 cached) | GC: 0.3ms)


Started GET "/%23%3CNote::ActiveRecord_Relation:0x000000013cd73f38%3E/notes?page=2" for ::1 at 2025-03-17 14:28:21 +0000
Processing by NotesController#index as HTML
  Parameters: {"page" => "2", "user_id" => "#<Note::ActiveRecord_Relation:0x000000013cd73f38>"}
  [1m[36mSession Load (0.1ms)[0m  [1m[34mSELECT "sessions".* FROM "sessions" WHERE "sessions"."id" = 4 LIMIT 1 /*action='index',application='Web',controller='notes'*/[0m
  ↳ app/controllers/application_controller.rb:15:in 'ApplicationController#authenticate'
  [1m[36mUser Load (0.0ms)[0m  [1m[34mSELECT "users".* FROM "users" WHERE "users"."id" = 1 LIMIT 1 /*action='index',application='Web',controller='notes'*/[0m
  ↳ app/controllers/application_controller.rb:17:in 'ApplicationController#authenticate'
Error checking database connection: undefined local variable or method 'connection_config' for class Note
  [1m[36mNote Count (0.0ms)[0m  [1m[34mSELECT COUNT(*) FROM "notes" /*action='index',application='Web',controller='notes'*/[0m
  ↳ app/controllers/notes_controller.rb:5:in 'NotesController#index'
  Rendering layout /Users/Matt/.local/share/rbenv/versions/3.4.2/lib/ruby/gems/3.4.0/gems/turbo-rails-2.0.13/app/views/layouts/turbo_rails/frame.html.erb
  Rendering notes/index.html.erb within layouts/turbo_rails/frame
  [1m[36mNote Load (0.1ms)[0m  [1m[34mSELECT "notes".* FROM "notes" ORDER BY "notes"."created_at" DESC LIMIT 8 OFFSET 8 /*action='index',application='Web',controller='notes'*/[0m
  ↳ app/views/notes/index.html.erb:24
  Rendered notes/index.html.erb within layouts/turbo_rails/frame (Duration: 0.8ms | GC: 0.0ms)
  Rendered layout /Users/Matt/.local/share/rbenv/versions/3.4.2/lib/ruby/gems/3.4.0/gems/turbo-rails-2.0.13/app/views/layouts/turbo_rails/frame.html.erb (Duration: 0.9ms | GC: 0.0ms)
Completed 200 OK in 31ms (Views: 0.9ms | ActiveRecord: 0.4ms (4 queries, 0 cached) | GC: 0.2ms)


Started GET "/1/notes?page=2" for ::1 at 2025-03-17 14:28:21 +0000
Processing by NotesController#index as HTML
  Parameters: {"page" => "2", "user_id" => "1"}
  [1m[36mSession Load (0.1ms)[0m  [1m[34mSELECT "sessions".* FROM "sessions" WHERE "sessions"."id" = 4 LIMIT 1 /*action='index',application='Web',controller='notes'*/[0m
  ↳ app/controllers/application_controller.rb:15:in 'ApplicationController#authenticate'
  [1m[36mUser Load (0.0ms)[0m  [1m[34mSELECT "users".* FROM "users" WHERE "users"."id" = 1 LIMIT 1 /*action='index',application='Web',controller='notes'*/[0m
  ↳ app/controllers/application_controller.rb:17:in 'ApplicationController#authenticate'
Error checking database connection: undefined local variable or method 'connection_config' for class Note
  [1m[36mNote Count (0.0ms)[0m  [1m[34mSELECT COUNT(*) FROM "notes" /*action='index',application='Web',controller='notes'*/[0m
  ↳ app/controllers/notes_controller.rb:5:in 'NotesController#index'
  Rendering layout layouts/application.html.erb
  Rendering notes/index.html.erb within layouts/application
  [1m[36mNote Load (0.1ms)[0m  [1m[34mSELECT "notes".* FROM "notes" ORDER BY "notes"."created_at" DESC LIMIT 8 OFFSET 8 /*action='index',application='Web',controller='notes'*/[0m
  ↳ app/views/notes/index.html.erb:24
  Rendered notes/index.html.erb within layouts/application (Duration: 0.9ms | GC: 0.0ms)
  Rendered shared/_header.html.erb (Duration: 0.1ms | GC: 0.0ms)
  Rendered layout layouts/application.html.erb (Duration: 1.4ms | GC: 0.0ms)
Completed 200 OK in 63ms (Views: 1.5ms | ActiveRecord: 0.6ms (4 queries, 0 cached) | GC: 2.0ms)


Started GET "/1/notes?page=1" for ::1 at 2025-03-17 14:28:24 +0000
Processing by NotesController#index as HTML
  Parameters: {"page" => "1", "user_id" => "1"}
  [1m[36mSession Load (0.1ms)[0m  [1m[34mSELECT "sessions".* FROM "sessions" WHERE "sessions"."id" = 4 LIMIT 1 /*action='index',application='Web',controller='notes'*/[0m
  ↳ app/controllers/application_controller.rb:15:in 'ApplicationController#authenticate'
  [1m[36mUser Load (0.0ms)[0m  [1m[34mSELECT "users".* FROM "users" WHERE "users"."id" = 1 LIMIT 1 /*action='index',application='Web',controller='notes'*/[0m
  ↳ app/controllers/application_controller.rb:17:in 'ApplicationController#authenticate'
Error checking database connection: undefined local variable or method 'connection_config' for class Note
  [1m[36mNote Count (0.0ms)[0m  [1m[34mSELECT COUNT(*) FROM "notes" /*action='index',application='Web',controller='notes'*/[0m
  ↳ app/controllers/notes_controller.rb:5:in 'NotesController#index'
  Rendering layout layouts/application.html.erb
  Rendering notes/index.html.erb within layouts/application
  [1m[36mNote Load (0.1ms)[0m  [1m[34mSELECT "notes".* FROM "notes" ORDER BY "notes"."created_at" DESC LIMIT 8 OFFSET 0 /*action='index',application='Web',controller='notes'*/[0m
  ↳ app/views/notes/index.html.erb:24
  Rendered notes/index.html.erb within layouts/application (Duration: 0.9ms | GC: 0.0ms)
  Rendered shared/_header.html.erb (Duration: 2.5ms | GC: 0.0ms)
  Rendered layout layouts/application.html.erb (Duration: 9.4ms | GC: 0.0ms)
Completed 200 OK in 73ms (Views: 9.5ms | ActiveRecord: 0.6ms (4 queries, 0 cached) | GC: 0.0ms)


Started GET "/%23%3CNote::ActiveRecord_Relation:0x000000013c83ad28%3E/notes?page=2" for ::1 at 2025-03-17 14:28:24 +0000
Processing by NotesController#index as HTML
  Parameters: {"page" => "2", "user_id" => "#<Note::ActiveRecord_Relation:0x000000013c83ad28>"}
  [1m[36mSession Load (0.1ms)[0m  [1m[34mSELECT "sessions".* FROM "sessions" WHERE "sessions"."id" = 4 LIMIT 1 /*action='index',application='Web',controller='notes'*/[0m
  ↳ app/controllers/application_controller.rb:15:in 'ApplicationController#authenticate'
  [1m[36mUser Load (0.0ms)[0m  [1m[34mSELECT "users".* FROM "users" WHERE "users"."id" = 1 LIMIT 1 /*action='index',application='Web',controller='notes'*/[0m
  ↳ app/controllers/application_controller.rb:17:in 'ApplicationController#authenticate'
Error checking database connection: undefined local variable or method 'connection_config' for class Note
  [1m[36mNote Count (0.0ms)[0m  [1m[34mSELECT COUNT(*) FROM "notes" /*action='index',application='Web',controller='notes'*/[0m
  ↳ app/controllers/notes_controller.rb:5:in 'NotesController#index'
  Rendering layout /Users/Matt/.local/share/rbenv/versions/3.4.2/lib/ruby/gems/3.4.0/gems/turbo-rails-2.0.13/app/views/layouts/turbo_rails/frame.html.erb
  Rendering notes/index.html.erb within layouts/turbo_rails/frame
  [1m[36mNote Load (0.0ms)[0m  [1m[34mSELECT "notes".* FROM "notes" ORDER BY "notes"."created_at" DESC LIMIT 8 OFFSET 8 /*action='index',application='Web',controller='notes'*/[0m
  ↳ app/views/notes/index.html.erb:24
  Rendered notes/index.html.erb within layouts/turbo_rails/frame (Duration: 0.7ms | GC: 0.0ms)
  Rendered layout /Users/Matt/.local/share/rbenv/versions/3.4.2/lib/ruby/gems/3.4.0/gems/turbo-rails-2.0.13/app/views/layouts/turbo_rails/frame.html.erb (Duration: 0.8ms | GC: 0.0ms)
Completed 200 OK in 30ms (Views: 0.8ms | ActiveRecord: 0.4ms (4 queries, 0 cached) | GC: 0.0ms)


Started GET "/1/notes?page=1" for ::1 at 2025-03-17 14:28:25 +0000
Processing by NotesController#index as HTML
  Parameters: {"page" => "1", "user_id" => "1"}
  [1m[36mSession Load (0.1ms)[0m  [1m[34mSELECT "sessions".* FROM "sessions" WHERE "sessions"."id" = 4 LIMIT 1 /*action='index',application='Web',controller='notes'*/[0m
  ↳ app/controllers/application_controller.rb:15:in 'ApplicationController#authenticate'
  [1m[36mUser Load (0.0ms)[0m  [1m[34mSELECT "users".* FROM "users" WHERE "users"."id" = 1 LIMIT 1 /*action='index',application='Web',controller='notes'*/[0m
  ↳ app/controllers/application_controller.rb:17:in 'ApplicationController#authenticate'
Error checking database connection: undefined local variable or method 'connection_config' for class Note
  [1m[36mNote Count (0.0ms)[0m  [1m[34mSELECT COUNT(*) FROM "notes" /*action='index',application='Web',controller='notes'*/[0m
  ↳ app/controllers/notes_controller.rb:5:in 'NotesController#index'
  Rendering layout layouts/application.html.erb
  Rendering notes/index.html.erb within layouts/application
  [1m[36mNote Load (0.1ms)[0m  [1m[34mSELECT "notes".* FROM "notes" ORDER BY "notes"."created_at" DESC LIMIT 8 OFFSET 0 /*action='index',application='Web',controller='notes'*/[0m
  ↳ app/views/notes/index.html.erb:24
  Rendered notes/index.html.erb within layouts/application (Duration: 0.9ms | GC: 0.0ms)
  Rendered shared/_header.html.erb (Duration: 0.3ms | GC: 0.0ms)
  Rendered layout layouts/application.html.erb (Duration: 1.6ms | GC: 0.0ms)
Completed 200 OK in 57ms (Views: 1.7ms | ActiveRecord: 0.6ms (4 queries, 0 cached) | GC: 0.0ms)


Started GET "/%23%3CNote::ActiveRecord_Relation:0x000000013bcfc4e8%3E/notes?page=2" for ::1 at 2025-03-17 14:28:26 +0000
Processing by NotesController#index as HTML
  Parameters: {"page" => "2", "user_id" => "#<Note::ActiveRecord_Relation:0x000000013bcfc4e8>"}
  [1m[36mSession Load (0.1ms)[0m  [1m[34mSELECT "sessions".* FROM "sessions" WHERE "sessions"."id" = 4 LIMIT 1 /*action='index',application='Web',controller='notes'*/[0m
  ↳ app/controllers/application_controller.rb:15:in 'ApplicationController#authenticate'
  [1m[36mUser Load (0.0ms)[0m  [1m[34mSELECT "users".* FROM "users" WHERE "users"."id" = 1 LIMIT 1 /*action='index',application='Web',controller='notes'*/[0m
  ↳ app/controllers/application_controller.rb:17:in 'ApplicationController#authenticate'
Error checking database connection: undefined local variable or method 'connection_config' for class Note
  [1m[36mNote Count (0.0ms)[0m  [1m[34mSELECT COUNT(*) FROM "notes" /*action='index',application='Web',controller='notes'*/[0m
  ↳ app/controllers/notes_controller.rb:5:in 'NotesController#index'
  Rendering layout /Users/Matt/.local/share/rbenv/versions/3.4.2/lib/ruby/gems/3.4.0/gems/turbo-rails-2.0.13/app/views/layouts/turbo_rails/frame.html.erb
  Rendering notes/index.html.erb within layouts/turbo_rails/frame
  [1m[36mNote Load (0.0ms)[0m  [1m[34mSELECT "notes".* FROM "notes" ORDER BY "notes"."created_at" DESC LIMIT 8 OFFSET 8 /*action='index',application='Web',controller='notes'*/[0m
  ↳ app/views/notes/index.html.erb:24
  Rendered notes/index.html.erb within layouts/turbo_rails/frame (Duration: 0.7ms | GC: 0.0ms)
  Rendered layout /Users/Matt/.local/share/rbenv/versions/3.4.2/lib/ruby/gems/3.4.0/gems/turbo-rails-2.0.13/app/views/layouts/turbo_rails/frame.html.erb (Duration: 0.7ms | GC: 0.0ms)
Completed 200 OK in 31ms (Views: 0.8ms | ActiveRecord: 0.4ms (4 queries, 0 cached) | GC: 0.0ms)


Started GET "/1/notes?page=1" for ::1 at 2025-03-17 14:28:26 +0000
Processing by NotesController#index as HTML
  Parameters: {"page" => "1", "user_id" => "1"}
  [1m[36mSession Load (0.1ms)[0m  [1m[34mSELECT "sessions".* FROM "sessions" WHERE "sessions"."id" = 4 LIMIT 1 /*action='index',application='Web',controller='notes'*/[0m
  ↳ app/controllers/application_controller.rb:15:in 'ApplicationController#authenticate'
  [1m[36mUser Load (0.0ms)[0m  [1m[34mSELECT "users".* FROM "users" WHERE "users"."id" = 1 LIMIT 1 /*action='index',application='Web',controller='notes'*/[0m
  ↳ app/controllers/application_controller.rb:17:in 'ApplicationController#authenticate'
Error checking database connection: undefined local variable or method 'connection_config' for class Note
  [1m[36mNote Count (0.0ms)[0m  [1m[34mSELECT COUNT(*) FROM "notes" /*action='index',application='Web',controller='notes'*/[0m
  ↳ app/controllers/notes_controller.rb:5:in 'NotesController#index'
  Rendering layout layouts/application.html.erb
  Rendering notes/index.html.erb within layouts/application
  [1m[36mNote Load (0.0ms)[0m  [1m[34mSELECT "notes".* FROM "notes" ORDER BY "notes"."created_at" DESC LIMIT 8 OFFSET 0 /*action='index',application='Web',controller='notes'*/[0m
  ↳ app/views/notes/index.html.erb:24
  Rendered notes/index.html.erb within layouts/application (Duration: 0.7ms | GC: 0.0ms)
  Rendered shared/_header.html.erb (Duration: 0.1ms | GC: 0.0ms)
  Rendered layout layouts/application.html.erb (Duration: 1.1ms | GC: 0.0ms)
Completed 200 OK in 38ms (Views: 1.1ms | ActiveRecord: 0.4ms (4 queries, 0 cached) | GC: 0.0ms)


Started GET "/%23%3CNote::ActiveRecord_Relation:0x000000013af78f38%3E/notes?page=2" for ::1 at 2025-03-17 14:28:26 +0000
Processing by NotesController#index as HTML
  Parameters: {"page" => "2", "user_id" => "#<Note::ActiveRecord_Relation:0x000000013af78f38>"}
  [1m[36mSession Load (0.1ms)[0m  [1m[34mSELECT "sessions".* FROM "sessions" WHERE "sessions"."id" = 4 LIMIT 1 /*action='index',application='Web',controller='notes'*/[0m
  ↳ app/controllers/application_controller.rb:15:in 'ApplicationController#authenticate'
  [1m[36mUser Load (0.0ms)[0m  [1m[34mSELECT "users".* FROM "users" WHERE "users"."id" = 1 LIMIT 1 /*action='index',application='Web',controller='notes'*/[0m
  ↳ app/controllers/application_controller.rb:17:in 'ApplicationController#authenticate'
Error checking database connection: undefined local variable or method 'connection_config' for class Note
  [1m[36mNote Count (0.0ms)[0m  [1m[34mSELECT COUNT(*) FROM "notes" /*action='index',application='Web',controller='notes'*/[0m
  ↳ app/controllers/notes_controller.rb:5:in 'NotesController#index'
  Rendering layout /Users/Matt/.local/share/rbenv/versions/3.4.2/lib/ruby/gems/3.4.0/gems/turbo-rails-2.0.13/app/views/layouts/turbo_rails/frame.html.erb
  Rendering notes/index.html.erb within layouts/turbo_rails/frame
  [1m[36mNote Load (0.0ms)[0m  [1m[34mSELECT "notes".* FROM "notes" ORDER BY "notes"."created_at" DESC LIMIT 8 OFFSET 8 /*action='index',application='Web',controller='notes'*/[0m
  ↳ app/views/notes/index.html.erb:24
  Rendered notes/index.html.erb within layouts/turbo_rails/frame (Duration: 0.7ms | GC: 0.0ms)
  Rendered layout /Users/Matt/.local/share/rbenv/versions/3.4.2/lib/ruby/gems/3.4.0/gems/turbo-rails-2.0.13/app/views/layouts/turbo_rails/frame.html.erb (Duration: 0.8ms | GC: 0.0ms)
Completed 200 OK in 28ms (Views: 0.8ms | ActiveRecord: 0.4ms (4 queries, 0 cached) | GC: 0.0ms)


Started GET "/1/notes?page=1" for ::1 at 2025-03-17 14:28:26 +0000
Processing by NotesController#index as HTML
  Parameters: {"page" => "1", "user_id" => "1"}
  [1m[36mSession Load (0.1ms)[0m  [1m[34mSELECT "sessions".* FROM "sessions" WHERE "sessions"."id" = 4 LIMIT 1 /*action='index',application='Web',controller='notes'*/[0m
  ↳ app/controllers/application_controller.rb:15:in 'ApplicationController#authenticate'
  [1m[36mUser Load (0.0ms)[0m  [1m[34mSELECT "users".* FROM "users" WHERE "users"."id" = 1 LIMIT 1 /*action='index',application='Web',controller='notes'*/[0m
  ↳ app/controllers/application_controller.rb:17:in 'ApplicationController#authenticate'
Error checking database connection: undefined local variable or method 'connection_config' for class Note
  [1m[36mNote Count (0.0ms)[0m  [1m[34mSELECT COUNT(*) FROM "notes" /*action='index',application='Web',controller='notes'*/[0m
  ↳ app/controllers/notes_controller.rb:5:in 'NotesController#index'
  Rendering layout layouts/application.html.erb
  Rendering notes/index.html.erb within layouts/application
  [1m[36mNote Load (0.1ms)[0m  [1m[34mSELECT "notes".* FROM "notes" ORDER BY "notes"."created_at" DESC LIMIT 8 OFFSET 0 /*action='index',application='Web',controller='notes'*/[0m
  ↳ app/views/notes/index.html.erb:24
  Rendered notes/index.html.erb within layouts/application (Duration: 0.9ms | GC: 0.0ms)
  Rendered shared/_header.html.erb (Duration: 0.1ms | GC: 0.0ms)
  Rendered layout layouts/application.html.erb (Duration: 1.3ms | GC: 0.0ms)
Completed 200 OK in 43ms (Views: 1.4ms | ActiveRecord: 0.5ms (4 queries, 0 cached) | GC: 2.1ms)


Started GET "/%23%3CNote::ActiveRecord_Relation:0x000000012f9b82c0%3E/notes?page=2" for ::1 at 2025-03-17 14:28:26 +0000
Processing by NotesController#index as HTML
  Parameters: {"page" => "2", "user_id" => "#<Note::ActiveRecord_Relation:0x000000012f9b82c0>"}
  [1m[36mSession Load (0.1ms)[0m  [1m[34mSELECT "sessions".* FROM "sessions" WHERE "sessions"."id" = 4 LIMIT 1 /*action='index',application='Web',controller='notes'*/[0m
  ↳ app/controllers/application_controller.rb:15:in 'ApplicationController#authenticate'
  [1m[36mUser Load (0.0ms)[0m  [1m[34mSELECT "users".* FROM "users" WHERE "users"."id" = 1 LIMIT 1 /*action='index',application='Web',controller='notes'*/[0m
  ↳ app/controllers/application_controller.rb:17:in 'ApplicationController#authenticate'
Error checking database connection: undefined local variable or method 'connection_config' for class Note
  [1m[36mNote Count (0.0ms)[0m  [1m[34mSELECT COUNT(*) FROM "notes" /*action='index',application='Web',controller='notes'*/[0m
  ↳ app/controllers/notes_controller.rb:5:in 'NotesController#index'
  Rendering layout /Users/Matt/.local/share/rbenv/versions/3.4.2/lib/ruby/gems/3.4.0/gems/turbo-rails-2.0.13/app/views/layouts/turbo_rails/frame.html.erb
  Rendering notes/index.html.erb within layouts/turbo_rails/frame
  [1m[36mNote Load (0.0ms)[0m  [1m[34mSELECT "notes".* FROM "notes" ORDER BY "notes"."created_at" DESC LIMIT 8 OFFSET 8 /*action='index',application='Web',controller='notes'*/[0m
  ↳ app/views/notes/index.html.erb:24
  Rendered notes/index.html.erb within layouts/turbo_rails/frame (Duration: 0.7ms | GC: 0.0ms)
  Rendered layout /Users/Matt/.local/share/rbenv/versions/3.4.2/lib/ruby/gems/3.4.0/gems/turbo-rails-2.0.13/app/views/layouts/turbo_rails/frame.html.erb (Duration: 0.8ms | GC: 0.0ms)
Completed 200 OK in 29ms (Views: 0.8ms | ActiveRecord: 0.4ms (4 queries, 0 cached) | GC: 0.0ms)


Started GET "/1/notes?page=1" for ::1 at 2025-03-17 14:28:26 +0000
Processing by NotesController#index as HTML
  Parameters: {"page" => "1", "user_id" => "1"}
  [1m[36mSession Load (0.1ms)[0m  [1m[34mSELECT "sessions".* FROM "sessions" WHERE "sessions"."id" = 4 LIMIT 1 /*action='index',application='Web',controller='notes'*/[0m
  ↳ app/controllers/application_controller.rb:15:in 'ApplicationController#authenticate'
  [1m[36mUser Load (0.0ms)[0m  [1m[34mSELECT "users".* FROM "users" WHERE "users"."id" = 1 LIMIT 1 /*action='index',application='Web',controller='notes'*/[0m
  ↳ app/controllers/application_controller.rb:17:in 'ApplicationController#authenticate'
Error checking database connection: undefined local variable or method 'connection_config' for class Note
  [1m[36mNote Count (0.0ms)[0m  [1m[34mSELECT COUNT(*) FROM "notes" /*action='index',application='Web',controller='notes'*/[0m
  ↳ app/controllers/notes_controller.rb:5:in 'NotesController#index'
  Rendering layout layouts/application.html.erb
  Rendering notes/index.html.erb within layouts/application
  [1m[36mNote Load (0.0ms)[0m  [1m[34mSELECT "notes".* FROM "notes" ORDER BY "notes"."created_at" DESC LIMIT 8 OFFSET 0 /*action='index',application='Web',controller='notes'*/[0m
  ↳ app/views/notes/index.html.erb:24
  Rendered notes/index.html.erb within layouts/application (Duration: 0.7ms | GC: 0.0ms)
  Rendered shared/_header.html.erb (Duration: 0.1ms | GC: 0.0ms)
  Rendered layout layouts/application.html.erb (Duration: 1.3ms | GC: 0.2ms)
Completed 200 OK in 32ms (Views: 1.4ms | ActiveRecord: 0.4ms (4 queries, 0 cached) | GC: 0.2ms)


Started GET "/%23%3CNote::ActiveRecord_Relation:0x000000013a9d1a58%3E/notes?page=2" for ::1 at 2025-03-17 14:28:26 +0000
Processing by NotesController#index as HTML
  Parameters: {"page" => "2", "user_id" => "#<Note::ActiveRecord_Relation:0x000000013a9d1a58>"}
  [1m[36mSession Load (0.1ms)[0m  [1m[34mSELECT "sessions".* FROM "sessions" WHERE "sessions"."id" = 4 LIMIT 1 /*action='index',application='Web',controller='notes'*/[0m
  ↳ app/controllers/application_controller.rb:15:in 'ApplicationController#authenticate'
  [1m[36mUser Load (0.0ms)[0m  [1m[34mSELECT "users".* FROM "users" WHERE "users"."id" = 1 LIMIT 1 /*action='index',application='Web',controller='notes'*/[0m
  ↳ app/controllers/application_controller.rb:17:in 'ApplicationController#authenticate'
Error checking database connection: undefined local variable or method 'connection_config' for class Note
  [1m[36mNote Count (0.0ms)[0m  [1m[34mSELECT COUNT(*) FROM "notes" /*action='index',application='Web',controller='notes'*/[0m
  ↳ app/controllers/notes_controller.rb:5:in 'NotesController#index'
  Rendering layout /Users/Matt/.local/share/rbenv/versions/3.4.2/lib/ruby/gems/3.4.0/gems/turbo-rails-2.0.13/app/views/layouts/turbo_rails/frame.html.erb
  Rendering notes/index.html.erb within layouts/turbo_rails/frame
  [1m[36mNote Load (0.0ms)[0m  [1m[34mSELECT "notes".* FROM "notes" ORDER BY "notes"."created_at" DESC LIMIT 8 OFFSET 8 /*action='index',application='Web',controller='notes'*/[0m
  ↳ app/views/notes/index.html.erb:24
  Rendered notes/index.html.erb within layouts/turbo_rails/frame (Duration: 0.7ms | GC: 0.0ms)
  Rendered layout /Users/Matt/.local/share/rbenv/versions/3.4.2/lib/ruby/gems/3.4.0/gems/turbo-rails-2.0.13/app/views/layouts/turbo_rails/frame.html.erb (Duration: 1.0ms | GC: 0.2ms)
Completed 200 OK in 28ms (Views: 1.1ms | ActiveRecord: 0.4ms (4 queries, 0 cached) | GC: 0.2ms)


Started GET "/1/notes?page=1" for ::1 at 2025-03-17 14:28:26 +0000
Processing by NotesController#index as HTML
  Parameters: {"page" => "1", "user_id" => "1"}
  [1m[36mSession Load (0.1ms)[0m  [1m[34mSELECT "sessions".* FROM "sessions" WHERE "sessions"."id" = 4 LIMIT 1 /*action='index',application='Web',controller='notes'*/[0m
  ↳ app/controllers/application_controller.rb:15:in 'ApplicationController#authenticate'
  [1m[36mUser Load (0.0ms)[0m  [1m[34mSELECT "users".* FROM "users" WHERE "users"."id" = 1 LIMIT 1 /*action='index',application='Web',controller='notes'*/[0m
  ↳ app/controllers/application_controller.rb:17:in 'ApplicationController#authenticate'
Error checking database connection: undefined local variable or method 'connection_config' for class Note
  [1m[36mNote Count (0.0ms)[0m  [1m[34mSELECT COUNT(*) FROM "notes" /*action='index',application='Web',controller='notes'*/[0m
  ↳ app/controllers/notes_controller.rb:5:in 'NotesController#index'
  Rendering layout layouts/application.html.erb
  Rendering notes/index.html.erb within layouts/application
  [1m[36mNote Load (0.1ms)[0m  [1m[34mSELECT "notes".* FROM "notes" ORDER BY "notes"."created_at" DESC LIMIT 8 OFFSET 0 /*action='index',application='Web',controller='notes'*/[0m
  ↳ app/views/notes/index.html.erb:24
  Rendered notes/index.html.erb within layouts/application (Duration: 0.8ms | GC: 0.0ms)
  Rendered shared/_header.html.erb (Duration: 0.1ms | GC: 0.0ms)
  Rendered layout layouts/application.html.erb (Duration: 1.2ms | GC: 0.0ms)
Completed 200 OK in 46ms (Views: 1.9ms | ActiveRecord: 0.5ms (4 queries, 0 cached) | GC: 0.2ms)


Started GET "/%23%3CNote::ActiveRecord_Relation:0x000000013b1fb2d8%3E/notes?page=2" for ::1 at 2025-03-17 14:28:26 +0000
Processing by NotesController#index as HTML
  Parameters: {"page" => "2", "user_id" => "#<Note::ActiveRecord_Relation:0x000000013b1fb2d8>"}
  [1m[36mSession Load (0.1ms)[0m  [1m[34mSELECT "sessions".* FROM "sessions" WHERE "sessions"."id" = 4 LIMIT 1 /*action='index',application='Web',controller='notes'*/[0m
  ↳ app/controllers/application_controller.rb:15:in 'ApplicationController#authenticate'
  [1m[36mUser Load (0.0ms)[0m  [1m[34mSELECT "users".* FROM "users" WHERE "users"."id" = 1 LIMIT 1 /*action='index',application='Web',controller='notes'*/[0m
  ↳ app/controllers/application_controller.rb:17:in 'ApplicationController#authenticate'
Error checking database connection: undefined local variable or method 'connection_config' for class Note
  [1m[36mNote Count (0.0ms)[0m  [1m[34mSELECT COUNT(*) FROM "notes" /*action='index',application='Web',controller='notes'*/[0m
  ↳ app/controllers/notes_controller.rb:5:in 'NotesController#index'
  Rendering layout /Users/Matt/.local/share/rbenv/versions/3.4.2/lib/ruby/gems/3.4.0/gems/turbo-rails-2.0.13/app/views/layouts/turbo_rails/frame.html.erb
  Rendering notes/index.html.erb within layouts/turbo_rails/frame
  [1m[36mNote Load (0.0ms)[0m  [1m[34mSELECT "notes".* FROM "notes" ORDER BY "notes"."created_at" DESC LIMIT 8 OFFSET 8 /*action='index',application='Web',controller='notes'*/[0m
  ↳ app/views/notes/index.html.erb:24
  Rendered notes/index.html.erb within layouts/turbo_rails/frame (Duration: 0.7ms | GC: 0.0ms)
  Rendered layout /Users/Matt/.local/share/rbenv/versions/3.4.2/lib/ruby/gems/3.4.0/gems/turbo-rails-2.0.13/app/views/layouts/turbo_rails/frame.html.erb (Duration: 0.8ms | GC: 0.0ms)
Completed 200 OK in 30ms (Views: 0.8ms | ActiveRecord: 0.4ms (4 queries, 0 cached) | GC: 0.3ms)


Started GET "/1/notes?page=1" for ::1 at 2025-03-17 14:28:27 +0000
Processing by NotesController#index as HTML
  Parameters: {"page" => "1", "user_id" => "1"}
  [1m[36mSession Load (0.1ms)[0m  [1m[34mSELECT "sessions".* FROM "sessions" WHERE "sessions"."id" = 4 LIMIT 1 /*action='index',application='Web',controller='notes'*/[0m
  ↳ app/controllers/application_controller.rb:15:in 'ApplicationController#authenticate'
  [1m[36mUser Load (0.0ms)[0m  [1m[34mSELECT "users".* FROM "users" WHERE "users"."id" = 1 LIMIT 1 /*action='index',application='Web',controller='notes'*/[0m
  ↳ app/controllers/application_controller.rb:17:in 'ApplicationController#authenticate'
Error checking database connection: undefined local variable or method 'connection_config' for class Note
  [1m[36mNote Count (0.0ms)[0m  [1m[34mSELECT COUNT(*) FROM "notes" /*action='index',application='Web',controller='notes'*/[0m
  ↳ app/controllers/notes_controller.rb:5:in 'NotesController#index'
  Rendering layout layouts/application.html.erb
  Rendering notes/index.html.erb within layouts/application
  [1m[36mNote Load (0.1ms)[0m  [1m[34mSELECT "notes".* FROM "notes" ORDER BY "notes"."created_at" DESC LIMIT 8 OFFSET 0 /*action='index',application='Web',controller='notes'*/[0m
  ↳ app/views/notes/index.html.erb:24
  Rendered notes/index.html.erb within layouts/application (Duration: 1.0ms | GC: 0.0ms)
  Rendered shared/_header.html.erb (Duration: 0.3ms | GC: 0.0ms)
  Rendered layout layouts/application.html.erb (Duration: 1.7ms | GC: 0.0ms)
Completed 200 OK in 64ms (Views: 1.8ms | ActiveRecord: 0.6ms (4 queries, 0 cached) | GC: 0.3ms)


Started GET "/%23%3CNote::ActiveRecord_Relation:0x000000013be999e0%3E/notes?page=2" for ::1 at 2025-03-17 14:28:27 +0000
Processing by NotesController#index as HTML
  Parameters: {"page" => "2", "user_id" => "#<Note::ActiveRecord_Relation:0x000000013be999e0>"}
  [1m[36mSession Load (0.1ms)[0m  [1m[34mSELECT "sessions".* FROM "sessions" WHERE "sessions"."id" = 4 LIMIT 1 /*action='index',application='Web',controller='notes'*/[0m
  ↳ app/controllers/application_controller.rb:15:in 'ApplicationController#authenticate'
  [1m[36mUser Load (0.0ms)[0m  [1m[34mSELECT "users".* FROM "users" WHERE "users"."id" = 1 LIMIT 1 /*action='index',application='Web',controller='notes'*/[0m
  ↳ app/controllers/application_controller.rb:17:in 'ApplicationController#authenticate'
Error checking database connection: undefined local variable or method 'connection_config' for class Note
  [1m[36mNote Count (0.0ms)[0m  [1m[34mSELECT COUNT(*) FROM "notes" /*action='index',application='Web',controller='notes'*/[0m
  ↳ app/controllers/notes_controller.rb:5:in 'NotesController#index'
  Rendering layout /Users/Matt/.local/share/rbenv/versions/3.4.2/lib/ruby/gems/3.4.0/gems/turbo-rails-2.0.13/app/views/layouts/turbo_rails/frame.html.erb
  Rendering notes/index.html.erb within layouts/turbo_rails/frame
  [1m[36mNote Load (0.0ms)[0m  [1m[34mSELECT "notes".* FROM "notes" ORDER BY "notes"."created_at" DESC LIMIT 8 OFFSET 8 /*action='index',application='Web',controller='notes'*/[0m
  ↳ app/views/notes/index.html.erb:24
  Rendered notes/index.html.erb within layouts/turbo_rails/frame (Duration: 0.7ms | GC: 0.0ms)
  Rendered layout /Users/Matt/.local/share/rbenv/versions/3.4.2/lib/ruby/gems/3.4.0/gems/turbo-rails-2.0.13/app/views/layouts/turbo_rails/frame.html.erb (Duration: 0.8ms | GC: 0.0ms)
Completed 200 OK in 34ms (Views: 0.8ms | ActiveRecord: 0.5ms (4 queries, 0 cached) | GC: 0.2ms)


Started GET "/1/notes?page=1" for ::1 at 2025-03-17 14:28:27 +0000
Processing by NotesController#index as HTML
  Parameters: {"page" => "1", "user_id" => "1"}
  [1m[36mSession Load (0.1ms)[0m  [1m[34mSELECT "sessions".* FROM "sessions" WHERE "sessions"."id" = 4 LIMIT 1 /*action='index',application='Web',controller='notes'*/[0m
  ↳ app/controllers/application_controller.rb:15:in 'ApplicationController#authenticate'
  [1m[36mUser Load (0.0ms)[0m  [1m[34mSELECT "users".* FROM "users" WHERE "users"."id" = 1 LIMIT 1 /*action='index',application='Web',controller='notes'*/[0m
  ↳ app/controllers/application_controller.rb:17:in 'ApplicationController#authenticate'
Error checking database connection: undefined local variable or method 'connection_config' for class Note
  [1m[36mNote Count (0.0ms)[0m  [1m[34mSELECT COUNT(*) FROM "notes" /*action='index',application='Web',controller='notes'*/[0m
  ↳ app/controllers/notes_controller.rb:5:in 'NotesController#index'
  Rendering layout layouts/application.html.erb
  Rendering notes/index.html.erb within layouts/application
  [1m[36mNote Load (0.0ms)[0m  [1m[34mSELECT "notes".* FROM "notes" ORDER BY "notes"."created_at" DESC LIMIT 8 OFFSET 0 /*action='index',application='Web',controller='notes'*/[0m
  ↳ app/views/notes/index.html.erb:24
  Rendered notes/index.html.erb within layouts/application (Duration: 0.7ms | GC: 0.0ms)
  Rendered shared/_header.html.erb (Duration: 0.1ms | GC: 0.0ms)
  Rendered layout layouts/application.html.erb (Duration: 1.3ms | GC: 0.2ms)
Completed 200 OK in 36ms (Views: 1.4ms | ActiveRecord: 0.4ms (4 queries, 0 cached) | GC: 0.2ms)


Started GET "/%23%3CNote::ActiveRecord_Relation:0x000000013c63a640%3E/notes?page=2" for ::1 at 2025-03-17 14:28:27 +0000
Processing by NotesController#index as HTML
  Parameters: {"page" => "2", "user_id" => "#<Note::ActiveRecord_Relation:0x000000013c63a640>"}
  [1m[36mSession Load (0.1ms)[0m  [1m[34mSELECT "sessions".* FROM "sessions" WHERE "sessions"."id" = 4 LIMIT 1 /*action='index',application='Web',controller='notes'*/[0m
  ↳ app/controllers/application_controller.rb:15:in 'ApplicationController#authenticate'
  [1m[36mUser Load (0.0ms)[0m  [1m[34mSELECT "users".* FROM "users" WHERE "users"."id" = 1 LIMIT 1 /*action='index',application='Web',controller='notes'*/[0m
  ↳ app/controllers/application_controller.rb:17:in 'ApplicationController#authenticate'
Error checking database connection: undefined local variable or method 'connection_config' for class Note
  [1m[36mNote Count (0.0ms)[0m  [1m[34mSELECT COUNT(*) FROM "notes" /*action='index',application='Web',controller='notes'*/[0m
  ↳ app/controllers/notes_controller.rb:5:in 'NotesController#index'
  Rendering layout /Users/Matt/.local/share/rbenv/versions/3.4.2/lib/ruby/gems/3.4.0/gems/turbo-rails-2.0.13/app/views/layouts/turbo_rails/frame.html.erb
  Rendering notes/index.html.erb within layouts/turbo_rails/frame
  [1m[36mNote Load (0.0ms)[0m  [1m[34mSELECT "notes".* FROM "notes" ORDER BY "notes"."created_at" DESC LIMIT 8 OFFSET 8 /*action='index',application='Web',controller='notes'*/[0m
  ↳ app/views/notes/index.html.erb:24
  Rendered notes/index.html.erb within layouts/turbo_rails/frame (Duration: 0.7ms | GC: 0.0ms)
  Rendered layout /Users/Matt/.local/share/rbenv/versions/3.4.2/lib/ruby/gems/3.4.0/gems/turbo-rails-2.0.13/app/views/layouts/turbo_rails/frame.html.erb (Duration: 0.7ms | GC: 0.0ms)
Completed 200 OK in 28ms (Views: 0.8ms | ActiveRecord: 0.4ms (4 queries, 0 cached) | GC: 0.2ms)


Started GET "/1/notes?page=4" for ::1 at 2025-03-17 14:28:29 +0000
Processing by NotesController#index as HTML
  Parameters: {"page" => "4", "user_id" => "1"}
  [1m[36mSession Load (0.1ms)[0m  [1m[34mSELECT "sessions".* FROM "sessions" WHERE "sessions"."id" = 4 LIMIT 1 /*action='index',application='Web',controller='notes'*/[0m
  ↳ app/controllers/application_controller.rb:15:in 'ApplicationController#authenticate'
  [1m[36mUser Load (0.0ms)[0m  [1m[34mSELECT "users".* FROM "users" WHERE "users"."id" = 1 LIMIT 1 /*action='index',application='Web',controller='notes'*/[0m
  ↳ app/controllers/application_controller.rb:17:in 'ApplicationController#authenticate'
Error checking database connection: undefined local variable or method 'connection_config' for class Note
  [1m[36mNote Count (0.0ms)[0m  [1m[34mSELECT COUNT(*) FROM "notes" /*action='index',application='Web',controller='notes'*/[0m
  ↳ app/controllers/notes_controller.rb:5:in 'NotesController#index'
  Rendering layout layouts/application.html.erb
  Rendering notes/index.html.erb within layouts/application
  [1m[36mNote Load (0.1ms)[0m  [1m[34mSELECT "notes".* FROM "notes" ORDER BY "notes"."created_at" DESC LIMIT 8 OFFSET 24 /*action='index',application='Web',controller='notes'*/[0m
  ↳ app/views/notes/index.html.erb:24
  Rendered notes/index.html.erb within layouts/application (Duration: 0.6ms | GC: 0.0ms)
  Rendered shared/_header.html.erb (Duration: 0.1ms | GC: 0.0ms)
  Rendered layout layouts/application.html.erb (Duration: 1.3ms | GC: 0.2ms)
Completed 200 OK in 55ms (Views: 1.4ms | ActiveRecord: 0.6ms (4 queries, 0 cached) | GC: 0.2ms)


Started GET "/1/notes?page=4" for ::1 at 2025-03-17 14:28:30 +0000
Processing by NotesController#index as HTML
  Parameters: {"page" => "4", "user_id" => "1"}
  [1m[36mSession Load (0.1ms)[0m  [1m[34mSELECT "sessions".* FROM "sessions" WHERE "sessions"."id" = 4 LIMIT 1 /*action='index',application='Web',controller='notes'*/[0m
  ↳ app/controllers/application_controller.rb:15:in 'ApplicationController#authenticate'
  [1m[36mUser Load (0.0ms)[0m  [1m[34mSELECT "users".* FROM "users" WHERE "users"."id" = 1 LIMIT 1 /*action='index',application='Web',controller='notes'*/[0m
  ↳ app/controllers/application_controller.rb:17:in 'ApplicationController#authenticate'
Error checking database connection: undefined local variable or method 'connection_config' for class Note
  [1m[36mNote Count (0.0ms)[0m  [1m[34mSELECT COUNT(*) FROM "notes" /*action='index',application='Web',controller='notes'*/[0m
  ↳ app/controllers/notes_controller.rb:5:in 'NotesController#index'
  Rendering layout layouts/application.html.erb
  Rendering notes/index.html.erb within layouts/application
  [1m[36mNote Load (0.1ms)[0m  [1m[34mSELECT "notes".* FROM "notes" ORDER BY "notes"."created_at" DESC LIMIT 8 OFFSET 24 /*action='index',application='Web',controller='notes'*/[0m
  ↳ app/views/notes/index.html.erb:24
  Rendered notes/index.html.erb within layouts/application (Duration: 0.9ms | GC: 0.2ms)
  Rendered shared/_header.html.erb (Duration: 0.1ms | GC: 0.0ms)
  Rendered layout layouts/application.html.erb (Duration: 1.5ms | GC: 0.2ms)
Completed 200 OK in 66ms (Views: 1.6ms | ActiveRecord: 1.5ms (4 queries, 0 cached) | GC: 0.2ms)


Started GET "/1/notes?page=4" for ::1 at 2025-03-17 14:28:31 +0000
Processing by NotesController#index as HTML
  Parameters: {"page" => "4", "user_id" => "1"}
  [1m[36mSession Load (0.1ms)[0m  [1m[34mSELECT "sessions".* FROM "sessions" WHERE "sessions"."id" = 4 LIMIT 1 /*action='index',application='Web',controller='notes'*/[0m
  ↳ app/controllers/application_controller.rb:15:in 'ApplicationController#authenticate'
  [1m[36mUser Load (0.0ms)[0m  [1m[34mSELECT "users".* FROM "users" WHERE "users"."id" = 1 LIMIT 1 /*action='index',application='Web',controller='notes'*/[0m
  ↳ app/controllers/application_controller.rb:17:in 'ApplicationController#authenticate'
Error checking database connection: undefined local variable or method 'connection_config' for class Note
  [1m[36mNote Count (0.0ms)[0m  [1m[34mSELECT COUNT(*) FROM "notes" /*action='index',application='Web',controller='notes'*/[0m
  ↳ app/controllers/notes_controller.rb:5:in 'NotesController#index'
  Rendering layout layouts/application.html.erb
  Rendering notes/index.html.erb within layouts/application
  [1m[36mNote Load (0.1ms)[0m  [1m[34mSELECT "notes".* FROM "notes" ORDER BY "notes"."created_at" DESC LIMIT 8 OFFSET 24 /*action='index',application='Web',controller='notes'*/[0m
  ↳ app/views/notes/index.html.erb:24
  Rendered notes/index.html.erb within layouts/application (Duration: 0.6ms | GC: 0.0ms)
  Rendered shared/_header.html.erb (Duration: 0.1ms | GC: 0.0ms)
  Rendered layout layouts/application.html.erb (Duration: 1.0ms | GC: 0.0ms)
Completed 200 OK in 49ms (Views: 1.1ms | ActiveRecord: 0.5ms (4 queries, 0 cached) | GC: 0.2ms)


Started GET "/1/notes?page=4" for ::1 at 2025-03-17 14:28:31 +0000
Processing by NotesController#index as HTML
  Parameters: {"page" => "4", "user_id" => "1"}
  [1m[36mSession Load (0.1ms)[0m  [1m[34mSELECT "sessions".* FROM "sessions" WHERE "sessions"."id" = 4 LIMIT 1 /*action='index',application='Web',controller='notes'*/[0m
  ↳ app/controllers/application_controller.rb:15:in 'ApplicationController#authenticate'
  [1m[36mUser Load (0.0ms)[0m  [1m[34mSELECT "users".* FROM "users" WHERE "users"."id" = 1 LIMIT 1 /*action='index',application='Web',controller='notes'*/[0m
  ↳ app/controllers/application_controller.rb:17:in 'ApplicationController#authenticate'
Error checking database connection: undefined local variable or method 'connection_config' for class Note
  [1m[36mNote Count (0.0ms)[0m  [1m[34mSELECT COUNT(*) FROM "notes" /*action='index',application='Web',controller='notes'*/[0m
  ↳ app/controllers/notes_controller.rb:5:in 'NotesController#index'
  Rendering layout layouts/application.html.erb
  Rendering notes/index.html.erb within layouts/application
  [1m[36mNote Load (0.1ms)[0m  [1m[34mSELECT "notes".* FROM "notes" ORDER BY "notes"."created_at" DESC LIMIT 8 OFFSET 24 /*action='index',application='Web',controller='notes'*/[0m
  ↳ app/views/notes/index.html.erb:24
  Rendered notes/index.html.erb within layouts/application (Duration: 0.7ms | GC: 0.0ms)
  Rendered shared/_header.html.erb (Duration: 0.1ms | GC: 0.0ms)
  Rendered layout layouts/application.html.erb (Duration: 1.1ms | GC: 0.0ms)
Completed 200 OK in 58ms (Views: 1.2ms | ActiveRecord: 0.6ms (4 queries, 0 cached) | GC: 0.0ms)


Started GET "/1/notes?page=4" for ::1 at 2025-03-17 14:28:31 +0000
Processing by NotesController#index as HTML
  Parameters: {"page" => "4", "user_id" => "1"}
  [1m[36mSession Load (0.1ms)[0m  [1m[34mSELECT "sessions".* FROM "sessions" WHERE "sessions"."id" = 4 LIMIT 1 /*action='index',application='Web',controller='notes'*/[0m
  ↳ app/controllers/application_controller.rb:15:in 'ApplicationController#authenticate'
  [1m[36mUser Load (0.0ms)[0m  [1m[34mSELECT "users".* FROM "users" WHERE "users"."id" = 1 LIMIT 1 /*action='index',application='Web',controller='notes'*/[0m
  ↳ app/controllers/application_controller.rb:17:in 'ApplicationController#authenticate'
Error checking database connection: undefined local variable or method 'connection_config' for class Note
  [1m[36mNote Count (0.0ms)[0m  [1m[34mSELECT COUNT(*) FROM "notes" /*action='index',application='Web',controller='notes'*/[0m
  ↳ app/controllers/notes_controller.rb:5:in 'NotesController#index'
  Rendering layout layouts/application.html.erb
  Rendering notes/index.html.erb within layouts/application
  [1m[36mNote Load (0.0ms)[0m  [1m[34mSELECT "notes".* FROM "notes" ORDER BY "notes"."created_at" DESC LIMIT 8 OFFSET 24 /*action='index',application='Web',controller='notes'*/[0m
  ↳ app/views/notes/index.html.erb:24
  Rendered notes/index.html.erb within layouts/application (Duration: 0.5ms | GC: 0.0ms)
  Rendered shared/_header.html.erb (Duration: 0.1ms | GC: 0.0ms)
  Rendered layout layouts/application.html.erb (Duration: 0.9ms | GC: 0.0ms)
Completed 200 OK in 37ms (Views: 1.0ms | ActiveRecord: 0.4ms (4 queries, 0 cached) | GC: 0.0ms)


Started GET "/1/notes?page=4" for ::1 at 2025-03-17 14:28:31 +0000
Processing by NotesController#index as HTML
  Parameters: {"page" => "4", "user_id" => "1"}
  [1m[36mSession Load (0.1ms)[0m  [1m[34mSELECT "sessions".* FROM "sessions" WHERE "sessions"."id" = 4 LIMIT 1 /*action='index',application='Web',controller='notes'*/[0m
  ↳ app/controllers/application_controller.rb:15:in 'ApplicationController#authenticate'
  [1m[36mUser Load (0.0ms)[0m  [1m[34mSELECT "users".* FROM "users" WHERE "users"."id" = 1 LIMIT 1 /*action='index',application='Web',controller='notes'*/[0m
  ↳ app/controllers/application_controller.rb:17:in 'ApplicationController#authenticate'
Error checking database connection: undefined local variable or method 'connection_config' for class Note
  [1m[36mNote Count (0.0ms)[0m  [1m[34mSELECT COUNT(*) FROM "notes" /*action='index',application='Web',controller='notes'*/[0m
  ↳ app/controllers/notes_controller.rb:5:in 'NotesController#index'
  Rendering layout layouts/application.html.erb
  Rendering notes/index.html.erb within layouts/application
  [1m[36mNote Load (0.1ms)[0m  [1m[34mSELECT "notes".* FROM "notes" ORDER BY "notes"."created_at" DESC LIMIT 8 OFFSET 24 /*action='index',application='Web',controller='notes'*/[0m
  ↳ app/views/notes/index.html.erb:24
  Rendered notes/index.html.erb within layouts/application (Duration: 0.6ms | GC: 0.0ms)
  Rendered shared/_header.html.erb (Duration: 0.1ms | GC: 0.0ms)
  Rendered layout layouts/application.html.erb (Duration: 1.1ms | GC: 0.0ms)
Completed 200 OK in 54ms (Views: 1.2ms | ActiveRecord: 0.5ms (4 queries, 0 cached) | GC: 0.0ms)


Started GET "/1/notes?page=4" for ::1 at 2025-03-17 14:28:40 +0000
Processing by NotesController#index as HTML
  Parameters: {"page" => "4", "user_id" => "1"}
  [1m[36mSession Load (0.1ms)[0m  [1m[34mSELECT "sessions".* FROM "sessions" WHERE "sessions"."id" = 4 LIMIT 1 /*action='index',application='Web',controller='notes'*/[0m
  ↳ app/controllers/application_controller.rb:15:in 'ApplicationController#authenticate'
  [1m[36mUser Load (0.0ms)[0m  [1m[34mSELECT "users".* FROM "users" WHERE "users"."id" = 1 LIMIT 1 /*action='index',application='Web',controller='notes'*/[0m
  ↳ app/controllers/application_controller.rb:17:in 'ApplicationController#authenticate'
Error checking database connection: undefined local variable or method 'connection_config' for class Note
  [1m[36mNote Count (0.0ms)[0m  [1m[34mSELECT COUNT(*) FROM "notes" /*action='index',application='Web',controller='notes'*/[0m
  ↳ app/controllers/notes_controller.rb:5:in 'NotesController#index'
  Rendering layout layouts/application.html.erb
  Rendering notes/index.html.erb within layouts/application
  [1m[36mNote Load (0.1ms)[0m  [1m[34mSELECT "notes".* FROM "notes" ORDER BY "notes"."created_at" DESC LIMIT 8 OFFSET 24 /*action='index',application='Web',controller='notes'*/[0m
  ↳ app/views/notes/index.html.erb:24
  Rendered notes/index.html.erb within layouts/application (Duration: 0.7ms | GC: 0.0ms)
  Rendered shared/_header.html.erb (Duration: 0.1ms | GC: 0.0ms)
  Rendered layout layouts/application.html.erb (Duration: 1.1ms | GC: 0.0ms)
Completed 200 OK in 60ms (Views: 1.2ms | ActiveRecord: 0.6ms (4 queries, 0 cached) | GC: 0.0ms)


[ActionCable] Broadcasting to hotwire_spark: {action: :reload_html, path: "/notes/index.html.erb"}
Hotwire::Spark::Channel transmitting {"action" => "reload_html", "path" => "/notes/index.html.erb"} (via streamed from hotwire_spark)
Started GET "/1/notes?page=4&hotwire_spark=true&reload=1742223162359" for ::1 at 2025-03-17 14:52:42 +0000
Processing by NotesController#index as HTML
  Parameters: {"page" => "4", "hotwire_spark" => "true", "reload" => "1742223162359", "user_id" => "1"}
  [1m[36mSession Load (1.1ms)[0m  [1m[34mSELECT "sessions".* FROM "sessions" WHERE "sessions"."id" = 4 LIMIT 1 /*action='index',application='Web',controller='notes'*/[0m
  ↳ app/controllers/application_controller.rb:15:in 'ApplicationController#authenticate'
  [1m[36mUser Load (0.3ms)[0m  [1m[34mSELECT "users".* FROM "users" WHERE "users"."id" = 1 LIMIT 1 /*action='index',application='Web',controller='notes'*/[0m
  ↳ app/controllers/application_controller.rb:17:in 'ApplicationController#authenticate'
Error checking database connection: undefined local variable or method 'connection_config' for class Note
  [1m[36mNote Count (0.0ms)[0m  [1m[34mSELECT COUNT(*) FROM "notes" /*action='index',application='Web',controller='notes'*/[0m
  ↳ app/controllers/notes_controller.rb:5:in 'NotesController#index'
  Rendering layout layouts/application.html.erb
  Rendering notes/index.html.erb within layouts/application
  Rendered notes/index.html.erb within layouts/application (Duration: 1.6ms | GC: 0.0ms)
  Rendered layout layouts/application.html.erb (Duration: 1.7ms | GC: 0.0ms)
Completed 500 Internal Server Error in 70ms (ActiveRecord: 1.8ms (3 queries, 0 cached) | GC: 0.0ms)


  
ActionView::SyntaxErrorInTemplate (Encountered a syntax error while rendering template: check <div>
  <div>
    <h1>My Notes</h1>
    <%= link_to "New Note", new_user_note_path(Current.user), 
        data: { turbo_frame: "_top" } %>
  </div>


  <%= link_to "First", user_notes_path(Current.user) + "?page=1", role: "button" %>
  <% if @pagy.page > 1 %>
    <%= link_to "Previous", user_notes_path(Current.user) + "?page=" + (@pagy.page - 1).to_s, role: "button"  %>
  <% else %>
    <a href="#" role="button">Previous</a>
  <% end %>
  <% if @pagy.page == @pagy.last %>
    <a href="#" role="button">Next</a>
  <% else %>
    <%= link_to "Next", user_notes_path(Current.user) + "?page=" + (@pagy.page.next).to_s, role: "button" %>
  <% end %>
  <%= link_to "Last", user_notes_path(Current.user) + "?page=" + (@pagy.last).to_s, role: "button" %>

  <%= turbo_frame_tag "notes" do %>
    <div>
      <% @notes.each do |note| %>
        <%= turbo_frame_tag dom_id(note) do %>
          <div>
            <p><%= truncate(note.content, length: 100) %></p>
            <div>
              <%= link_to "Edit", edit_user_note_path(Current.user, note), 
                  data: { turbo_frame: "_top" } %>
            </div>
          </div>
        <% end %>
      <% end %>

      <% if @pagy&.next %>
        <%= turbo_frame_tag "posts", loading: :lazy, src: user_notes_path(Current.user)(@notes, page: @pagy.next) do %>
          <!--- put your loading prompt and/or spinner here --->
        <% end %>
      <% end %>

    </div>
  <% end %>
</div>

)
Caused by: ActiveSupport::SyntaxErrorProxy (/Users/Matt/Development/scribble2/web/app/views/notes/index.html.erb:37: syntax errors found
  [2m35 | [m @output_buffer.safe_append='
  [2m36 | [m'.freeze;       if @pagy&.next 
[1;31m> [m[2m37 | [m... (@notes, page: @pagy.next) do ; @output_buffer.safe_append= ...
  [2m   | [m    [1;31m^[m unexpected '(', expecting end-of-input
  [2m   | [m     [1;31m^~~~~~~[m unexpected write target
  [2m   | [m           [1;31m^[m expected an expression after `,`
  [2m   | [m            [1;31m^[m expected a matching `)`
  [2m   | [m             [1;31m^~~~~[m unexpected label, ignoring it
  [2m   | [m             [1;31m^~~~~[m unexpected label, expecting end-of-input
  [2m   | [m             [1;31m^~~~~[m unexpected label, ignoring it
  [2m   | [m             [1;31m^~~~~[m unexpected label, expecting end-of-input
  [2m   | [m                             [1;31m^[m unexpected ')', ignoring it
  [2m   | [m                             [1;31m^[m unexpected ')', expecting end-of-input
  [2m   | [m                               [1;31m^~[m unexpected 'do', ignoring it
  [2m38 | [m          <!--- put your loading prompt and/or spinner here --->
  [2m39 | [m'.freeze;         end 
[2m  ~~~~~~[m
  [2m45 | [m'.freeze;
  [2m46 | [m@output_buffer.safe_append='<!-- END app/views/notes/index.html.erb -->';@output_buffer
[1;31m> [m[2m47 | [m          end
  [2m   | [m          [1;31m^~~[m unexpected 'end', ignoring it
)

Information for: ActionView::SyntaxErrorInTemplate (Encountered a syntax error while rendering template: check <div>
  <div>
    <h1>My Notes</h1>
    <%= link_to "New Note", new_user_note_path(Current.user), 
        data: { turbo_frame: "_top" } %>
  </div>


  <%= link_to "First", user_notes_path(Current.user) + "?page=1", role: "button" %>
  <% if @pagy.page > 1 %>
    <%= link_to "Previous", user_notes_path(Current.user) + "?page=" + (@pagy.page - 1).to_s, role: "button"  %>
  <% else %>
    <a href="#" role="button">Previous</a>
  <% end %>
  <% if @pagy.page == @pagy.last %>
    <a href="#" role="button">Next</a>
  <% else %>
    <%= link_to "Next", user_notes_path(Current.user) + "?page=" + (@pagy.page.next).to_s, role: "button" %>
  <% end %>
  <%= link_to "Last", user_notes_path(Current.user) + "?page=" + (@pagy.last).to_s, role: "button" %>

  <%= turbo_frame_tag "notes" do %>
    <div>
      <% @notes.each do |note| %>
        <%= turbo_frame_tag dom_id(note) do %>
          <div>
            <p><%= truncate(note.content, length: 100) %></p>
            <div>
              <%= link_to "Edit", edit_user_note_path(Current.user, note), 
                  data: { turbo_frame: "_top" } %>
            </div>
          </div>
        <% end %>
      <% end %>

      <% if @pagy&.next %>
        <%= turbo_frame_tag "posts", loading: :lazy, src: user_notes_path(Current.user)(@notes, page: @pagy.next) do %>
          <!--- put your loading prompt and/or spinner here --->
        <% end %>
      <% end %>

    </div>
  <% end %>
</div>

):
1:    <div>
2:      <div>
3:        <h1>My Notes</h1>
4:        <%= link_to "New Note", new_user_note_path(Current.user), 
5:            data: { turbo_frame: "_top" } %>
6:      </div>
7:    
8:    
9:      <%= link_to "First", user_notes_path(Current.user) + "?page=1", role: "button" %>
10:      <% if @pagy.page > 1 %>
11:        <%= link_to "Previous", user_notes_path(Current.user) + "?page=" + (@pagy.page - 1).to_s, role: "button"  %>
12:      <% else %>
13:        <a href="#" role="button">Previous</a>
14:      <% end %>
15:      <% if @pagy.page == @pagy.last %>
16:        <a href="#" role="button">Next</a>
17:      <% else %>
18:        <%= link_to "Next", user_notes_path(Current.user) + "?page=" + (@pagy.page.next).to_s, role: "button" %>
19:      <% end %>
20:      <%= link_to "Last", user_notes_path(Current.user) + "?page=" + (@pagy.last).to_s, role: "button" %>
21:    
22:      <%= turbo_frame_tag "notes" do %>
23:        <div>
24:          <% @notes.each do |note| %>
25:            <%= turbo_frame_tag dom_id(note) do %>
26:              <div>
27:                <p><%= truncate(note.content, length: 100) %></p>
28:                <div>
29:                  <%= link_to "Edit", edit_user_note_path(Current.user, note), 
30:                      data: { turbo_frame: "_top" } %>
31:                </div>
32:              </div>
33:            <% end %>
34:          <% end %>
35:    
36:          <% if @pagy&.next %>
37:            <%= turbo_frame_tag "posts", loading: :lazy, src: user_notes_path(Current.user)(@notes, page: @pagy.next) do %>
38:              <!--- put your loading prompt and/or spinner here --->
39:            <% end %>
40:          <% end %>
41:    
42:        </div>
43:      <% end %>
44:    </div>
  
app/views/notes/index.html.erb:37: syntax errors found

Information for cause: ActiveSupport::SyntaxErrorProxy (/Users/Matt/Development/scribble2/web/app/views/notes/index.html.erb:37: syntax errors found
  [2m35 | [m @output_buffer.safe_append='
  [2m36 | [m'.freeze;       if @pagy&.next 
[1;31m> [m[2m37 | [m... (@notes, page: @pagy.next) do ; @output_buffer.safe_append= ...
  [2m   | [m    [1;31m^[m unexpected '(', expecting end-of-input
  [2m   | [m     [1;31m^~~~~~~[m unexpected write target
  [2m   | [m           [1;31m^[m expected an expression after `,`
  [2m   | [m            [1;31m^[m expected a matching `)`
  [2m   | [m             [1;31m^~~~~[m unexpected label, ignoring it
  [2m   | [m             [1;31m^~~~~[m unexpected label, expecting end-of-input
  [2m   | [m             [1;31m^~~~~[m unexpected label, ignoring it
  [2m   | [m             [1;31m^~~~~[m unexpected label, expecting end-of-input
  [2m   | [m                             [1;31m^[m unexpected ')', ignoring it
  [2m   | [m                             [1;31m^[m unexpected ')', expecting end-of-input
  [2m   | [m                               [1;31m^~[m unexpected 'do', ignoring it
  [2m38 | [m          <!--- put your loading prompt and/or spinner here --->
  [2m39 | [m'.freeze;         end 
[2m  ~~~~~~[m
  [2m45 | [m'.freeze;
  [2m46 | [m@output_buffer.safe_append='<!-- END app/views/notes/index.html.erb -->';@output_buffer
[1;31m> [m[2m47 | [m          end
  [2m   | [m          [1;31m^~~[m unexpected 'end', ignoring it
):
  
app/views/notes/index.html.erb:37: syntax errors found
Started GET "/1/notes?page=4" for ::1 at 2025-03-17 14:52:43 +0000
Processing by NotesController#index as HTML
  Parameters: {"page" => "4", "user_id" => "1"}
  [1m[36mSession Load (0.1ms)[0m  [1m[34mSELECT "sessions".* FROM "sessions" WHERE "sessions"."id" = 4 LIMIT 1 /*action='index',application='Web',controller='notes'*/[0m
  ↳ app/controllers/application_controller.rb:15:in 'ApplicationController#authenticate'
  [1m[36mUser Load (0.0ms)[0m  [1m[34mSELECT "users".* FROM "users" WHERE "users"."id" = 1 LIMIT 1 /*action='index',application='Web',controller='notes'*/[0m
  ↳ app/controllers/application_controller.rb:17:in 'ApplicationController#authenticate'
Error checking database connection: undefined local variable or method 'connection_config' for class Note
  [1m[36mNote Count (0.0ms)[0m  [1m[34mSELECT COUNT(*) FROM "notes" /*action='index',application='Web',controller='notes'*/[0m
  ↳ app/controllers/notes_controller.rb:5:in 'NotesController#index'
  Rendering layout layouts/application.html.erb
  Rendering notes/index.html.erb within layouts/application
  Rendered notes/index.html.erb within layouts/application (Duration: 0.7ms | GC: 0.0ms)
  Rendered layout layouts/application.html.erb (Duration: 0.7ms | GC: 0.0ms)
Completed 500 Internal Server Error in 30ms (ActiveRecord: 0.4ms (3 queries, 0 cached) | GC: 0.0ms)


  
ActionView::SyntaxErrorInTemplate (Encountered a syntax error while rendering template: check <div>
  <div>
    <h1>My Notes</h1>
    <%= link_to "New Note", new_user_note_path(Current.user), 
        data: { turbo_frame: "_top" } %>
  </div>


  <%= link_to "First", user_notes_path(Current.user) + "?page=1", role: "button" %>
  <% if @pagy.page > 1 %>
    <%= link_to "Previous", user_notes_path(Current.user) + "?page=" + (@pagy.page - 1).to_s, role: "button"  %>
  <% else %>
    <a href="#" role="button">Previous</a>
  <% end %>
  <% if @pagy.page == @pagy.last %>
    <a href="#" role="button">Next</a>
  <% else %>
    <%= link_to "Next", user_notes_path(Current.user) + "?page=" + (@pagy.page.next).to_s, role: "button" %>
  <% end %>
  <%= link_to "Last", user_notes_path(Current.user) + "?page=" + (@pagy.last).to_s, role: "button" %>

  <%= turbo_frame_tag "notes" do %>
    <div>
      <% @notes.each do |note| %>
        <%= turbo_frame_tag dom_id(note) do %>
          <div>
            <p><%= truncate(note.content, length: 100) %></p>
            <div>
              <%= link_to "Edit", edit_user_note_path(Current.user, note), 
                  data: { turbo_frame: "_top" } %>
            </div>
          </div>
        <% end %>
      <% end %>

      <% if @pagy&.next %>
        <%= turbo_frame_tag "posts", loading: :lazy, src: user_notes_path(Current.user)(@notes, page: @pagy.next) do %>
          <!--- put your loading prompt and/or spinner here --->
        <% end %>
      <% end %>

    </div>
  <% end %>
</div>

)
Caused by: ActiveSupport::SyntaxErrorProxy (/Users/Matt/Development/scribble2/web/app/views/notes/index.html.erb:37: syntax errors found
  [2m35 | [m @output_buffer.safe_append='
  [2m36 | [m'.freeze;       if @pagy&.next 
[1;31m> [m[2m37 | [m... (@notes, page: @pagy.next) do ; @output_buffer.safe_append= ...
  [2m   | [m    [1;31m^[m unexpected '(', expecting end-of-input
  [2m   | [m     [1;31m^~~~~~~[m unexpected write target
  [2m   | [m           [1;31m^[m expected an expression after `,`
  [2m   | [m            [1;31m^[m expected a matching `)`
  [2m   | [m             [1;31m^~~~~[m unexpected label, ignoring it
  [2m   | [m             [1;31m^~~~~[m unexpected label, expecting end-of-input
  [2m   | [m             [1;31m^~~~~[m unexpected label, ignoring it
  [2m   | [m             [1;31m^~~~~[m unexpected label, expecting end-of-input
  [2m   | [m                             [1;31m^[m unexpected ')', ignoring it
  [2m   | [m                             [1;31m^[m unexpected ')', expecting end-of-input
  [2m   | [m                               [1;31m^~[m unexpected 'do', ignoring it
  [2m38 | [m          <!--- put your loading prompt and/or spinner here --->
  [2m39 | [m'.freeze;         end 
[2m  ~~~~~~[m
  [2m45 | [m'.freeze;
  [2m46 | [m@output_buffer.safe_append='<!-- END app/views/notes/index.html.erb -->';@output_buffer
[1;31m> [m[2m47 | [m          end
  [2m   | [m          [1;31m^~~[m unexpected 'end', ignoring it
)

Information for: ActionView::SyntaxErrorInTemplate (Encountered a syntax error while rendering template: check <div>
  <div>
    <h1>My Notes</h1>
    <%= link_to "New Note", new_user_note_path(Current.user), 
        data: { turbo_frame: "_top" } %>
  </div>


  <%= link_to "First", user_notes_path(Current.user) + "?page=1", role: "button" %>
  <% if @pagy.page > 1 %>
    <%= link_to "Previous", user_notes_path(Current.user) + "?page=" + (@pagy.page - 1).to_s, role: "button"  %>
  <% else %>
    <a href="#" role="button">Previous</a>
  <% end %>
  <% if @pagy.page == @pagy.last %>
    <a href="#" role="button">Next</a>
  <% else %>
    <%= link_to "Next", user_notes_path(Current.user) + "?page=" + (@pagy.page.next).to_s, role: "button" %>
  <% end %>
  <%= link_to "Last", user_notes_path(Current.user) + "?page=" + (@pagy.last).to_s, role: "button" %>

  <%= turbo_frame_tag "notes" do %>
    <div>
      <% @notes.each do |note| %>
        <%= turbo_frame_tag dom_id(note) do %>
          <div>
            <p><%= truncate(note.content, length: 100) %></p>
            <div>
              <%= link_to "Edit", edit_user_note_path(Current.user, note), 
                  data: { turbo_frame: "_top" } %>
            </div>
          </div>
        <% end %>
      <% end %>

      <% if @pagy&.next %>
        <%= turbo_frame_tag "posts", loading: :lazy, src: user_notes_path(Current.user)(@notes, page: @pagy.next) do %>
          <!--- put your loading prompt and/or spinner here --->
        <% end %>
      <% end %>

    </div>
  <% end %>
</div>

):
1:    <div>
2:      <div>
3:        <h1>My Notes</h1>
4:        <%= link_to "New Note", new_user_note_path(Current.user), 
5:            data: { turbo_frame: "_top" } %>
6:      </div>
7:    
8:    
9:      <%= link_to "First", user_notes_path(Current.user) + "?page=1", role: "button" %>
10:      <% if @pagy.page > 1 %>
11:        <%= link_to "Previous", user_notes_path(Current.user) + "?page=" + (@pagy.page - 1).to_s, role: "button"  %>
12:      <% else %>
13:        <a href="#" role="button">Previous</a>
14:      <% end %>
15:      <% if @pagy.page == @pagy.last %>
16:        <a href="#" role="button">Next</a>
17:      <% else %>
18:        <%= link_to "Next", user_notes_path(Current.user) + "?page=" + (@pagy.page.next).to_s, role: "button" %>
19:      <% end %>
20:      <%= link_to "Last", user_notes_path(Current.user) + "?page=" + (@pagy.last).to_s, role: "button" %>
21:    
22:      <%= turbo_frame_tag "notes" do %>
23:        <div>
24:          <% @notes.each do |note| %>
25:            <%= turbo_frame_tag dom_id(note) do %>
26:              <div>
27:                <p><%= truncate(note.content, length: 100) %></p>
28:                <div>
29:                  <%= link_to "Edit", edit_user_note_path(Current.user, note), 
30:                      data: { turbo_frame: "_top" } %>
31:                </div>
32:              </div>
33:            <% end %>
34:          <% end %>
35:    
36:          <% if @pagy&.next %>
37:            <%= turbo_frame_tag "posts", loading: :lazy, src: user_notes_path(Current.user)(@notes, page: @pagy.next) do %>
38:              <!--- put your loading prompt and/or spinner here --->
39:            <% end %>
40:          <% end %>
41:    
42:        </div>
43:      <% end %>
44:    </div>
  
app/views/notes/index.html.erb:37: syntax errors found

Information for cause: ActiveSupport::SyntaxErrorProxy (/Users/Matt/Development/scribble2/web/app/views/notes/index.html.erb:37: syntax errors found
  [2m35 | [m @output_buffer.safe_append='
  [2m36 | [m'.freeze;       if @pagy&.next 
[1;31m> [m[2m37 | [m... (@notes, page: @pagy.next) do ; @output_buffer.safe_append= ...
  [2m   | [m    [1;31m^[m unexpected '(', expecting end-of-input
  [2m   | [m     [1;31m^~~~~~~[m unexpected write target
  [2m   | [m           [1;31m^[m expected an expression after `,`
  [2m   | [m            [1;31m^[m expected a matching `)`
  [2m   | [m             [1;31m^~~~~[m unexpected label, ignoring it
  [2m   | [m             [1;31m^~~~~[m unexpected label, expecting end-of-input
  [2m   | [m             [1;31m^~~~~[m unexpected label, ignoring it
  [2m   | [m             [1;31m^~~~~[m unexpected label, expecting end-of-input
  [2m   | [m                             [1;31m^[m unexpected ')', ignoring it
  [2m   | [m                             [1;31m^[m unexpected ')', expecting end-of-input
  [2m   | [m                               [1;31m^~[m unexpected 'do', ignoring it
  [2m38 | [m          <!--- put your loading prompt and/or spinner here --->
  [2m39 | [m'.freeze;         end 
[2m  ~~~~~~[m
  [2m45 | [m'.freeze;
  [2m46 | [m@output_buffer.safe_append='<!-- END app/views/notes/index.html.erb -->';@output_buffer
[1;31m> [m[2m47 | [m          end
  [2m   | [m          [1;31m^~~[m unexpected 'end', ignoring it
):
  
app/views/notes/index.html.erb:37: syntax errors found
Finished "/hotwire-spark" [WebSocket] for ::1 at 2025-03-17 14:52:43 +0000
Hotwire::Spark::Channel stopped streaming from hotwire_spark
[ActionCable] Broadcasting to hotwire_spark: {action: :reload_html, path: "/notes/index.html.erb"}
Started GET "/1/notes?page=4" for ::1 at 2025-03-17 14:53:04 +0000
Processing by NotesController#index as HTML
  Parameters: {"page" => "4", "user_id" => "1"}
  [1m[36mSession Load (0.2ms)[0m  [1m[34mSELECT "sessions".* FROM "sessions" WHERE "sessions"."id" = 4 LIMIT 1 /*action='index',application='Web',controller='notes'*/[0m
  ↳ app/controllers/application_controller.rb:15:in 'ApplicationController#authenticate'
  [1m[36mUser Load (0.0ms)[0m  [1m[34mSELECT "users".* FROM "users" WHERE "users"."id" = 1 LIMIT 1 /*action='index',application='Web',controller='notes'*/[0m
  ↳ app/controllers/application_controller.rb:17:in 'ApplicationController#authenticate'
Error checking database connection: undefined local variable or method 'connection_config' for class Note
  [1m[36mNote Count (0.0ms)[0m  [1m[34mSELECT COUNT(*) FROM "notes" /*action='index',application='Web',controller='notes'*/[0m
  ↳ app/controllers/notes_controller.rb:5:in 'NotesController#index'
  Rendering layout layouts/application.html.erb
  Rendering notes/index.html.erb within layouts/application
  [1m[36mNote Load (0.1ms)[0m  [1m[34mSELECT "notes".* FROM "notes" ORDER BY "notes"."created_at" DESC LIMIT 8 OFFSET 24 /*action='index',application='Web',controller='notes'*/[0m
  ↳ app/views/notes/index.html.erb:24
  Rendered notes/index.html.erb within layouts/application (Duration: 5.9ms | GC: 0.0ms)
  Rendered shared/_header.html.erb (Duration: 1.6ms | GC: 0.0ms)
  Rendered layout layouts/application.html.erb (Duration: 12.4ms | GC: 0.0ms)
Completed 200 OK in 72ms (Views: 17.0ms | ActiveRecord: 2.1ms (4 queries, 0 cached) | GC: 0.2ms)


Started GET "/hotwire-spark" for ::1 at 2025-03-17 14:53:04 +0000
Started GET "/hotwire-spark" [WebSocket] for ::1 at 2025-03-17 14:53:04 +0000
Successfully upgraded to WebSocket (REQUEST_METHOD: GET, HTTP_CONNECTION: Upgrade, HTTP_UPGRADE: websocket)
Hotwire::Spark::Channel is transmitting the subscription confirmation
Hotwire::Spark::Channel is streaming from hotwire_spark
[ActionCable] Broadcasting to hotwire_spark: {action: :reload_html, path: "/notes/index.html.erb"}
Hotwire::Spark::Channel transmitting {"action" => "reload_html", "path" => "/notes/index.html.erb"} (via streamed from hotwire_spark)
Started GET "/1/notes?page=4&hotwire_spark=true&reload=1742223403066" for ::1 at 2025-03-17 14:56:43 +0000
Processing by NotesController#index as HTML
  Parameters: {"page" => "4", "hotwire_spark" => "true", "reload" => "1742223403066", "user_id" => "1"}
  [1m[36mSession Load (0.2ms)[0m  [1m[34mSELECT "sessions".* FROM "sessions" WHERE "sessions"."id" = 4 LIMIT 1 /*action='index',application='Web',controller='notes'*/[0m
  ↳ app/controllers/application_controller.rb:15:in 'ApplicationController#authenticate'
  [1m[36mUser Load (0.0ms)[0m  [1m[34mSELECT "users".* FROM "users" WHERE "users"."id" = 1 LIMIT 1 /*action='index',application='Web',controller='notes'*/[0m
  ↳ app/controllers/application_controller.rb:17:in 'ApplicationController#authenticate'
Error checking database connection: undefined local variable or method 'connection_config' for class Note
  [1m[36mNote Count (0.0ms)[0m  [1m[34mSELECT COUNT(*) FROM "notes" /*action='index',application='Web',controller='notes'*/[0m
  ↳ app/controllers/notes_controller.rb:5:in 'NotesController#index'
  Rendering layout layouts/application.html.erb
  Rendering notes/index.html.erb within layouts/application
  [1m[36mNote Load (0.1ms)[0m  [1m[34mSELECT "notes".* FROM "notes" ORDER BY "notes"."created_at" DESC LIMIT 8 OFFSET 24 /*action='index',application='Web',controller='notes'*/[0m
  ↳ app/views/notes/index.html.erb:24
  Rendered notes/index.html.erb within layouts/application (Duration: 6.5ms | GC: 0.0ms)
  Rendered shared/_header.html.erb (Duration: 2.3ms | GC: 0.0ms)
  Rendered layout layouts/application.html.erb (Duration: 14.7ms | GC: 0.0ms)
Completed 200 OK in 78ms (Views: 19.2ms | ActiveRecord: 2.3ms (4 queries, 0 cached) | GC: 0.0ms)


Started GET "/1/notes?page=4" for ::1 at 2025-03-17 14:56:44 +0000
Processing by NotesController#index as HTML
  Parameters: {"page" => "4", "user_id" => "1"}
  [1m[36mSession Load (0.1ms)[0m  [1m[34mSELECT "sessions".* FROM "sessions" WHERE "sessions"."id" = 4 LIMIT 1 /*action='index',application='Web',controller='notes'*/[0m
  ↳ app/controllers/application_controller.rb:15:in 'ApplicationController#authenticate'
  [1m[36mUser Load (0.0ms)[0m  [1m[34mSELECT "users".* FROM "users" WHERE "users"."id" = 1 LIMIT 1 /*action='index',application='Web',controller='notes'*/[0m
  ↳ app/controllers/application_controller.rb:17:in 'ApplicationController#authenticate'
Error checking database connection: undefined local variable or method 'connection_config' for class Note
  [1m[36mNote Count (0.0ms)[0m  [1m[34mSELECT COUNT(*) FROM "notes" /*action='index',application='Web',controller='notes'*/[0m
  ↳ app/controllers/notes_controller.rb:5:in 'NotesController#index'
  Rendering layout layouts/application.html.erb
  Rendering notes/index.html.erb within layouts/application
  [1m[36mNote Load (0.1ms)[0m  [1m[34mSELECT "notes".* FROM "notes" ORDER BY "notes"."created_at" DESC LIMIT 8 OFFSET 24 /*action='index',application='Web',controller='notes'*/[0m
  ↳ app/views/notes/index.html.erb:24
  Rendered notes/index.html.erb within layouts/application (Duration: 0.7ms | GC: 0.0ms)
  Rendered shared/_header.html.erb (Duration: 0.1ms | GC: 0.0ms)
  Rendered layout layouts/application.html.erb (Duration: 4.3ms | GC: 0.0ms)
Completed 200 OK in 61ms (Views: 4.9ms | ActiveRecord: 0.5ms (4 queries, 0 cached) | GC: 0.0ms)


Finished "/hotwire-spark" [WebSocket] for ::1 at 2025-03-17 14:56:44 +0000
Hotwire::Spark::Channel stopped streaming from hotwire_spark
Started GET "/hotwire-spark" for ::1 at 2025-03-17 14:56:44 +0000
Started GET "/hotwire-spark" [WebSocket] for ::1 at 2025-03-17 14:56:44 +0000
Successfully upgraded to WebSocket (REQUEST_METHOD: GET, HTTP_CONNECTION: Upgrade, HTTP_UPGRADE: websocket)
Hotwire::Spark::Channel is transmitting the subscription confirmation
Hotwire::Spark::Channel is streaming from hotwire_spark
Started GET "/1/notes?page=4" for ::1 at 2025-03-17 14:56:47 +0000
Processing by NotesController#index as HTML
  Parameters: {"page" => "4", "user_id" => "1"}
  [1m[36mSession Load (0.3ms)[0m  [1m[34mSELECT "sessions".* FROM "sessions" WHERE "sessions"."id" = 4 LIMIT 1 /*action='index',application='Web',controller='notes'*/[0m
  ↳ app/controllers/application_controller.rb:15:in 'ApplicationController#authenticate'
  [1m[36mUser Load (0.0ms)[0m  [1m[34mSELECT "users".* FROM "users" WHERE "users"."id" = 1 LIMIT 1 /*action='index',application='Web',controller='notes'*/[0m
  ↳ app/controllers/application_controller.rb:17:in 'ApplicationController#authenticate'
Error checking database connection: undefined local variable or method 'connection_config' for class Note
  [1m[36mNote Count (0.0ms)[0m  [1m[34mSELECT COUNT(*) FROM "notes" /*action='index',application='Web',controller='notes'*/[0m
  ↳ app/controllers/notes_controller.rb:5:in 'NotesController#index'
  Rendering layout layouts/application.html.erb
  Rendering notes/index.html.erb within layouts/application
  [1m[36mNote Load (0.1ms)[0m  [1m[34mSELECT "notes".* FROM "notes" ORDER BY "notes"."created_at" DESC LIMIT 8 OFFSET 24 /*action='index',application='Web',controller='notes'*/[0m
  ↳ app/views/notes/index.html.erb:24
  Rendered notes/index.html.erb within layouts/application (Duration: 0.7ms | GC: 0.0ms)
  Rendered shared/_header.html.erb (Duration: 0.1ms | GC: 0.0ms)
  Rendered layout layouts/application.html.erb (Duration: 1.2ms | GC: 0.0ms)
Completed 200 OK in 60ms (Views: 1.3ms | ActiveRecord: 0.8ms (4 queries, 0 cached) | GC: 0.0ms)


Finished "/hotwire-spark" [WebSocket] for ::1 at 2025-03-17 14:56:47 +0000
Hotwire::Spark::Channel stopped streaming from hotwire_spark
Started GET "/hotwire-spark" for ::1 at 2025-03-17 14:56:47 +0000
Started GET "/hotwire-spark" [WebSocket] for ::1 at 2025-03-17 14:56:47 +0000
Successfully upgraded to WebSocket (REQUEST_METHOD: GET, HTTP_CONNECTION: Upgrade, HTTP_UPGRADE: websocket)
Hotwire::Spark::Channel is transmitting the subscription confirmation
Hotwire::Spark::Channel is streaming from hotwire_spark
Started GET "/1/notes?page=4" for ::1 at 2025-03-17 14:56:48 +0000
Processing by NotesController#index as HTML
  Parameters: {"page" => "4", "user_id" => "1"}
  [1m[36mSession Load (0.1ms)[0m  [1m[34mSELECT "sessions".* FROM "sessions" WHERE "sessions"."id" = 4 LIMIT 1 /*action='index',application='Web',controller='notes'*/[0m
  ↳ app/controllers/application_controller.rb:15:in 'ApplicationController#authenticate'
  [1m[36mUser Load (0.0ms)[0m  [1m[34mSELECT "users".* FROM "users" WHERE "users"."id" = 1 LIMIT 1 /*action='index',application='Web',controller='notes'*/[0m
  ↳ app/controllers/application_controller.rb:17:in 'ApplicationController#authenticate'
Error checking database connection: undefined local variable or method 'connection_config' for class Note
  [1m[36mNote Count (0.0ms)[0m  [1m[34mSELECT COUNT(*) FROM "notes" /*action='index',application='Web',controller='notes'*/[0m
  ↳ app/controllers/notes_controller.rb:5:in 'NotesController#index'
  Rendering layout layouts/application.html.erb
  Rendering notes/index.html.erb within layouts/application
  [1m[36mNote Load (0.1ms)[0m  [1m[34mSELECT "notes".* FROM "notes" ORDER BY "notes"."created_at" DESC LIMIT 8 OFFSET 24 /*action='index',application='Web',controller='notes'*/[0m
  ↳ app/views/notes/index.html.erb:24
  Rendered notes/index.html.erb within layouts/application (Duration: 0.7ms | GC: 0.0ms)
  Rendered shared/_header.html.erb (Duration: 0.1ms | GC: 0.0ms)
  Rendered layout layouts/application.html.erb (Duration: 1.2ms | GC: 0.0ms)
Completed 200 OK in 54ms (Views: 1.3ms | ActiveRecord: 0.5ms (4 queries, 0 cached) | GC: 0.0ms)


Finished "/hotwire-spark" [WebSocket] for ::1 at 2025-03-17 14:56:48 +0000
Hotwire::Spark::Channel stopped streaming from hotwire_spark
Started GET "/hotwire-spark" for ::1 at 2025-03-17 14:56:48 +0000
Started GET "/hotwire-spark" [WebSocket] for ::1 at 2025-03-17 14:56:48 +0000
Successfully upgraded to WebSocket (REQUEST_METHOD: GET, HTTP_CONNECTION: Upgrade, HTTP_UPGRADE: websocket)
Hotwire::Spark::Channel is transmitting the subscription confirmation
Hotwire::Spark::Channel is streaming from hotwire_spark
Started GET "/1/notes?page=4" for ::1 at 2025-03-17 14:56:48 +0000
Processing by NotesController#index as HTML
  Parameters: {"page" => "4", "user_id" => "1"}
  [1m[36mSession Load (0.1ms)[0m  [1m[34mSELECT "sessions".* FROM "sessions" WHERE "sessions"."id" = 4 LIMIT 1 /*action='index',application='Web',controller='notes'*/[0m
  ↳ app/controllers/application_controller.rb:15:in 'ApplicationController#authenticate'
  [1m[36mUser Load (0.0ms)[0m  [1m[34mSELECT "users".* FROM "users" WHERE "users"."id" = 1 LIMIT 1 /*action='index',application='Web',controller='notes'*/[0m
  ↳ app/controllers/application_controller.rb:17:in 'ApplicationController#authenticate'
Error checking database connection: undefined local variable or method 'connection_config' for class Note
  [1m[36mNote Count (0.0ms)[0m  [1m[34mSELECT COUNT(*) FROM "notes" /*action='index',application='Web',controller='notes'*/[0m
  ↳ app/controllers/notes_controller.rb:5:in 'NotesController#index'
  Rendering layout layouts/application.html.erb
  Rendering notes/index.html.erb within layouts/application
  [1m[36mNote Load (0.1ms)[0m  [1m[34mSELECT "notes".* FROM "notes" ORDER BY "notes"."created_at" DESC LIMIT 8 OFFSET 24 /*action='index',application='Web',controller='notes'*/[0m
  ↳ app/views/notes/index.html.erb:24
  Rendered notes/index.html.erb within layouts/application (Duration: 1.0ms | GC: 0.0ms)
  Rendered shared/_header.html.erb (Duration: 0.1ms | GC: 0.0ms)
  Rendered layout layouts/application.html.erb (Duration: 1.5ms | GC: 0.0ms)
Completed 200 OK in 47ms (Views: 1.6ms | ActiveRecord: 0.5ms (4 queries, 0 cached) | GC: 0.0ms)


Finished "/hotwire-spark" [WebSocket] for ::1 at 2025-03-17 14:56:48 +0000
Hotwire::Spark::Channel stopped streaming from hotwire_spark
Started GET "/hotwire-spark" for ::1 at 2025-03-17 14:56:48 +0000
Started GET "/hotwire-spark" [WebSocket] for ::1 at 2025-03-17 14:56:48 +0000
Successfully upgraded to WebSocket (REQUEST_METHOD: GET, HTTP_CONNECTION: Upgrade, HTTP_UPGRADE: websocket)
Hotwire::Spark::Channel is transmitting the subscription confirmation
Hotwire::Spark::Channel is streaming from hotwire_spark
[ActionCable] Broadcasting to hotwire_spark: {action: :reload_html, path: "/notes/index.html.erb"}
Hotwire::Spark::Channel transmitting {"action" => "reload_html", "path" => "/notes/index.html.erb"} (via streamed from hotwire_spark)
Started GET "/1/notes?page=4&hotwire_spark=true&reload=1742223424818" for ::1 at 2025-03-17 14:57:04 +0000
Processing by NotesController#index as HTML
  Parameters: {"page" => "4", "hotwire_spark" => "true", "reload" => "1742223424818", "user_id" => "1"}
  [1m[36mSession Load (0.2ms)[0m  [1m[34mSELECT "sessions".* FROM "sessions" WHERE "sessions"."id" = 4 LIMIT 1 /*action='index',application='Web',controller='notes'*/[0m
  ↳ app/controllers/application_controller.rb:15:in 'ApplicationController#authenticate'
  [1m[36mUser Load (0.0ms)[0m  [1m[34mSELECT "users".* FROM "users" WHERE "users"."id" = 1 LIMIT 1 /*action='index',application='Web',controller='notes'*/[0m
  ↳ app/controllers/application_controller.rb:17:in 'ApplicationController#authenticate'
Error checking database connection: undefined local variable or method 'connection_config' for class Note
  [1m[36mNote Count (0.0ms)[0m  [1m[34mSELECT COUNT(*) FROM "notes" /*action='index',application='Web',controller='notes'*/[0m
  ↳ app/controllers/notes_controller.rb:5:in 'NotesController#index'
  Rendering layout layouts/application.html.erb
  Rendering notes/index.html.erb within layouts/application
  [1m[36mNote Load (0.1ms)[0m  [1m[34mSELECT "notes".* FROM "notes" ORDER BY "notes"."created_at" DESC LIMIT 8 OFFSET 24 /*action='index',application='Web',controller='notes'*/[0m
  ↳ app/views/notes/index.html.erb:24
  Rendered notes/index.html.erb within layouts/application (Duration: 5.9ms | GC: 0.3ms)
  Rendered shared/_header.html.erb (Duration: 5.0ms | GC: 0.0ms)
  Rendered layout layouts/application.html.erb (Duration: 16.2ms | GC: 0.3ms)
Completed 200 OK in 76ms (Views: 19.9ms | ActiveRecord: 2.2ms (4 queries, 0 cached) | GC: 1.0ms)


Started GET "/1/notes?page=4" for ::1 at 2025-03-17 14:57:05 +0000
Processing by NotesController#index as HTML
  Parameters: {"page" => "4", "user_id" => "1"}
  [1m[36mSession Load (0.1ms)[0m  [1m[34mSELECT "sessions".* FROM "sessions" WHERE "sessions"."id" = 4 LIMIT 1 /*action='index',application='Web',controller='notes'*/[0m
  ↳ app/controllers/application_controller.rb:15:in 'ApplicationController#authenticate'
  [1m[36mUser Load (0.0ms)[0m  [1m[34mSELECT "users".* FROM "users" WHERE "users"."id" = 1 LIMIT 1 /*action='index',application='Web',controller='notes'*/[0m
  ↳ app/controllers/application_controller.rb:17:in 'ApplicationController#authenticate'
Error checking database connection: undefined local variable or method 'connection_config' for class Note
  [1m[36mNote Count (0.0ms)[0m  [1m[34mSELECT COUNT(*) FROM "notes" /*action='index',application='Web',controller='notes'*/[0m
  ↳ app/controllers/notes_controller.rb:5:in 'NotesController#index'
  Rendering layout layouts/application.html.erb
  Rendering notes/index.html.erb within layouts/application
  [1m[36mNote Load (0.0ms)[0m  [1m[34mSELECT "notes".* FROM "notes" ORDER BY "notes"."created_at" DESC LIMIT 8 OFFSET 24 /*action='index',application='Web',controller='notes'*/[0m
  ↳ app/views/notes/index.html.erb:24
  Rendered notes/index.html.erb within layouts/application (Duration: 0.9ms | GC: 0.1ms)
  Rendered shared/_header.html.erb (Duration: 0.1ms | GC: 0.0ms)
  Rendered layout layouts/application.html.erb (Duration: 2.2ms | GC: 0.1ms)
Completed 200 OK in 37ms (Views: 2.9ms | ActiveRecord: 0.4ms (4 queries, 0 cached) | GC: 0.1ms)


Finished "/hotwire-spark" [WebSocket] for ::1 at 2025-03-17 14:57:05 +0000
Hotwire::Spark::Channel stopped streaming from hotwire_spark
Started GET "/hotwire-spark" for ::1 at 2025-03-17 14:57:05 +0000
Started GET "/hotwire-spark" [WebSocket] for ::1 at 2025-03-17 14:57:05 +0000
Successfully upgraded to WebSocket (REQUEST_METHOD: GET, HTTP_CONNECTION: Upgrade, HTTP_UPGRADE: websocket)
Hotwire::Spark::Channel is transmitting the subscription confirmation
Hotwire::Spark::Channel is streaming from hotwire_spark
[ActionCable] Broadcasting to hotwire_spark: {action: :reload_html, path: "/notes/index.html.erb"}
Hotwire::Spark::Channel transmitting {"action" => "reload_html", "path" => "/notes/index.html.erb"} (via streamed from hotwire_spark)
Started GET "/1/notes?page=4&hotwire_spark=true&reload=1742223446675" for ::1 at 2025-03-17 14:57:26 +0000
Processing by NotesController#index as HTML
  Parameters: {"page" => "4", "hotwire_spark" => "true", "reload" => "1742223446675", "user_id" => "1"}
  [1m[36mSession Load (0.2ms)[0m  [1m[34mSELECT "sessions".* FROM "sessions" WHERE "sessions"."id" = 4 LIMIT 1 /*action='index',application='Web',controller='notes'*/[0m
  ↳ app/controllers/application_controller.rb:15:in 'ApplicationController#authenticate'
  [1m[36mUser Load (0.0ms)[0m  [1m[34mSELECT "users".* FROM "users" WHERE "users"."id" = 1 LIMIT 1 /*action='index',application='Web',controller='notes'*/[0m
  ↳ app/controllers/application_controller.rb:17:in 'ApplicationController#authenticate'
Error checking database connection: undefined local variable or method 'connection_config' for class Note
  [1m[36mNote Count (0.1ms)[0m  [1m[34mSELECT COUNT(*) FROM "notes" /*action='index',application='Web',controller='notes'*/[0m
  ↳ app/controllers/notes_controller.rb:5:in 'NotesController#index'
  Rendering layout layouts/application.html.erb
  Rendering notes/index.html.erb within layouts/application
  [1m[36mNote Load (0.1ms)[0m  [1m[34mSELECT "notes".* FROM "notes" ORDER BY "notes"."created_at" DESC LIMIT 8 OFFSET 24 /*action='index',application='Web',controller='notes'*/[0m
  ↳ app/views/notes/index.html.erb:24
  Rendered notes/index.html.erb within layouts/application (Duration: 4.2ms | GC: 0.1ms)
  Rendered shared/_header.html.erb (Duration: 1.4ms | GC: 0.0ms)
  Rendered layout layouts/application.html.erb (Duration: 10.2ms | GC: 0.2ms)
Completed 200 OK in 70ms (Views: 14.6ms | ActiveRecord: 2.2ms (4 queries, 0 cached) | GC: 0.4ms)


Started GET "/1/notes?page=4" for ::1 at 2025-03-17 14:57:29 +0000
Processing by NotesController#index as HTML
  Parameters: {"page" => "4", "user_id" => "1"}
  [1m[36mSession Load (0.2ms)[0m  [1m[34mSELECT "sessions".* FROM "sessions" WHERE "sessions"."id" = 4 LIMIT 1 /*action='index',application='Web',controller='notes'*/[0m
  ↳ app/controllers/application_controller.rb:15:in 'ApplicationController#authenticate'
  [1m[36mUser Load (0.0ms)[0m  [1m[34mSELECT "users".* FROM "users" WHERE "users"."id" = 1 LIMIT 1 /*action='index',application='Web',controller='notes'*/[0m
  ↳ app/controllers/application_controller.rb:17:in 'ApplicationController#authenticate'
Error checking database connection: undefined local variable or method 'connection_config' for class Note
  [1m[36mNote Count (0.0ms)[0m  [1m[34mSELECT COUNT(*) FROM "notes" /*action='index',application='Web',controller='notes'*/[0m
  ↳ app/controllers/notes_controller.rb:5:in 'NotesController#index'
  Rendering layout layouts/application.html.erb
  Rendering notes/index.html.erb within layouts/application
  [1m[36mNote Load (0.1ms)[0m  [1m[34mSELECT "notes".* FROM "notes" ORDER BY "notes"."created_at" DESC LIMIT 8 OFFSET 24 /*action='index',application='Web',controller='notes'*/[0m
  ↳ app/views/notes/index.html.erb:24
  Rendered notes/index.html.erb within layouts/application (Duration: 0.7ms | GC: 0.0ms)
  Rendered shared/_header.html.erb (Duration: 0.1ms | GC: 0.0ms)
  Rendered layout layouts/application.html.erb (Duration: 2.5ms | GC: 0.0ms)
Completed 200 OK in 63ms (Views: 2.9ms | ActiveRecord: 0.7ms (4 queries, 0 cached) | GC: 0.1ms)


Finished "/hotwire-spark" [WebSocket] for ::1 at 2025-03-17 14:57:30 +0000
Hotwire::Spark::Channel stopped streaming from hotwire_spark
Started GET "/hotwire-spark" for ::1 at 2025-03-17 14:57:30 +0000
Started GET "/hotwire-spark" [WebSocket] for ::1 at 2025-03-17 14:57:30 +0000
Successfully upgraded to WebSocket (REQUEST_METHOD: GET, HTTP_CONNECTION: Upgrade, HTTP_UPGRADE: websocket)
Hotwire::Spark::Channel is transmitting the subscription confirmation
Hotwire::Spark::Channel is streaming from hotwire_spark
Started GET "/1/notes?page=4" for ::1 at 2025-03-17 14:57:30 +0000
Processing by NotesController#index as HTML
  Parameters: {"page" => "4", "user_id" => "1"}
  [1m[36mSession Load (0.1ms)[0m  [1m[34mSELECT "sessions".* FROM "sessions" WHERE "sessions"."id" = 4 LIMIT 1 /*action='index',application='Web',controller='notes'*/[0m
  ↳ app/controllers/application_controller.rb:15:in 'ApplicationController#authenticate'
  [1m[36mUser Load (0.0ms)[0m  [1m[34mSELECT "users".* FROM "users" WHERE "users"."id" = 1 LIMIT 1 /*action='index',application='Web',controller='notes'*/[0m
  ↳ app/controllers/application_controller.rb:17:in 'ApplicationController#authenticate'
Error checking database connection: undefined local variable or method 'connection_config' for class Note
  [1m[36mNote Count (0.0ms)[0m  [1m[34mSELECT COUNT(*) FROM "notes" /*action='index',application='Web',controller='notes'*/[0m
  ↳ app/controllers/notes_controller.rb:5:in 'NotesController#index'
  Rendering layout layouts/application.html.erb
  Rendering notes/index.html.erb within layouts/application
  [1m[36mNote Load (0.2ms)[0m  [1m[34mSELECT "notes".* FROM "notes" ORDER BY "notes"."created_at" DESC LIMIT 8 OFFSET 24 /*action='index',application='Web',controller='notes'*/[0m
  ↳ app/views/notes/index.html.erb:24
  Rendered notes/index.html.erb within layouts/application (Duration: 0.9ms | GC: 0.1ms)
  Rendered shared/_header.html.erb (Duration: 0.1ms | GC: 0.0ms)
  Rendered layout layouts/application.html.erb (Duration: 1.4ms | GC: 0.1ms)
Completed 200 OK in 67ms (Views: 1.4ms | ActiveRecord: 0.7ms (4 queries, 0 cached) | GC: 0.1ms)


Finished "/hotwire-spark" [WebSocket] for ::1 at 2025-03-17 14:57:30 +0000
Hotwire::Spark::Channel stopped streaming from hotwire_spark
Started GET "/hotwire-spark" for ::1 at 2025-03-17 14:57:30 +0000
Started GET "/hotwire-spark" [WebSocket] for ::1 at 2025-03-17 14:57:30 +0000
Successfully upgraded to WebSocket (REQUEST_METHOD: GET, HTTP_CONNECTION: Upgrade, HTTP_UPGRADE: websocket)
Hotwire::Spark::Channel is transmitting the subscription confirmation
Hotwire::Spark::Channel is streaming from hotwire_spark
Started GET "/1/notes?page=4" for ::1 at 2025-03-17 14:57:30 +0000
Processing by NotesController#index as HTML
  Parameters: {"page" => "4", "user_id" => "1"}
  [1m[36mSession Load (0.1ms)[0m  [1m[34mSELECT "sessions".* FROM "sessions" WHERE "sessions"."id" = 4 LIMIT 1 /*action='index',application='Web',controller='notes'*/[0m
  ↳ app/controllers/application_controller.rb:15:in 'ApplicationController#authenticate'
  [1m[36mUser Load (0.0ms)[0m  [1m[34mSELECT "users".* FROM "users" WHERE "users"."id" = 1 LIMIT 1 /*action='index',application='Web',controller='notes'*/[0m
  ↳ app/controllers/application_controller.rb:17:in 'ApplicationController#authenticate'
Error checking database connection: undefined local variable or method 'connection_config' for class Note
  [1m[36mNote Count (0.0ms)[0m  [1m[34mSELECT COUNT(*) FROM "notes" /*action='index',application='Web',controller='notes'*/[0m
  ↳ app/controllers/notes_controller.rb:5:in 'NotesController#index'
  Rendering layout layouts/application.html.erb
  Rendering notes/index.html.erb within layouts/application
  [1m[36mNote Load (0.1ms)[0m  [1m[34mSELECT "notes".* FROM "notes" ORDER BY "notes"."created_at" DESC LIMIT 8 OFFSET 24 /*action='index',application='Web',controller='notes'*/[0m
  ↳ app/views/notes/index.html.erb:24
  Rendered notes/index.html.erb within layouts/application (Duration: 0.6ms | GC: 0.0ms)
  Rendered shared/_header.html.erb (Duration: 0.1ms | GC: 0.0ms)
  Rendered layout layouts/application.html.erb (Duration: 1.1ms | GC: 0.0ms)
Completed 200 OK in 53ms (Views: 1.2ms | ActiveRecord: 0.5ms (4 queries, 0 cached) | GC: 0.1ms)


Finished "/hotwire-spark" [WebSocket] for ::1 at 2025-03-17 14:57:30 +0000
Hotwire::Spark::Channel stopped streaming from hotwire_spark
Started GET "/hotwire-spark" for ::1 at 2025-03-17 14:57:30 +0000
Started GET "/hotwire-spark" [WebSocket] for ::1 at 2025-03-17 14:57:30 +0000
Successfully upgraded to WebSocket (REQUEST_METHOD: GET, HTTP_CONNECTION: Upgrade, HTTP_UPGRADE: websocket)
Hotwire::Spark::Channel is transmitting the subscription confirmation
Hotwire::Spark::Channel is streaming from hotwire_spark
Started GET "/1/notes?page=4" for ::1 at 2025-03-17 14:57:31 +0000
Processing by NotesController#index as HTML
  Parameters: {"page" => "4", "user_id" => "1"}
  [1m[36mSession Load (0.1ms)[0m  [1m[34mSELECT "sessions".* FROM "sessions" WHERE "sessions"."id" = 4 LIMIT 1 /*action='index',application='Web',controller='notes'*/[0m
  ↳ app/controllers/application_controller.rb:15:in 'ApplicationController#authenticate'
  [1m[36mUser Load (0.0ms)[0m  [1m[34mSELECT "users".* FROM "users" WHERE "users"."id" = 1 LIMIT 1 /*action='index',application='Web',controller='notes'*/[0m
  ↳ app/controllers/application_controller.rb:17:in 'ApplicationController#authenticate'
Error checking database connection: undefined local variable or method 'connection_config' for class Note
  [1m[36mNote Count (0.0ms)[0m  [1m[34mSELECT COUNT(*) FROM "notes" /*action='index',application='Web',controller='notes'*/[0m
  ↳ app/controllers/notes_controller.rb:5:in 'NotesController#index'
  Rendering layout layouts/application.html.erb
  Rendering notes/index.html.erb within layouts/application
  [1m[36mNote Load (0.0ms)[0m  [1m[34mSELECT "notes".* FROM "notes" ORDER BY "notes"."created_at" DESC LIMIT 8 OFFSET 24 /*action='index',application='Web',controller='notes'*/[0m
  ↳ app/views/notes/index.html.erb:24
  Rendered notes/index.html.erb within layouts/application (Duration: 0.5ms | GC: 0.0ms)
  Rendered shared/_header.html.erb (Duration: 0.1ms | GC: 0.0ms)
  Rendered layout layouts/application.html.erb (Duration: 0.9ms | GC: 0.0ms)
Completed 200 OK in 35ms (Views: 1.0ms | ActiveRecord: 0.4ms (4 queries, 0 cached) | GC: 0.0ms)


Finished "/hotwire-spark" [WebSocket] for ::1 at 2025-03-17 14:57:31 +0000
Hotwire::Spark::Channel stopped streaming from hotwire_spark
Started GET "/hotwire-spark" for ::1 at 2025-03-17 14:57:31 +0000
Started GET "/hotwire-spark" [WebSocket] for ::1 at 2025-03-17 14:57:31 +0000
Successfully upgraded to WebSocket (REQUEST_METHOD: GET, HTTP_CONNECTION: Upgrade, HTTP_UPGRADE: websocket)
Hotwire::Spark::Channel is transmitting the subscription confirmation
Hotwire::Spark::Channel is streaming from hotwire_spark
Started GET "/1/notes?page=4" for ::1 at 2025-03-17 14:57:35 +0000
Processing by NotesController#index as HTML
  Parameters: {"page" => "4", "user_id" => "1"}
  [1m[36mSession Load (0.1ms)[0m  [1m[34mSELECT "sessions".* FROM "sessions" WHERE "sessions"."id" = 4 LIMIT 1 /*action='index',application='Web',controller='notes'*/[0m
  ↳ app/controllers/application_controller.rb:15:in 'ApplicationController#authenticate'
  [1m[36mUser Load (0.0ms)[0m  [1m[34mSELECT "users".* FROM "users" WHERE "users"."id" = 1 LIMIT 1 /*action='index',application='Web',controller='notes'*/[0m
  ↳ app/controllers/application_controller.rb:17:in 'ApplicationController#authenticate'
Error checking database connection: undefined local variable or method 'connection_config' for class Note
  [1m[36mNote Count (0.0ms)[0m  [1m[34mSELECT COUNT(*) FROM "notes" /*action='index',application='Web',controller='notes'*/[0m
  ↳ app/controllers/notes_controller.rb:5:in 'NotesController#index'
  Rendering layout layouts/application.html.erb
  Rendering notes/index.html.erb within layouts/application
  [1m[36mNote Load (0.1ms)[0m  [1m[34mSELECT "notes".* FROM "notes" ORDER BY "notes"."created_at" DESC LIMIT 8 OFFSET 24 /*action='index',application='Web',controller='notes'*/[0m
  ↳ app/views/notes/index.html.erb:24
  Rendered notes/index.html.erb within layouts/application (Duration: 0.7ms | GC: 0.0ms)
  Rendered shared/_header.html.erb (Duration: 0.1ms | GC: 0.0ms)
  Rendered layout layouts/application.html.erb (Duration: 1.2ms | GC: 0.0ms)
Completed 200 OK in 62ms (Views: 1.3ms | ActiveRecord: 0.6ms (4 queries, 0 cached) | GC: 0.0ms)


Started GET "/1/notes?page=3" for ::1 at 2025-03-17 14:57:36 +0000
Processing by NotesController#index as HTML
  Parameters: {"page" => "3", "user_id" => "1"}
  [1m[36mSession Load (0.1ms)[0m  [1m[34mSELECT "sessions".* FROM "sessions" WHERE "sessions"."id" = 4 LIMIT 1 /*action='index',application='Web',controller='notes'*/[0m
  ↳ app/controllers/application_controller.rb:15:in 'ApplicationController#authenticate'
  [1m[36mUser Load (0.0ms)[0m  [1m[34mSELECT "users".* FROM "users" WHERE "users"."id" = 1 LIMIT 1 /*action='index',application='Web',controller='notes'*/[0m
  ↳ app/controllers/application_controller.rb:17:in 'ApplicationController#authenticate'
Error checking database connection: undefined local variable or method 'connection_config' for class Note
  [1m[36mNote Count (0.0ms)[0m  [1m[34mSELECT COUNT(*) FROM "notes" /*action='index',application='Web',controller='notes'*/[0m
  ↳ app/controllers/notes_controller.rb:5:in 'NotesController#index'
  Rendering layout layouts/application.html.erb
  Rendering notes/index.html.erb within layouts/application
  [1m[36mNote Load (0.1ms)[0m  [1m[34mSELECT "notes".* FROM "notes" ORDER BY "notes"."created_at" DESC LIMIT 8 OFFSET 16 /*action='index',application='Web',controller='notes'*/[0m
  ↳ app/views/notes/index.html.erb:24
  Rendered notes/index.html.erb within layouts/application (Duration: 1.5ms | GC: 0.0ms)
  Rendered shared/_header.html.erb (Duration: 0.1ms | GC: 0.0ms)
  Rendered layout layouts/application.html.erb (Duration: 1.9ms | GC: 0.0ms)
Completed 200 OK in 56ms (Views: 2.0ms | ActiveRecord: 0.6ms (4 queries, 0 cached) | GC: 0.0ms)


Started GET "/%23%3CNote::ActiveRecord_Relation:0x000000013cf9caa8%3E/notes?page=4" for ::1 at 2025-03-17 14:57:36 +0000
Processing by NotesController#index as HTML
  Parameters: {"page" => "4", "user_id" => "#<Note::ActiveRecord_Relation:0x000000013cf9caa8>"}
  [1m[36mSession Load (0.1ms)[0m  [1m[34mSELECT "sessions".* FROM "sessions" WHERE "sessions"."id" = 4 LIMIT 1 /*action='index',application='Web',controller='notes'*/[0m
  ↳ app/controllers/application_controller.rb:15:in 'ApplicationController#authenticate'
  [1m[36mUser Load (0.0ms)[0m  [1m[34mSELECT "users".* FROM "users" WHERE "users"."id" = 1 LIMIT 1 /*action='index',application='Web',controller='notes'*/[0m
  ↳ app/controllers/application_controller.rb:17:in 'ApplicationController#authenticate'
Error checking database connection: undefined local variable or method 'connection_config' for class Note
  [1m[36mNote Count (0.0ms)[0m  [1m[34mSELECT COUNT(*) FROM "notes" /*action='index',application='Web',controller='notes'*/[0m
  ↳ app/controllers/notes_controller.rb:5:in 'NotesController#index'
  Rendering layout /Users/Matt/.local/share/rbenv/versions/3.4.2/lib/ruby/gems/3.4.0/gems/turbo-rails-2.0.13/app/views/layouts/turbo_rails/frame.html.erb
  Rendering notes/index.html.erb within layouts/turbo_rails/frame
  [1m[36mNote Load (0.1ms)[0m  [1m[34mSELECT "notes".* FROM "notes" ORDER BY "notes"."created_at" DESC LIMIT 8 OFFSET 24 /*action='index',application='Web',controller='notes'*/[0m
  ↳ app/views/notes/index.html.erb:24
  Rendered notes/index.html.erb within layouts/turbo_rails/frame (Duration: 0.7ms | GC: 0.0ms)
  Rendered layout /Users/Matt/.local/share/rbenv/versions/3.4.2/lib/ruby/gems/3.4.0/gems/turbo-rails-2.0.13/app/views/layouts/turbo_rails/frame.html.erb (Duration: 0.9ms | GC: 0.0ms)
Completed 200 OK in 60ms (Views: 2.2ms | ActiveRecord: 0.6ms (4 queries, 0 cached) | GC: 0.0ms)


Started GET "/1/notes?page=2" for ::1 at 2025-03-17 14:57:36 +0000
Processing by NotesController#index as HTML
  Parameters: {"page" => "2", "user_id" => "1"}
  [1m[36mSession Load (0.1ms)[0m  [1m[34mSELECT "sessions".* FROM "sessions" WHERE "sessions"."id" = 4 LIMIT 1 /*action='index',application='Web',controller='notes'*/[0m
  ↳ app/controllers/application_controller.rb:15:in 'ApplicationController#authenticate'
  [1m[36mUser Load (0.0ms)[0m  [1m[34mSELECT "users".* FROM "users" WHERE "users"."id" = 1 LIMIT 1 /*action='index',application='Web',controller='notes'*/[0m
  ↳ app/controllers/application_controller.rb:17:in 'ApplicationController#authenticate'
Error checking database connection: undefined local variable or method 'connection_config' for class Note
  [1m[36mNote Count (0.0ms)[0m  [1m[34mSELECT COUNT(*) FROM "notes" /*action='index',application='Web',controller='notes'*/[0m
  ↳ app/controllers/notes_controller.rb:5:in 'NotesController#index'
  Rendering layout layouts/application.html.erb
  Rendering notes/index.html.erb within layouts/application
  [1m[36mNote Load (0.0ms)[0m  [1m[34mSELECT "notes".* FROM "notes" ORDER BY "notes"."created_at" DESC LIMIT 8 OFFSET 8 /*action='index',application='Web',controller='notes'*/[0m
  ↳ app/views/notes/index.html.erb:24
  Rendered notes/index.html.erb within layouts/application (Duration: 0.7ms | GC: 0.0ms)
  Rendered shared/_header.html.erb (Duration: 0.1ms | GC: 0.0ms)
  Rendered layout layouts/application.html.erb (Duration: 1.1ms | GC: 0.0ms)
Completed 200 OK in 35ms (Views: 1.1ms | ActiveRecord: 0.4ms (4 queries, 0 cached) | GC: 0.0ms)


Started GET "/1/notes?page=4" for ::1 at 2025-03-17 14:57:37 +0000
Processing by NotesController#index as HTML
  Parameters: {"page" => "4", "user_id" => "1"}
  [1m[36mSession Load (0.1ms)[0m  [1m[34mSELECT "sessions".* FROM "sessions" WHERE "sessions"."id" = 4 LIMIT 1 /*action='index',application='Web',controller='notes'*/[0m
  ↳ app/controllers/application_controller.rb:15:in 'ApplicationController#authenticate'
  [1m[36mUser Load (0.0ms)[0m  [1m[34mSELECT "users".* FROM "users" WHERE "users"."id" = 1 LIMIT 1 /*action='index',application='Web',controller='notes'*/[0m
  ↳ app/controllers/application_controller.rb:17:in 'ApplicationController#authenticate'
Error checking database connection: undefined local variable or method 'connection_config' for class Note
  [1m[36mNote Count (0.0ms)[0m  [1m[34mSELECT COUNT(*) FROM "notes" /*action='index',application='Web',controller='notes'*/[0m
  ↳ app/controllers/notes_controller.rb:5:in 'NotesController#index'
  Rendering layout layouts/application.html.erb
  Rendering notes/index.html.erb within layouts/application
  [1m[36mNote Load (0.1ms)[0m  [1m[34mSELECT "notes".* FROM "notes" ORDER BY "notes"."created_at" DESC LIMIT 8 OFFSET 24 /*action='index',application='Web',controller='notes'*/[0m
  ↳ app/views/notes/index.html.erb:24
  Rendered notes/index.html.erb within layouts/application (Duration: 0.7ms | GC: 0.0ms)
  Rendered shared/_header.html.erb (Duration: 0.1ms | GC: 0.0ms)
  Rendered layout layouts/application.html.erb (Duration: 1.2ms | GC: 0.0ms)
Completed 200 OK in 59ms (Views: 1.3ms | ActiveRecord: 0.6ms (4 queries, 0 cached) | GC: 0.0ms)


[ActionCable] Broadcasting to hotwire_spark: {action: :reload_html, path: "/notes/index.html.erb"}
Hotwire::Spark::Channel transmitting {"action" => "reload_html", "path" => "/notes/index.html.erb"} (via streamed from hotwire_spark)
Started GET "/1/notes?page=4&hotwire_spark=true&reload=1742223473050" for ::1 at 2025-03-17 14:57:53 +0000
Processing by NotesController#index as HTML
  Parameters: {"page" => "4", "hotwire_spark" => "true", "reload" => "1742223473050", "user_id" => "1"}
  [1m[36mSession Load (0.3ms)[0m  [1m[34mSELECT "sessions".* FROM "sessions" WHERE "sessions"."id" = 4 LIMIT 1 /*action='index',application='Web',controller='notes'*/[0m
  ↳ app/controllers/application_controller.rb:15:in 'ApplicationController#authenticate'
  [1m[36mUser Load (0.0ms)[0m  [1m[34mSELECT "users".* FROM "users" WHERE "users"."id" = 1 LIMIT 1 /*action='index',application='Web',controller='notes'*/[0m
  ↳ app/controllers/application_controller.rb:17:in 'ApplicationController#authenticate'
Error checking database connection: undefined local variable or method 'connection_config' for class Note
  [1m[36mNote Count (0.0ms)[0m  [1m[34mSELECT COUNT(*) FROM "notes" /*action='index',application='Web',controller='notes'*/[0m
  ↳ app/controllers/notes_controller.rb:5:in 'NotesController#index'
  Rendering layout layouts/application.html.erb
  Rendering notes/index.html.erb within layouts/application
  [1m[36mNote Load (0.1ms)[0m  [1m[34mSELECT "notes".* FROM "notes" ORDER BY "notes"."created_at" DESC LIMIT 8 OFFSET 24 /*action='index',application='Web',controller='notes'*/[0m
  ↳ app/views/notes/index.html.erb:24
  Rendered notes/index.html.erb within layouts/application (Duration: 4.1ms | GC: 0.0ms)
  Rendered shared/_header.html.erb (Duration: 1.4ms | GC: 0.0ms)
  Rendered layout layouts/application.html.erb (Duration: 8.5ms | GC: 0.2ms)
Completed 200 OK in 76ms (Views: 12.2ms | ActiveRecord: 2.5ms (4 queries, 0 cached) | GC: 6.4ms)


[ActionCable] Broadcasting to hotwire_spark: {action: :reload_html, path: "/notes/index.html.erb"}
Hotwire::Spark::Channel transmitting {"action" => "reload_html", "path" => "/notes/index.html.erb"} (via streamed from hotwire_spark)
Started GET "/1/notes?page=4&hotwire_spark=true&reload=1742223534325" for ::1 at 2025-03-17 14:58:54 +0000
Processing by NotesController#index as HTML
  Parameters: {"page" => "4", "hotwire_spark" => "true", "reload" => "1742223534325", "user_id" => "1"}
  [1m[36mSession Load (0.2ms)[0m  [1m[34mSELECT "sessions".* FROM "sessions" WHERE "sessions"."id" = 4 LIMIT 1 /*action='index',application='Web',controller='notes'*/[0m
  ↳ app/controllers/application_controller.rb:15:in 'ApplicationController#authenticate'
  [1m[36mUser Load (0.0ms)[0m  [1m[34mSELECT "users".* FROM "users" WHERE "users"."id" = 1 LIMIT 1 /*action='index',application='Web',controller='notes'*/[0m
  ↳ app/controllers/application_controller.rb:17:in 'ApplicationController#authenticate'
Error checking database connection: undefined local variable or method 'connection_config' for class Note
  [1m[36mNote Count (0.0ms)[0m  [1m[34mSELECT COUNT(*) FROM "notes" /*action='index',application='Web',controller='notes'*/[0m
  ↳ app/controllers/notes_controller.rb:5:in 'NotesController#index'
  Rendering layout layouts/application.html.erb
  Rendering notes/index.html.erb within layouts/application
  [1m[36mNote Load (0.1ms)[0m  [1m[34mSELECT "notes".* FROM "notes" ORDER BY "notes"."created_at" DESC LIMIT 8 OFFSET 24 /*action='index',application='Web',controller='notes'*/[0m
  ↳ app/views/notes/index.html.erb:24
  Rendered notes/index.html.erb within layouts/application (Duration: 4.0ms | GC: 0.1ms)
  Rendered shared/_header.html.erb (Duration: 1.4ms | GC: 0.0ms)
  Rendered layout layouts/application.html.erb (Duration: 8.4ms | GC: 0.1ms)
Completed 200 OK in 66ms (Views: 12.1ms | ActiveRecord: 2.4ms (4 queries, 0 cached) | GC: 0.7ms)


[ActionCable] Broadcasting to hotwire_spark: {action: :reload_html, path: "/notes/index.html.erb"}
Hotwire::Spark::Channel transmitting {"action" => "reload_html", "path" => "/notes/index.html.erb"} (via streamed from hotwire_spark)
Started GET "/1/notes?page=4&hotwire_spark=true&reload=1742223543947" for ::1 at 2025-03-17 14:59:03 +0000
Processing by NotesController#index as HTML
  Parameters: {"page" => "4", "hotwire_spark" => "true", "reload" => "1742223543947", "user_id" => "1"}
  [1m[36mSession Load (0.2ms)[0m  [1m[34mSELECT "sessions".* FROM "sessions" WHERE "sessions"."id" = 4 LIMIT 1 /*action='index',application='Web',controller='notes'*/[0m
  ↳ app/controllers/application_controller.rb:15:in 'ApplicationController#authenticate'
  [1m[36mUser Load (0.0ms)[0m  [1m[34mSELECT "users".* FROM "users" WHERE "users"."id" = 1 LIMIT 1 /*action='index',application='Web',controller='notes'*/[0m
  ↳ app/controllers/application_controller.rb:17:in 'ApplicationController#authenticate'
Error checking database connection: undefined local variable or method 'connection_config' for class Note
  [1m[36mNote Count (0.0ms)[0m  [1m[34mSELECT COUNT(*) FROM "notes" /*action='index',application='Web',controller='notes'*/[0m
  ↳ app/controllers/notes_controller.rb:5:in 'NotesController#index'
  Rendering layout layouts/application.html.erb
  Rendering notes/index.html.erb within layouts/application
  [1m[36mNote Load (0.1ms)[0m  [1m[34mSELECT "notes".* FROM "notes" ORDER BY "notes"."created_at" DESC LIMIT 8 OFFSET 24 /*action='index',application='Web',controller='notes'*/[0m
  ↳ app/views/notes/index.html.erb:24
  Rendered notes/index.html.erb within layouts/application (Duration: 4.1ms | GC: 0.2ms)
  Rendered shared/_header.html.erb (Duration: 1.7ms | GC: 0.0ms)
  Rendered layout layouts/application.html.erb (Duration: 9.6ms | GC: 0.4ms)
Completed 200 OK in 64ms (Views: 13.3ms | ActiveRecord: 2.2ms (4 queries, 0 cached) | GC: 0.8ms)


[ActionCable] Broadcasting to hotwire_spark: {action: :reload_html, path: "/notes/index.html.erb"}
Hotwire::Spark::Channel transmitting {"action" => "reload_html", "path" => "/notes/index.html.erb"} (via streamed from hotwire_spark)
Started GET "/1/notes?page=4&hotwire_spark=true&reload=1742223566112" for ::1 at 2025-03-17 14:59:26 +0000
Processing by NotesController#index as HTML
  Parameters: {"page" => "4", "hotwire_spark" => "true", "reload" => "1742223566112", "user_id" => "1"}
  [1m[36mSession Load (0.2ms)[0m  [1m[34mSELECT "sessions".* FROM "sessions" WHERE "sessions"."id" = 4 LIMIT 1 /*action='index',application='Web',controller='notes'*/[0m
  ↳ app/controllers/application_controller.rb:15:in 'ApplicationController#authenticate'
  [1m[36mUser Load (0.0ms)[0m  [1m[34mSELECT "users".* FROM "users" WHERE "users"."id" = 1 LIMIT 1 /*action='index',application='Web',controller='notes'*/[0m
  ↳ app/controllers/application_controller.rb:17:in 'ApplicationController#authenticate'
Error checking database connection: undefined local variable or method 'connection_config' for class Note
  [1m[36mNote Count (0.0ms)[0m  [1m[34mSELECT COUNT(*) FROM "notes" /*action='index',application='Web',controller='notes'*/[0m
  ↳ app/controllers/notes_controller.rb:5:in 'NotesController#index'
  Rendering layout layouts/application.html.erb
  Rendering notes/index.html.erb within layouts/application
  [1m[36mNote Load (0.1ms)[0m  [1m[34mSELECT "notes".* FROM "notes" ORDER BY "notes"."created_at" DESC LIMIT 8 OFFSET 24 /*action='index',application='Web',controller='notes'*/[0m
  ↳ app/views/notes/index.html.erb:24
  Rendered notes/index.html.erb within layouts/application (Duration: 3.7ms | GC: 0.0ms)
  Rendered shared/_header.html.erb (Duration: 2.5ms | GC: 0.0ms)
  Rendered layout layouts/application.html.erb (Duration: 9.0ms | GC: 0.0ms)
Completed 200 OK in 64ms (Views: 12.9ms | ActiveRecord: 2.2ms (4 queries, 0 cached) | GC: 0.0ms)


[ActionCable] Broadcasting to hotwire_spark: {action: :reload_html, path: "/notes/index.html.erb"}
Hotwire::Spark::Channel transmitting {"action" => "reload_html", "path" => "/notes/index.html.erb"} (via streamed from hotwire_spark)
Started GET "/1/notes?page=4&hotwire_spark=true&reload=1742223575075" for ::1 at 2025-03-17 14:59:35 +0000
Processing by NotesController#index as HTML
  Parameters: {"page" => "4", "hotwire_spark" => "true", "reload" => "1742223575075", "user_id" => "1"}
  [1m[36mSession Load (0.2ms)[0m  [1m[34mSELECT "sessions".* FROM "sessions" WHERE "sessions"."id" = 4 LIMIT 1 /*action='index',application='Web',controller='notes'*/[0m
  ↳ app/controllers/application_controller.rb:15:in 'ApplicationController#authenticate'
  [1m[36mUser Load (0.0ms)[0m  [1m[34mSELECT "users".* FROM "users" WHERE "users"."id" = 1 LIMIT 1 /*action='index',application='Web',controller='notes'*/[0m
  ↳ app/controllers/application_controller.rb:17:in 'ApplicationController#authenticate'
Error checking database connection: undefined local variable or method 'connection_config' for class Note
  [1m[36mNote Count (0.0ms)[0m  [1m[34mSELECT COUNT(*) FROM "notes" /*action='index',application='Web',controller='notes'*/[0m
  ↳ app/controllers/notes_controller.rb:5:in 'NotesController#index'
  Rendering layout layouts/application.html.erb
  Rendering notes/index.html.erb within layouts/application
  [1m[36mNote Load (0.1ms)[0m  [1m[34mSELECT "notes".* FROM "notes" ORDER BY "notes"."created_at" DESC LIMIT 8 OFFSET 24 /*action='index',application='Web',controller='notes'*/[0m
  ↳ app/views/notes/index.html.erb:24
  Rendered notes/index.html.erb within layouts/application (Duration: 4.0ms | GC: 0.3ms)
  Rendered shared/_header.html.erb (Duration: 0.9ms | GC: 0.0ms)
  Rendered layout layouts/application.html.erb (Duration: 7.3ms | GC: 0.3ms)
Completed 200 OK in 62ms (Views: 10.0ms | ActiveRecord: 2.4ms (4 queries, 0 cached) | GC: 1.4ms)


[ActionCable] Broadcasting to hotwire_spark: {action: :reload_html, path: "/notes/index.html.erb"}
Hotwire::Spark::Channel transmitting {"action" => "reload_html", "path" => "/notes/index.html.erb"} (via streamed from hotwire_spark)
Started GET "/1/notes?page=4&hotwire_spark=true&reload=1742223699105" for ::1 at 2025-03-17 15:01:39 +0000
Processing by NotesController#index as HTML
  Parameters: {"page" => "4", "hotwire_spark" => "true", "reload" => "1742223699105", "user_id" => "1"}
  [1m[36mSession Load (0.2ms)[0m  [1m[34mSELECT "sessions".* FROM "sessions" WHERE "sessions"."id" = 4 LIMIT 1 /*action='index',application='Web',controller='notes'*/[0m
  ↳ app/controllers/application_controller.rb:15:in 'ApplicationController#authenticate'
  [1m[36mUser Load (0.0ms)[0m  [1m[34mSELECT "users".* FROM "users" WHERE "users"."id" = 1 LIMIT 1 /*action='index',application='Web',controller='notes'*/[0m
  ↳ app/controllers/application_controller.rb:17:in 'ApplicationController#authenticate'
Error checking database connection: undefined local variable or method 'connection_config' for class Note
  [1m[36mNote Count (0.0ms)[0m  [1m[34mSELECT COUNT(*) FROM "notes" /*action='index',application='Web',controller='notes'*/[0m
  ↳ app/controllers/notes_controller.rb:5:in 'NotesController#index'
  Rendering layout layouts/application.html.erb
  Rendering notes/index.html.erb within layouts/application
  [1m[36mNote Load (0.1ms)[0m  [1m[34mSELECT "notes".* FROM "notes" ORDER BY "notes"."created_at" DESC LIMIT 8 OFFSET 24 /*action='index',application='Web',controller='notes'*/[0m
  ↳ app/views/notes/index.html.erb:24
  Rendered notes/index.html.erb within layouts/application (Duration: 3.4ms | GC: 0.0ms)
  Rendered shared/_header.html.erb (Duration: 0.9ms | GC: 0.0ms)
  Rendered layout layouts/application.html.erb (Duration: 6.3ms | GC: 0.1ms)
Completed 200 OK in 62ms (Views: 8.5ms | ActiveRecord: 2.3ms (4 queries, 0 cached) | GC: 0.7ms)


Started GET "/1/notes?page=4" for ::1 at 2025-03-17 15:01:40 +0000
Processing by NotesController#index as HTML
  Parameters: {"page" => "4", "user_id" => "1"}
  [1m[36mSession Load (0.1ms)[0m  [1m[34mSELECT "sessions".* FROM "sessions" WHERE "sessions"."id" = 4 LIMIT 1 /*action='index',application='Web',controller='notes'*/[0m
  ↳ app/controllers/application_controller.rb:15:in 'ApplicationController#authenticate'
  [1m[36mUser Load (0.0ms)[0m  [1m[34mSELECT "users".* FROM "users" WHERE "users"."id" = 1 LIMIT 1 /*action='index',application='Web',controller='notes'*/[0m
  ↳ app/controllers/application_controller.rb:17:in 'ApplicationController#authenticate'
Error checking database connection: undefined local variable or method 'connection_config' for class Note
  [1m[36mNote Count (0.0ms)[0m  [1m[34mSELECT COUNT(*) FROM "notes" /*action='index',application='Web',controller='notes'*/[0m
  ↳ app/controllers/notes_controller.rb:5:in 'NotesController#index'
  Rendering layout layouts/application.html.erb
  Rendering notes/index.html.erb within layouts/application
  [1m[36mNote Load (0.1ms)[0m  [1m[34mSELECT "notes".* FROM "notes" ORDER BY "notes"."created_at" DESC LIMIT 8 OFFSET 24 /*action='index',application='Web',controller='notes'*/[0m
  ↳ app/views/notes/index.html.erb:24
  Rendered notes/index.html.erb within layouts/application (Duration: 0.6ms | GC: 0.0ms)
  Rendered shared/_header.html.erb (Duration: 0.1ms | GC: 0.0ms)
  Rendered layout layouts/application.html.erb (Duration: 1.9ms | GC: 0.0ms)
Completed 200 OK in 69ms (Views: 2.1ms | ActiveRecord: 0.6ms (4 queries, 0 cached) | GC: 0.1ms)


Finished "/hotwire-spark" [WebSocket] for ::1 at 2025-03-17 15:01:40 +0000
Hotwire::Spark::Channel stopped streaming from hotwire_spark
Started GET "/hotwire-spark" for ::1 at 2025-03-17 15:01:40 +0000
Started GET "/hotwire-spark" [WebSocket] for ::1 at 2025-03-17 15:01:40 +0000
Successfully upgraded to WebSocket (REQUEST_METHOD: GET, HTTP_CONNECTION: Upgrade, HTTP_UPGRADE: websocket)
Hotwire::Spark::Channel is transmitting the subscription confirmation
Hotwire::Spark::Channel is streaming from hotwire_spark
Started GET "/1/notes?page=4" for ::1 at 2025-03-17 15:02:35 +0000
Processing by NotesController#index as HTML
  Parameters: {"page" => "4", "user_id" => "1"}
  [1m[36mSession Load (0.3ms)[0m  [1m[34mSELECT "sessions".* FROM "sessions" WHERE "sessions"."id" = 4 LIMIT 1 /*action='index',application='Web',controller='notes'*/[0m
  ↳ app/controllers/application_controller.rb:15:in 'ApplicationController#authenticate'
  [1m[36mUser Load (0.0ms)[0m  [1m[34mSELECT "users".* FROM "users" WHERE "users"."id" = 1 LIMIT 1 /*action='index',application='Web',controller='notes'*/[0m
  ↳ app/controllers/application_controller.rb:17:in 'ApplicationController#authenticate'
Error checking database connection: undefined local variable or method 'connection_config' for class Note
  [1m[36mNote Count (0.0ms)[0m  [1m[34mSELECT COUNT(*) FROM "notes" /*action='index',application='Web',controller='notes'*/[0m
  ↳ app/controllers/notes_controller.rb:5:in 'NotesController#index'
  Rendering layout layouts/application.html.erb
  Rendering notes/index.html.erb within layouts/application
  [1m[36mNote Load (0.1ms)[0m  [1m[34mSELECT "notes".* FROM "notes" ORDER BY "notes"."created_at" DESC LIMIT 8 OFFSET 24 /*action='index',application='Web',controller='notes'*/[0m
  ↳ app/views/notes/index.html.erb:24
  Rendered notes/index.html.erb within layouts/application (Duration: 0.6ms | GC: 0.0ms)
  Rendered shared/_header.html.erb (Duration: 0.1ms | GC: 0.0ms)
  Rendered layout layouts/application.html.erb (Duration: 1.1ms | GC: 0.0ms)
Completed 200 OK in 59ms (Views: 1.3ms | ActiveRecord: 0.8ms (4 queries, 0 cached) | GC: 0.1ms)


Finished "/hotwire-spark" [WebSocket] for ::1 at 2025-03-17 15:02:35 +0000
Hotwire::Spark::Channel stopped streaming from hotwire_spark
Started GET "/hotwire-spark" for ::1 at 2025-03-17 15:02:35 +0000
Started GET "/hotwire-spark" [WebSocket] for ::1 at 2025-03-17 15:02:35 +0000
Successfully upgraded to WebSocket (REQUEST_METHOD: GET, HTTP_CONNECTION: Upgrade, HTTP_UPGRADE: websocket)
Hotwire::Spark::Channel is transmitting the subscription confirmation
Hotwire::Spark::Channel is streaming from hotwire_spark
Started GET "/1/notes?page=4" for ::1 at 2025-03-17 15:02:35 +0000
Processing by NotesController#index as HTML
  Parameters: {"page" => "4", "user_id" => "1"}
  [1m[36mSession Load (0.1ms)[0m  [1m[34mSELECT "sessions".* FROM "sessions" WHERE "sessions"."id" = 4 LIMIT 1 /*action='index',application='Web',controller='notes'*/[0m
  ↳ app/controllers/application_controller.rb:15:in 'ApplicationController#authenticate'
  [1m[36mUser Load (0.0ms)[0m  [1m[34mSELECT "users".* FROM "users" WHERE "users"."id" = 1 LIMIT 1 /*action='index',application='Web',controller='notes'*/[0m
  ↳ app/controllers/application_controller.rb:17:in 'ApplicationController#authenticate'
Error checking database connection: undefined local variable or method 'connection_config' for class Note
  [1m[36mNote Count (0.0ms)[0m  [1m[34mSELECT COUNT(*) FROM "notes" /*action='index',application='Web',controller='notes'*/[0m
  ↳ app/controllers/notes_controller.rb:5:in 'NotesController#index'
  Rendering layout layouts/application.html.erb
  Rendering notes/index.html.erb within layouts/application
  [1m[36mNote Load (0.0ms)[0m  [1m[34mSELECT "notes".* FROM "notes" ORDER BY "notes"."created_at" DESC LIMIT 8 OFFSET 24 /*action='index',application='Web',controller='notes'*/[0m
  ↳ app/views/notes/index.html.erb:24
  Rendered notes/index.html.erb within layouts/application (Duration: 0.5ms | GC: 0.0ms)
  Rendered shared/_header.html.erb (Duration: 0.1ms | GC: 0.0ms)
  Rendered layout layouts/application.html.erb (Duration: 0.9ms | GC: 0.0ms)
Completed 200 OK in 41ms (Views: 1.0ms | ActiveRecord: 0.4ms (4 queries, 0 cached) | GC: 0.0ms)


Finished "/hotwire-spark" [WebSocket] for ::1 at 2025-03-17 15:02:35 +0000
Hotwire::Spark::Channel stopped streaming from hotwire_spark
Started GET "/hotwire-spark" for ::1 at 2025-03-17 15:02:35 +0000
Started GET "/hotwire-spark" [WebSocket] for ::1 at 2025-03-17 15:02:35 +0000
Successfully upgraded to WebSocket (REQUEST_METHOD: GET, HTTP_CONNECTION: Upgrade, HTTP_UPGRADE: websocket)
Hotwire::Spark::Channel is transmitting the subscription confirmation
Hotwire::Spark::Channel is streaming from hotwire_spark
[ActionCable] Broadcasting to hotwire_spark: {action: :reload_html, path: "/notes/index.html.erb"}
Hotwire::Spark::Channel transmitting {"action" => "reload_html", "path" => "/notes/index.html.erb"} (via streamed from hotwire_spark)
Started GET "/1/notes?page=4&hotwire_spark=true&reload=1742223869476" for ::1 at 2025-03-17 15:04:29 +0000
Processing by NotesController#index as HTML
  Parameters: {"page" => "4", "hotwire_spark" => "true", "reload" => "1742223869476", "user_id" => "1"}
  [1m[36mSession Load (0.2ms)[0m  [1m[34mSELECT "sessions".* FROM "sessions" WHERE "sessions"."id" = 4 LIMIT 1 /*action='index',application='Web',controller='notes'*/[0m
  ↳ app/controllers/application_controller.rb:15:in 'ApplicationController#authenticate'
  [1m[36mUser Load (0.0ms)[0m  [1m[34mSELECT "users".* FROM "users" WHERE "users"."id" = 1 LIMIT 1 /*action='index',application='Web',controller='notes'*/[0m
  ↳ app/controllers/application_controller.rb:17:in 'ApplicationController#authenticate'
Error checking database connection: undefined local variable or method 'connection_config' for class Note
  [1m[36mNote Count (0.0ms)[0m  [1m[34mSELECT COUNT(*) FROM "notes" /*action='index',application='Web',controller='notes'*/[0m
  ↳ app/controllers/notes_controller.rb:5:in 'NotesController#index'
  Rendering layout layouts/application.html.erb
  Rendering notes/index.html.erb within layouts/application
  [1m[36mNote Load (0.1ms)[0m  [1m[34mSELECT "notes".* FROM "notes" ORDER BY "notes"."created_at" DESC LIMIT 8 OFFSET 24 /*action='index',application='Web',controller='notes'*/[0m
  ↳ app/views/notes/index.html.erb:24
  Rendered notes/index.html.erb within layouts/application (Duration: 6.0ms | GC: 2.2ms)
  Rendered shared/_header.html.erb (Duration: 1.6ms | GC: 0.4ms)
  Rendered layout layouts/application.html.erb (Duration: 12.9ms | GC: 5.6ms)
Completed 200 OK in 87ms (Views: 15.6ms | ActiveRecord: 2.4ms (4 queries, 0 cached) | GC: 21.7ms)


Started GET "/1/notes?page=4" for ::1 at 2025-03-17 15:04:34 +0000
Processing by NotesController#index as HTML
  Parameters: {"page" => "4", "user_id" => "1"}
  [1m[36mSession Load (0.2ms)[0m  [1m[34mSELECT "sessions".* FROM "sessions" WHERE "sessions"."id" = 4 LIMIT 1 /*action='index',application='Web',controller='notes'*/[0m
  ↳ app/controllers/application_controller.rb:15:in 'ApplicationController#authenticate'
  [1m[36mUser Load (0.0ms)[0m  [1m[34mSELECT "users".* FROM "users" WHERE "users"."id" = 1 LIMIT 1 /*action='index',application='Web',controller='notes'*/[0m
  ↳ app/controllers/application_controller.rb:17:in 'ApplicationController#authenticate'
Error checking database connection: undefined local variable or method 'connection_config' for class Note
  [1m[36mNote Count (0.0ms)[0m  [1m[34mSELECT COUNT(*) FROM "notes" /*action='index',application='Web',controller='notes'*/[0m
  ↳ app/controllers/notes_controller.rb:5:in 'NotesController#index'
  Rendering layout layouts/application.html.erb
  Rendering notes/index.html.erb within layouts/application
  [1m[36mNote Load (0.1ms)[0m  [1m[34mSELECT "notes".* FROM "notes" ORDER BY "notes"."created_at" DESC LIMIT 8 OFFSET 24 /*action='index',application='Web',controller='notes'*/[0m
  ↳ app/views/notes/index.html.erb:24
  Rendered notes/index.html.erb within layouts/application (Duration: 1.3ms | GC: 0.4ms)
  Rendered shared/_header.html.erb (Duration: 0.1ms | GC: 0.0ms)
  Rendered layout layouts/application.html.erb (Duration: 3.6ms | GC: 1.6ms)
Completed 200 OK in 63ms (Views: 3.9ms | ActiveRecord: 1.0ms (4 queries, 0 cached) | GC: 4.7ms)


Finished "/hotwire-spark" [WebSocket] for ::1 at 2025-03-17 15:04:34 +0000
Hotwire::Spark::Channel stopped streaming from hotwire_spark
Started GET "/hotwire-spark" for ::1 at 2025-03-17 15:04:34 +0000
Started GET "/hotwire-spark" [WebSocket] for ::1 at 2025-03-17 15:04:34 +0000
Successfully upgraded to WebSocket (REQUEST_METHOD: GET, HTTP_CONNECTION: Upgrade, HTTP_UPGRADE: websocket)
Hotwire::Spark::Channel is transmitting the subscription confirmation
Hotwire::Spark::Channel is streaming from hotwire_spark
Started GET "/1/notes?page=4" for ::1 at 2025-03-17 15:04:35 +0000
Processing by NotesController#index as HTML
  Parameters: {"page" => "4", "user_id" => "1"}
  [1m[36mSession Load (0.1ms)[0m  [1m[34mSELECT "sessions".* FROM "sessions" WHERE "sessions"."id" = 4 LIMIT 1 /*action='index',application='Web',controller='notes'*/[0m
  ↳ app/controllers/application_controller.rb:15:in 'ApplicationController#authenticate'
  [1m[36mUser Load (0.0ms)[0m  [1m[34mSELECT "users".* FROM "users" WHERE "users"."id" = 1 LIMIT 1 /*action='index',application='Web',controller='notes'*/[0m
  ↳ app/controllers/application_controller.rb:17:in 'ApplicationController#authenticate'
Error checking database connection: undefined local variable or method 'connection_config' for class Note
  [1m[36mNote Count (0.0ms)[0m  [1m[34mSELECT COUNT(*) FROM "notes" /*action='index',application='Web',controller='notes'*/[0m
  ↳ app/controllers/notes_controller.rb:5:in 'NotesController#index'
  Rendering layout layouts/application.html.erb
  Rendering notes/index.html.erb within layouts/application
  [1m[36mNote Load (0.1ms)[0m  [1m[34mSELECT "notes".* FROM "notes" ORDER BY "notes"."created_at" DESC LIMIT 8 OFFSET 24 /*action='index',application='Web',controller='notes'*/[0m
  ↳ app/views/notes/index.html.erb:24
  Rendered notes/index.html.erb within layouts/application (Duration: 0.7ms | GC: 0.0ms)
  Rendered shared/_header.html.erb (Duration: 0.1ms | GC: 0.0ms)
  Rendered layout layouts/application.html.erb (Duration: 1.2ms | GC: 0.0ms)
Completed 200 OK in 65ms (Views: 1.4ms | ActiveRecord: 0.6ms (4 queries, 0 cached) | GC: 0.4ms)


Finished "/hotwire-spark" [WebSocket] for ::1 at 2025-03-17 15:04:35 +0000
Hotwire::Spark::Channel stopped streaming from hotwire_spark
Started GET "/hotwire-spark" for ::1 at 2025-03-17 15:04:35 +0000
Started GET "/hotwire-spark" [WebSocket] for ::1 at 2025-03-17 15:04:35 +0000
Successfully upgraded to WebSocket (REQUEST_METHOD: GET, HTTP_CONNECTION: Upgrade, HTTP_UPGRADE: websocket)
Hotwire::Spark::Channel is transmitting the subscription confirmation
Hotwire::Spark::Channel is streaming from hotwire_spark
[ActionCable] Broadcasting to hotwire_spark: {action: :reload_html, path: "/notes/index.html.erb"}
Hotwire::Spark::Channel transmitting {"action" => "reload_html", "path" => "/notes/index.html.erb"} (via streamed from hotwire_spark)
Started GET "/1/notes?page=4&hotwire_spark=true&reload=1742224329848" for ::1 at 2025-03-17 15:12:09 +0000
Processing by NotesController#index as HTML
  Parameters: {"page" => "4", "hotwire_spark" => "true", "reload" => "1742224329848", "user_id" => "1"}
  [1m[36mSession Load (1.2ms)[0m  [1m[34mSELECT "sessions".* FROM "sessions" WHERE "sessions"."id" = 4 LIMIT 1 /*action='index',application='Web',controller='notes'*/[0m
  ↳ app/controllers/application_controller.rb:15:in 'ApplicationController#authenticate'
  [1m[36mUser Load (0.3ms)[0m  [1m[34mSELECT "users".* FROM "users" WHERE "users"."id" = 1 LIMIT 1 /*action='index',application='Web',controller='notes'*/[0m
  ↳ app/controllers/application_controller.rb:17:in 'ApplicationController#authenticate'
Error checking database connection: undefined local variable or method 'connection_config' for class Note
  [1m[36mNote Count (0.0ms)[0m  [1m[34mSELECT COUNT(*) FROM "notes" /*action='index',application='Web',controller='notes'*/[0m
  ↳ app/controllers/notes_controller.rb:5:in 'NotesController#index'
  Rendering layout layouts/application.html.erb
  Rendering notes/index.html.erb within layouts/application
  [1m[36mNote Load (0.2ms)[0m  [1m[34mSELECT "notes".* FROM "notes" ORDER BY "notes"."created_at" DESC LIMIT 8 OFFSET 24 /*action='index',application='Web',controller='notes'*/[0m
  ↳ app/views/notes/index.html.erb:24
  Rendered notes/index.html.erb within layouts/application (Duration: 3.7ms | GC: 0.1ms)
  Rendered shared/_header.html.erb (Duration: 1.3ms | GC: 0.0ms)
  Rendered layout layouts/application.html.erb (Duration: 7.2ms | GC: 0.3ms)
Completed 200 OK in 64ms (Views: 9.3ms | ActiveRecord: 2.1ms (4 queries, 0 cached) | GC: 1.0ms)


Started GET "/1/notes?page=4" for ::1 at 2025-03-17 15:12:16 +0000
Processing by NotesController#index as HTML
  Parameters: {"page" => "4", "user_id" => "1"}
  [1m[36mSession Load (0.2ms)[0m  [1m[34mSELECT "sessions".* FROM "sessions" WHERE "sessions"."id" = 4 LIMIT 1 /*action='index',application='Web',controller='notes'*/[0m
  ↳ app/controllers/application_controller.rb:15:in 'ApplicationController#authenticate'
  [1m[36mUser Load (0.0ms)[0m  [1m[34mSELECT "users".* FROM "users" WHERE "users"."id" = 1 LIMIT 1 /*action='index',application='Web',controller='notes'*/[0m
  ↳ app/controllers/application_controller.rb:17:in 'ApplicationController#authenticate'
Error checking database connection: undefined local variable or method 'connection_config' for class Note
  [1m[36mNote Count (0.0ms)[0m  [1m[34mSELECT COUNT(*) FROM "notes" /*action='index',application='Web',controller='notes'*/[0m
  ↳ app/controllers/notes_controller.rb:5:in 'NotesController#index'
  Rendering layout layouts/application.html.erb
  Rendering notes/index.html.erb within layouts/application
  [1m[36mNote Load (0.1ms)[0m  [1m[34mSELECT "notes".* FROM "notes" ORDER BY "notes"."created_at" DESC LIMIT 8 OFFSET 24 /*action='index',application='Web',controller='notes'*/[0m
  ↳ app/views/notes/index.html.erb:24
  Rendered notes/index.html.erb within layouts/application (Duration: 0.8ms | GC: 0.2ms)
  Rendered shared/_header.html.erb (Duration: 0.1ms | GC: 0.0ms)
  Rendered layout layouts/application.html.erb (Duration: 2.1ms | GC: 0.2ms)
Completed 200 OK in 60ms (Views: 2.3ms | ActiveRecord: 0.7ms (4 queries, 0 cached) | GC: 0.2ms)


Finished "/hotwire-spark" [WebSocket] for ::1 at 2025-03-17 15:12:17 +0000
Hotwire::Spark::Channel stopped streaming from hotwire_spark
Started GET "/hotwire-spark" for ::1 at 2025-03-17 15:12:17 +0000
Started GET "/hotwire-spark" [WebSocket] for ::1 at 2025-03-17 15:12:17 +0000
Successfully upgraded to WebSocket (REQUEST_METHOD: GET, HTTP_CONNECTION: Upgrade, HTTP_UPGRADE: websocket)
Hotwire::Spark::Channel is transmitting the subscription confirmation
Hotwire::Spark::Channel is streaming from hotwire_spark
Started GET "/1/notes?page=4" for ::1 at 2025-03-17 15:12:17 +0000
Processing by NotesController#index as HTML
  Parameters: {"page" => "4", "user_id" => "1"}
  [1m[36mSession Load (0.1ms)[0m  [1m[34mSELECT "sessions".* FROM "sessions" WHERE "sessions"."id" = 4 LIMIT 1 /*action='index',application='Web',controller='notes'*/[0m
  ↳ app/controllers/application_controller.rb:15:in 'ApplicationController#authenticate'
  [1m[36mUser Load (0.0ms)[0m  [1m[34mSELECT "users".* FROM "users" WHERE "users"."id" = 1 LIMIT 1 /*action='index',application='Web',controller='notes'*/[0m
  ↳ app/controllers/application_controller.rb:17:in 'ApplicationController#authenticate'
Error checking database connection: undefined local variable or method 'connection_config' for class Note
  [1m[36mNote Count (0.0ms)[0m  [1m[34mSELECT COUNT(*) FROM "notes" /*action='index',application='Web',controller='notes'*/[0m
  ↳ app/controllers/notes_controller.rb:5:in 'NotesController#index'
  Rendering layout layouts/application.html.erb
  Rendering notes/index.html.erb within layouts/application
  [1m[36mNote Load (0.1ms)[0m  [1m[34mSELECT "notes".* FROM "notes" ORDER BY "notes"."created_at" DESC LIMIT 8 OFFSET 24 /*action='index',application='Web',controller='notes'*/[0m
  ↳ app/views/notes/index.html.erb:24
  Rendered notes/index.html.erb within layouts/application (Duration: 0.7ms | GC: 0.0ms)
  Rendered shared/_header.html.erb (Duration: 0.1ms | GC: 0.0ms)
  Rendered layout layouts/application.html.erb (Duration: 1.3ms | GC: 0.2ms)
Completed 200 OK in 61ms (Views: 1.5ms | ActiveRecord: 0.6ms (4 queries, 0 cached) | GC: 0.2ms)


Finished "/hotwire-spark" [WebSocket] for ::1 at 2025-03-17 15:12:17 +0000
Hotwire::Spark::Channel stopped streaming from hotwire_spark
Started GET "/hotwire-spark" for ::1 at 2025-03-17 15:12:17 +0000
Started GET "/hotwire-spark" [WebSocket] for ::1 at 2025-03-17 15:12:17 +0000
Successfully upgraded to WebSocket (REQUEST_METHOD: GET, HTTP_CONNECTION: Upgrade, HTTP_UPGRADE: websocket)
Hotwire::Spark::Channel is transmitting the subscription confirmation
Hotwire::Spark::Channel is streaming from hotwire_spark
Started GET "/1/notes?page=4" for ::1 at 2025-03-17 15:12:17 +0000
Processing by NotesController#index as HTML
  Parameters: {"page" => "4", "user_id" => "1"}
  [1m[36mSession Load (0.1ms)[0m  [1m[34mSELECT "sessions".* FROM "sessions" WHERE "sessions"."id" = 4 LIMIT 1 /*action='index',application='Web',controller='notes'*/[0m
  ↳ app/controllers/application_controller.rb:15:in 'ApplicationController#authenticate'
  [1m[36mUser Load (0.0ms)[0m  [1m[34mSELECT "users".* FROM "users" WHERE "users"."id" = 1 LIMIT 1 /*action='index',application='Web',controller='notes'*/[0m
  ↳ app/controllers/application_controller.rb:17:in 'ApplicationController#authenticate'
Error checking database connection: undefined local variable or method 'connection_config' for class Note
  [1m[36mNote Count (0.0ms)[0m  [1m[34mSELECT COUNT(*) FROM "notes" /*action='index',application='Web',controller='notes'*/[0m
  ↳ app/controllers/notes_controller.rb:5:in 'NotesController#index'
  Rendering layout layouts/application.html.erb
  Rendering notes/index.html.erb within layouts/application
  [1m[36mNote Load (0.1ms)[0m  [1m[34mSELECT "notes".* FROM "notes" ORDER BY "notes"."created_at" DESC LIMIT 8 OFFSET 24 /*action='index',application='Web',controller='notes'*/[0m
  ↳ app/views/notes/index.html.erb:24
  Rendered notes/index.html.erb within layouts/application (Duration: 0.7ms | GC: 0.0ms)
  Rendered shared/_header.html.erb (Duration: 0.1ms | GC: 0.0ms)
  Rendered layout layouts/application.html.erb (Duration: 1.2ms | GC: 0.0ms)
Completed 200 OK in 66ms (Views: 1.3ms | ActiveRecord: 0.6ms (4 queries, 0 cached) | GC: 0.2ms)


Finished "/hotwire-spark" [WebSocket] for ::1 at 2025-03-17 15:12:17 +0000
Hotwire::Spark::Channel stopped streaming from hotwire_spark
Started GET "/hotwire-spark" for ::1 at 2025-03-17 15:12:17 +0000
Started GET "/hotwire-spark" [WebSocket] for ::1 at 2025-03-17 15:12:17 +0000
Successfully upgraded to WebSocket (REQUEST_METHOD: GET, HTTP_CONNECTION: Upgrade, HTTP_UPGRADE: websocket)
Hotwire::Spark::Channel is transmitting the subscription confirmation
Hotwire::Spark::Channel is streaming from hotwire_spark
Started GET "/1/notes?page=3" for ::1 at 2025-03-17 15:12:53 +0000
Processing by NotesController#index as HTML
  Parameters: {"page" => "3", "user_id" => "1"}
  [1m[36mSession Load (0.1ms)[0m  [1m[34mSELECT "sessions".* FROM "sessions" WHERE "sessions"."id" = 4 LIMIT 1 /*action='index',application='Web',controller='notes'*/[0m
  ↳ app/controllers/application_controller.rb:15:in 'ApplicationController#authenticate'
  [1m[36mUser Load (0.0ms)[0m  [1m[34mSELECT "users".* FROM "users" WHERE "users"."id" = 1 LIMIT 1 /*action='index',application='Web',controller='notes'*/[0m
  ↳ app/controllers/application_controller.rb:17:in 'ApplicationController#authenticate'
Error checking database connection: undefined local variable or method 'connection_config' for class Note
  [1m[36mNote Count (0.0ms)[0m  [1m[34mSELECT COUNT(*) FROM "notes" /*action='index',application='Web',controller='notes'*/[0m
  ↳ app/controllers/notes_controller.rb:5:in 'NotesController#index'
  Rendering layout layouts/application.html.erb
  Rendering notes/index.html.erb within layouts/application
  [1m[36mNote Load (0.1ms)[0m  [1m[34mSELECT "notes".* FROM "notes" ORDER BY "notes"."created_at" DESC LIMIT 8 OFFSET 16 /*action='index',application='Web',controller='notes'*/[0m
  ↳ app/views/notes/index.html.erb:24
  Rendered notes/index.html.erb within layouts/application (Duration: 2.0ms | GC: 0.2ms)
  Rendered shared/_header.html.erb (Duration: 0.1ms | GC: 0.0ms)
  Rendered layout layouts/application.html.erb (Duration: 2.6ms | GC: 0.2ms)
Completed 200 OK in 61ms (Views: 2.8ms | ActiveRecord: 0.6ms (4 queries, 0 cached) | GC: 0.2ms)


Started GET "/1/notes?page=1" for ::1 at 2025-03-17 15:12:53 +0000
Processing by NotesController#index as HTML
  Parameters: {"page" => "1", "user_id" => "1"}
  [1m[36mSession Load (0.1ms)[0m  [1m[34mSELECT "sessions".* FROM "sessions" WHERE "sessions"."id" = 4 LIMIT 1 /*action='index',application='Web',controller='notes'*/[0m
  ↳ app/controllers/application_controller.rb:15:in 'ApplicationController#authenticate'
  [1m[36mUser Load (0.0ms)[0m  [1m[34mSELECT "users".* FROM "users" WHERE "users"."id" = 1 LIMIT 1 /*action='index',application='Web',controller='notes'*/[0m
  ↳ app/controllers/application_controller.rb:17:in 'ApplicationController#authenticate'
Error checking database connection: undefined local variable or method 'connection_config' for class Note
  [1m[36mNote Count (0.0ms)[0m  [1m[34mSELECT COUNT(*) FROM "notes" /*action='index',application='Web',controller='notes'*/[0m
  ↳ app/controllers/notes_controller.rb:5:in 'NotesController#index'
  Rendering layout layouts/application.html.erb
  Rendering notes/index.html.erb within layouts/application
  [1m[36mNote Load (0.0ms)[0m  [1m[34mSELECT "notes".* FROM "notes" ORDER BY "notes"."created_at" DESC LIMIT 8 OFFSET 0 /*action='index',application='Web',controller='notes'*/[0m
  ↳ app/views/notes/index.html.erb:24
  Rendered notes/index.html.erb within layouts/application (Duration: 0.6ms | GC: 0.0ms)
  Rendered shared/_header.html.erb (Duration: 0.1ms | GC: 0.0ms)
  Rendered layout layouts/application.html.erb (Duration: 1.0ms | GC: 0.0ms)
Completed 200 OK in 34ms (Views: 1.1ms | ActiveRecord: 0.4ms (4 queries, 0 cached) | GC: 0.1ms)


Started GET "/1/notes?page=4" for ::1 at 2025-03-17 17:46:42 +0000
Processing by NotesController#index as HTML
  Parameters: {"page" => "4", "user_id" => "1"}
Redirected to http://localhost:3000/sign_in
Filter chain halted as :authenticate rendered or redirected
Completed 302 Found in 50ms (ActiveRecord: 0.0ms (0 queries, 0 cached) | GC: 0.0ms)


Started GET "/sign_in" for ::1 at 2025-03-17 17:46:42 +0000
Processing by SessionsController#new as HTML
Started GET "/1/notes?page=4" for ::1 at 2025-03-17 17:46:43 +0000
Processing by NotesController#index as HTML
  Parameters: {"page" => "4", "user_id" => "1"}
  Rendering layout layouts/application.html.erb
  Rendering sessions/new.html.erb within layouts/application
  Rendered sessions/new.html.erb within layouts/application (Duration: 2.4ms | GC: 0.0ms)
  Rendered shared/_header.html.erb (Duration: 0.0ms | GC: 0.0ms)
  Rendered layout layouts/application.html.erb (Duration: 3.1ms | GC: 0.0ms)
Completed 200 OK in 73ms (Views: 4.2ms | ActiveRecord: 0.0ms (0 queries, 0 cached) | GC: 0.9ms)


Redirected to http://localhost:3000/sign_in
Filter chain halted as :authenticate rendered or redirected
Completed 302 Found in 65ms (ActiveRecord: 0.0ms (0 queries, 0 cached) | GC: 0.7ms)


Started GET "/sign_in" for ::1 at 2025-03-17 17:46:43 +0000
Processing by SessionsController#new as HTML
  Rendering layout layouts/application.html.erb
  Rendering sessions/new.html.erb within layouts/application
  Rendered sessions/new.html.erb within layouts/application (Duration: 0.6ms | GC: 0.0ms)
  Rendered shared/_header.html.erb (Duration: 0.4ms | GC: 0.4ms)
  Rendered layout layouts/application.html.erb (Duration: 1.3ms | GC: 0.4ms)
Completed 200 OK in 26ms (Views: 1.4ms | ActiveRecord: 0.0ms (0 queries, 0 cached) | GC: 0.4ms)


Finished "/hotwire-spark" [WebSocket] for ::1 at 2025-03-17 17:46:43 +0000
Hotwire::Spark::Channel stopped streaming from hotwire_spark
Started GET "/hotwire-spark" for ::1 at 2025-03-17 17:46:43 +0000
Started GET "/hotwire-spark" [WebSocket] for ::1 at 2025-03-17 17:46:43 +0000
Successfully upgraded to WebSocket (REQUEST_METHOD: GET, HTTP_CONNECTION: Upgrade, HTTP_UPGRADE: websocket)
Hotwire::Spark::Channel is transmitting the subscription confirmation
Hotwire::Spark::Channel is streaming from hotwire_spark
Started GET "/sign_in" for ::1 at 2025-03-17 17:46:46 +0000
Processing by SessionsController#new as HTML
  Rendering layout layouts/application.html.erb
  Rendering sessions/new.html.erb within layouts/application
  Rendered sessions/new.html.erb within layouts/application (Duration: 1.4ms | GC: 0.5ms)
  Rendered shared/_header.html.erb (Duration: 0.0ms | GC: 0.0ms)
  Rendered layout layouts/application.html.erb (Duration: 1.8ms | GC: 0.5ms)
Completed 200 OK in 61ms (Views: 2.0ms | ActiveRecord: 0.0ms (0 queries, 0 cached) | GC: 0.5ms)


Finished "/hotwire-spark" [WebSocket] for ::1 at 2025-03-17 17:46:47 +0000
Hotwire::Spark::Channel stopped streaming from hotwire_spark
Started GET "/hotwire-spark" for ::1 at 2025-03-17 17:46:47 +0000
Started GET "/hotwire-spark" [WebSocket] for ::1 at 2025-03-17 17:46:47 +0000
Successfully upgraded to WebSocket (REQUEST_METHOD: GET, HTTP_CONNECTION: Upgrade, HTTP_UPGRADE: websocket)
Hotwire::Spark::Channel is transmitting the subscription confirmation
Hotwire::Spark::Channel is streaming from hotwire_spark
Started GET "/sign_in" for ::1 at 2025-03-17 17:46:47 +0000
Processing by SessionsController#new as HTML
  Rendering layout layouts/application.html.erb
  Rendering sessions/new.html.erb within layouts/application
  Rendered sessions/new.html.erb within layouts/application (Duration: 0.6ms | GC: 0.0ms)
  Rendered shared/_header.html.erb (Duration: 0.0ms | GC: 0.0ms)
  Rendered layout layouts/application.html.erb (Duration: 1.0ms | GC: 0.0ms)
Completed 200 OK in 31ms (Views: 1.1ms | ActiveRecord: 0.0ms (0 queries, 0 cached) | GC: 0.0ms)


Finished "/hotwire-spark" [WebSocket] for ::1 at 2025-03-17 17:46:47 +0000
Hotwire::Spark::Channel stopped streaming from hotwire_spark
Started GET "/hotwire-spark" for ::1 at 2025-03-17 17:46:47 +0000
Started GET "/hotwire-spark" [WebSocket] for ::1 at 2025-03-17 17:46:47 +0000
Successfully upgraded to WebSocket (REQUEST_METHOD: GET, HTTP_CONNECTION: Upgrade, HTTP_UPGRADE: websocket)
Hotwire::Spark::Channel is transmitting the subscription confirmation
Hotwire::Spark::Channel is streaming from hotwire_spark
Started POST "/sign_in" for ::1 at 2025-03-17 17:46:54 +0000
Processing by SessionsController#create as TURBO_STREAM
  Parameters: {"authenticity_token" => "[FILTERED]", "email" => "[FILTERED]", "password" => "[FILTERED]", "commit" => "Sign in"}
  [1m[36mUser Load (1.8ms)[0m  [1m[34mSELECT "users".* FROM "users" WHERE "users"."email" = 'admin@example.com' LIMIT 1 /*action='create',application='Web',controller='sessions'*/[0m
  ↳ app/controllers/sessions_controller.rb:14:in 'SessionsController#create'
  [1m[36mTRANSACTION (0.0ms)[0m  [1m[35mBEGIN immediate TRANSACTION /*action='create',application='Web',controller='sessions'*/[0m
  ↳ app/controllers/sessions_controller.rb:21:in 'SessionsController#create'
  [1m[36mSession Create (0.9ms)[0m  [1m[32mINSERT INTO "sessions" ("user_id", "user_agent", "ip_address", "created_at", "updated_at") VALUES (1, 'Mozilla/5.0 (Macintosh; Intel Mac OS X 10_15_7) AppleWebKit/537.36 (KHTML, like Gecko) Chrome/134.0.0.0 Safari/537.36', '::1', '2025-03-17 17:46:55.090621', '2025-03-17 17:46:55.090621') RETURNING "id" /*action='create',application='Web',controller='sessions'*/[0m
  ↳ app/controllers/sessions_controller.rb:21:in 'SessionsController#create'
  [1m[36mTRANSACTION (0.2ms)[0m  [1m[35mCOMMIT TRANSACTION /*action='create',application='Web',controller='sessions'*/[0m
  ↳ app/controllers/sessions_controller.rb:21:in 'SessionsController#create'
Error checking database connection: undefined local variable or method 'connection_config' for class Note
Redirected to http://localhost:3000/1/notes
Completed 302 Found in 313ms (ActiveRecord: 3.1ms (2 queries, 0 cached) | GC: 0.4ms)


Started GET "/1/notes" for ::1 at 2025-03-17 17:46:55 +0000
Processing by NotesController#index as TURBO_STREAM
  Parameters: {"user_id" => "1"}
  [1m[36mSession Load (0.1ms)[0m  [1m[34mSELECT "sessions".* FROM "sessions" WHERE "sessions"."id" = 5 LIMIT 1 /*action='index',application='Web',controller='notes'*/[0m
  ↳ app/controllers/application_controller.rb:15:in 'ApplicationController#authenticate'
  [1m[36mUser Load (0.0ms)[0m  [1m[34mSELECT "users".* FROM "users" WHERE "users"."id" = 1 LIMIT 1 /*action='index',application='Web',controller='notes'*/[0m
  ↳ app/controllers/application_controller.rb:17:in 'ApplicationController#authenticate'
Error checking database connection: undefined local variable or method 'connection_config' for class Note
  [1m[36mNote Count (0.2ms)[0m  [1m[34mSELECT COUNT(*) FROM "notes" /*action='index',application='Web',controller='notes'*/[0m
  ↳ app/controllers/notes_controller.rb:5:in 'NotesController#index'
  Rendering layout layouts/application.html.erb
  Rendering notes/index.html.erb within layouts/application
  [1m[36mNote Load (0.2ms)[0m  [1m[34mSELECT "notes".* FROM "notes" ORDER BY "notes"."created_at" DESC LIMIT 8 OFFSET 0 /*action='index',application='Web',controller='notes'*/[0m
  ↳ app/views/notes/index.html.erb:24
  Rendered notes/index.html.erb within layouts/application (Duration: 2.1ms | GC: 0.0ms)
  Rendered shared/_header.html.erb (Duration: 0.1ms | GC: 0.0ms)
  Rendered layout layouts/application.html.erb (Duration: 3.3ms | GC: 0.4ms)
Completed 200 OK in 34ms (Views: 3.4ms | ActiveRecord: 0.9ms (4 queries, 0 cached) | GC: 0.9ms)


Started GET "/%23%3CNote::ActiveRecord_Relation:0x000000013b0f7238%3E/notes?page=2" for ::1 at 2025-03-17 17:46:55 +0000
Processing by NotesController#index as HTML
  Parameters: {"page" => "2", "user_id" => "#<Note::ActiveRecord_Relation:0x000000013b0f7238>"}
  [1m[36mSession Load (0.1ms)[0m  [1m[34mSELECT "sessions".* FROM "sessions" WHERE "sessions"."id" = 5 LIMIT 1 /*action='index',application='Web',controller='notes'*/[0m
  ↳ app/controllers/application_controller.rb:15:in 'ApplicationController#authenticate'
  [1m[36mUser Load (0.0ms)[0m  [1m[34mSELECT "users".* FROM "users" WHERE "users"."id" = 1 LIMIT 1 /*action='index',application='Web',controller='notes'*/[0m
  ↳ app/controllers/application_controller.rb:17:in 'ApplicationController#authenticate'
Error checking database connection: undefined local variable or method 'connection_config' for class Note
  [1m[36mNote Count (0.0ms)[0m  [1m[34mSELECT COUNT(*) FROM "notes" /*action='index',application='Web',controller='notes'*/[0m
  ↳ app/controllers/notes_controller.rb:5:in 'NotesController#index'
  Rendering layout /Users/Matt/.local/share/rbenv/versions/3.4.2/lib/ruby/gems/3.4.0/gems/turbo-rails-2.0.13/app/views/layouts/turbo_rails/frame.html.erb
  Rendering notes/index.html.erb within layouts/turbo_rails/frame
  [1m[36mNote Load (0.0ms)[0m  [1m[34mSELECT "notes".* FROM "notes" ORDER BY "notes"."created_at" DESC LIMIT 8 OFFSET 8 /*action='index',application='Web',controller='notes'*/[0m
  ↳ app/views/notes/index.html.erb:24
  Rendered notes/index.html.erb within layouts/turbo_rails/frame (Duration: 1.2ms | GC: 0.4ms)
  Rendered layout /Users/Matt/.local/share/rbenv/versions/3.4.2/lib/ruby/gems/3.4.0/gems/turbo-rails-2.0.13/app/views/layouts/turbo_rails/frame.html.erb (Duration: 1.4ms | GC: 0.4ms)
Completed 200 OK in 30ms (Views: 2.1ms | ActiveRecord: 0.4ms (4 queries, 0 cached) | GC: 0.4ms)


  [1m[36mActiveRecord::SchemaMigration Load (0.7ms)[0m  [1m[34mSELECT "schema_migrations"."version" FROM "schema_migrations" ORDER BY "schema_migrations"."version" ASC /*application='Web'*/[0m
